Fecha,rh12,rh12_arima
2020-01-01,67.580284,0.0
2020-01-02,67.84901,67.57889450161191
2020-01-03,43.002438,67.78265767807486
2020-01-04,35.675102,49.13741468286703
2020-01-05,40.526485,37.48432685031463
2020-01-06,44.422684,39.32860862555858
2020-01-07,35.23704,43.4606563200122
2020-01-08,43.684826,37.50510787500172
2020-01-09,49.902107,41.59894589823584
2020-01-10,52.313377,48.36697072583581
2020-01-11,22.602865,51.71799968895296
2020-01-12,37.03615,29.938818561563394
2020-01-13,46.518257,33.47236394000853
2020-01-14,56.794,44.176988138064026
2020-01-15,64.58712,54.25677097282739
2020-01-16,66.49382,62.66288636781989
2020-01-17,65.24917,66.02302829315116
2020-01-18,58.2748,65.55649202125632
2020-01-19,58.849613,59.99687245843359
2020-01-20,48.215664,58.7076833868522
2020-01-21,58.542416,50.84133925056564
2020-01-22,53.446304,55.992592115652876
2020-01-23,63.370518,54.7046074912534
2020-01-24,53.267365,60.9200865487003
2020-01-25,71.19503,55.76197906903287
2020-01-26,83.77485,66.76843116160687
2020-01-27,48.655476,80.66871115820467
2020-01-28,58.293556,57.326955534757815
2020-01-29,31.304445,55.913775156686604
2020-01-30,52.18863,37.968445437416875
2020-01-31,55.8072,47.03202376813504
2020-02-01,53.8916,54.91372292093565
2020-02-02,57.272118,54.364589245103915
2020-02-03,58.74593,56.4374193902275
2020-02-04,52.833607,58.382024578562806
2020-02-05,40.145805,54.29344474931119
2020-02-06,39.909966,43.27860615368968
2020-02-07,56.94563,39.96819804770101
2020-02-08,55.656242,52.739279062850315
2020-02-09,51.656902,55.97461047816144
2020-02-10,56.98512,52.64439667922004
2020-02-11,61.324154,55.66950619254067
2020-02-12,57.342533,60.252783976957495
2020-02-13,42.069366,58.32565260277715
2020-02-14,52.572445,45.84053102906454
2020-02-15,45.113453,49.97908343836042
2020-02-16,51.99462,46.955185613967494
2020-02-17,51.1843,50.29556070538526
2020-02-18,53.457314,51.38437968526446
2020-02-19,50.39393,52.89607408771631
2020-02-20,53.406624,51.150323655055026
2020-02-21,52.638813,52.66274643642248
2020-02-22,45.00684,52.828396600580746
2020-02-23,49.38282,46.89128411564182
2020-02-24,54.28299,48.30232747714041
2020-02-25,39.69143,53.07306741220461
2020-02-26,25.087706,43.294296438342286
2020-02-27,21.647282,28.693575905233832
2020-02-28,35.85173,22.496772264458862
2020-02-29,45.93892,32.34444709300594
2020-03-01,49.762264,43.44824742570487
2020-03-02,46.738445,48.8182252694025
2020-03-03,46.80162,47.48506948639636
2020-03-04,23.925322,46.78602118210512
2020-03-05,35.009483,29.57380963927345
2020-03-06,29.96288,32.272643918772054
2020-03-07,42.982586,31.2089590056949
2020-03-08,48.997257,39.76783296574706
2020-03-09,43.70631,47.51214805458425
2020-03-10,50.91978,45.01272106045877
2020-03-11,48.432316,49.138670305972155
2020-03-12,51.63206,49.04650670765461
2020-03-13,46.942547,50.84199709590427
2020-03-14,56.936214,48.100455338784194
2020-03-15,60.008423,54.46863360213515
2020-03-16,53.65249,59.2498503252707
2020-03-17,47.186024,55.22186145103418
2020-03-18,49.16218,48.78268764159017
2020-03-19,48.11936,48.674238605842774
2020-03-20,55.48587,48.376847285748205
2020-03-21,58.065678,53.66697252456126
2020-03-22,46.99106,57.4286862280053
2020-03-23,40.584106,49.7255427770068
2020-03-24,42.608334,42.16607527118162
2020-03-25,43.77679,42.10852293629244
2020-03-26,43.304333,43.48828137535125
2020-03-27,44.600315,43.42098944172795
2020-03-28,44.32046,44.28031836821452
2020-03-29,52.809254,44.38956023240163
2020-03-30,53.663128,50.71324843208256
2020-03-31,45.86739,53.45229420449266
2020-04-01,45.658497,47.792270054107284
2020-04-02,37.21954,45.71007569199075
2020-04-03,54.36978,39.30324009443224
2020-04-04,48.634502,50.135138597331924
2020-04-05,53.617474,50.05062478747186
2020-04-06,56.647892,52.38710640517125
2020-04-07,51.913643,55.89963812540754
2020-04-08,46.566517,53.08259730186049
2020-04-09,47.071804,47.88679946513652
2020-04-10,46.77495,46.947041358169336
2020-04-11,44.004692,46.84824753046882
2020-04-12,18.535957,44.688708621509235
2020-04-13,26.554907,24.82455469336066
2020-04-14,35.023754,24.574912686455395
2020-04-15,64.39085,32.932673633832444
2020-04-16,64.14016,57.13969079769564
2020-04-17,48.01233,64.20205897361406
2020-04-18,54.143806,51.994523640041905
2020-04-19,39.699398,52.629856216844445
2020-04-20,34.038414,43.2659304889815
2020-04-21,46.37573,35.4361925282446
2020-04-22,43.443928,43.32946889045288
2020-04-23,38.368877,44.16783216306857
2020-04-24,34.3233,39.621980226850006
2020-04-25,42.928177,35.322211260826776
2020-04-26,50.95563,40.80350886654727
2020-04-27,47.21541,48.97353617322136
2020-04-28,45.64101,48.138924217123915
2020-04-29,41.68045,46.029752048178956
2020-04-30,50.52339,42.65836933837375
2020-05-01,41.06195,48.33994068119691
2020-05-02,44.002186,43.39811588181039
2020-05-03,44.01991,43.276199360791736
2020-05-04,40.637497,44.01553368898506
2020-05-05,42.913845,41.472663512580745
2020-05-06,38.766243,42.3517818750711
2020-05-07,43.781,39.79034570357668
2020-05-08,45.405624,42.5427842306277
2020-05-09,40.1413,45.00448092245892
2020-05-10,37.183994,41.44113745810317
2020-05-11,40.73638,37.91419546819862
2020-05-12,41.561806,39.85924470429227
2020-05-13,51.890396,41.35799642564776
2020-05-14,51.27674,49.340118286966046
2020-05-15,51.702564,51.42826050960195
2020-05-16,42.05114,51.59742191798542
2020-05-17,34.805813,44.43421566920955
2020-05-18,38.344143,36.594788646408965
2020-05-19,38.63099,37.470478333248835
2020-05-20,43.373676,38.56016334203888
2020-05-21,46.98558,42.20263848125657
2020-05-22,49.219418,46.093748852397255
2020-05-23,46.956345,48.66785120666922
2020-05-24,52.95179,47.515130336127086
2020-05-25,49.889515,51.47142823104404
2020-05-26,49.87879,50.645634826973584
2020-05-27,54.383415,49.881438157054575
2020-05-28,45.41216,53.27115817277812
2020-05-29,59.872066,47.62729214140986
2020-05-30,39.074345,56.30170683148174
2020-05-31,41.799084,44.20960202425968
2020-06-01,50.91187,41.12630667555064
2020-06-02,48.46103,48.6617918151318
2020-06-03,45.33074,49.066177714277764
2020-06-04,44.028408,46.10365371061617
2020-06-05,44.63834,44.349972538293315
2020-06-06,42.655838,44.487738999663435
2020-06-07,39.589905,43.145346313007416
2020-06-08,40.404606,40.346928039887864
2020-06-09,39.952488,40.20344458270234
2020-06-10,47.763725,40.06412244952907
2020-06-11,63.45422,45.835018019441556
2020-06-12,36.058838,59.58001067375404
2020-06-13,38.07162,42.82315260195938
2020-06-14,39.427517,37.57463511863711
2020-06-15,37.495308,39.092726491298464
2020-06-16,42.94073,37.972398246550945
2020-06-17,46.16932,41.596176835951006
2020-06-18,46.24433,45.37213460281371
2020-06-19,48.39871,46.22580895005469
2020-06-20,43.71253,47.86676253191325
2020-06-21,47.99244,44.869615373053385
2020-06-22,46.2395,46.9356685445747
2020-06-23,47.926258,46.67232614706226
2020-06-24,56.792477,47.50977314246555
2020-06-25,76.36773,54.60327976063061
2020-06-26,74.010414,71.53431794153886
2020-06-27,55.819904,74.59246929093307
2020-06-28,47.363617,60.31140305666904
2020-06-29,50.38037,49.451596121169366
2020-06-30,48.42822,49.635490210829516
2020-07-01,48.80859,48.910233966814374
2020-07-02,52.816433,48.7146711656086
2020-07-03,46.96252,51.82683880754593
2020-07-04,43.94204,48.40793547858321
2020-07-05,45.44175,44.68784003917909
2020-07-06,53.802685,45.07144998915494
2020-07-07,51.19103,51.738249661718044
2020-07-08,52.648228,51.83588525523171
2020-07-09,53.688824,52.28842481458189
2020-07-10,48.083694,53.43188585190115
2020-07-11,45.485382,49.46768137075032
2020-07-12,39.103615,46.126942676249975
2020-07-13,41.703045,40.679365237919754
2020-07-14,42.514084,41.061208273438886
2020-07-15,47.05756,42.31382678327425
2020-07-16,49.620037,45.9357103010087
2020-07-17,46.055424,48.98732450165685
2020-07-18,50.904976,46.93557831820715
2020-07-19,40.901302,49.707551725844546
2020-07-20,41.409206,43.37135327037256
2020-07-21,44.847404,41.28379718315658
2020-07-22,38.856018,43.99846336701932
2020-07-23,43.56104,40.335377543363
2020-07-24,40.55756,42.39930226562053
2020-07-25,39.7787,41.29916249419749
2020-07-26,58.18844,39.971011757904385
2020-07-27,87.22951,53.642809897076965
2020-07-28,76.74971,80.05885131535291
2020-07-29,89.012405,79.3373236410733
2020-07-30,58.63762,85.98456889069244
2020-07-31,53.11751,66.13759213789086
2020-08-01,50.75654,54.48050470755406
2020-08-02,55.34252,51.3394975161897
2020-08-03,51.046005,54.210175450897026
2020-08-04,52.460697,52.10687646921468
2020-08-05,54.50383,52.11138915852237
2020-08-06,52.264824,53.99935101935848
2020-08-07,54.75929,52.817666847005185
2020-08-08,58.120247,54.14337039764179
2020-08-09,60.84649,57.29037828301487
2020-08-10,63.664036,60.173341316276975
2020-08-11,55.21553,62.96834328983841
2020-08-12,52.4664,57.301587880139856
2020-08-13,47.2232,53.14519981384033
2020-08-14,47.595074,48.5178216380919
2020-08-15,49.604195,47.503252950441755
2020-08-16,52.863132,49.10811407229462
2020-08-17,49.96946,52.05845349119272
2020-08-18,53.083862,50.683949316589235
2020-08-19,48.94038,52.31487126554076
2020-08-20,51.264084,49.96346541620467
2020-08-21,49.365166,50.6903279962388
2020-08-22,51.918423,49.834036218904906
2020-08-23,50.215054,51.28798705252334
2020-08-24,49.197414,50.6356403528103
2020-08-25,66.402794,49.44868398088722
2020-08-26,47.915493,62.15453773672687
2020-08-27,50.358223,52.480274031529994
2020-08-28,53.552086,49.75507776159288
2020-08-29,51.777756,52.7634751995535
2020-08-30,48.662315,52.21586364630676
2020-08-31,52.723392,49.43156227853194
2020-09-01,52.48795,51.720653565807645
2020-09-02,50.928402,52.54608402267997
2020-09-03,48.74041,51.31347687535149
2020-09-04,49.81652,49.28065675525861
2020-09-05,83.29204,49.55081293352016
2020-09-06,60.953274,75.02645170690067
2020-09-07,55.21139,66.46903724227032
2020-09-08,54.672092,56.62914390406883
2020-09-09,55.468353,54.805252447852396
2020-09-10,65.59924,55.271744684435326
2020-09-11,58.190216,63.097778006701255
2020-09-12,53.38063,60.01961079469449
2020-09-13,48.00362,54.5681860928181
2020-09-14,51.077732,49.33128125538536
2020-09-15,53.77847,50.318689447147165
2020-09-16,50.72254,53.111618868321436
2020-09-17,54.077225,51.4770931550378
2020-09-18,45.50341,53.24890493019867
2020-09-19,43.538696,47.620408478028104
2020-09-20,42.795353,44.02381219947019
2020-09-21,45.555603,42.978895098780164
2020-09-22,39.421906,44.87405749791288
2020-09-23,33.798332,40.93640418006168
2020-09-24,41.463596,35.18687346014095
2020-09-25,45.89249,39.57093185671215
2020-09-26,50.445972,44.79893224801354
2020-09-27,46.352783,49.321651675415396
2020-09-28,48.46838,47.3634503497482
2020-09-29,29.955574,47.94600861350276
2020-09-30,30.878645,34.52665258357446
2020-10-01,34.60186,30.650725468016642
2020-10-02,39.155342,33.68254456242975
2020-10-03,39.469204,38.031021675415396
2020-10-04,37.382523,39.39170694923428
2020-10-05,38.061256,37.897754609397936
2020-10-06,39.77502,37.89366704129405
2020-10-07,38.48198,39.35186697189065
2020-10-08,30.222746,38.80125020958925
2020-10-09,35.662678,32.262069895801105
2020-10-10,37.881012,34.31948039606566
2020-10-11,45.860855,37.33327336769245
2020-10-12,50.28053,43.890516768313965
2020-10-13,53.476612,49.189248551965626
2020-10-14,54.716484,52.68745329647619
2020-10-15,54.160187,54.410341735797935
2020-10-16,68.04345,54.297544745919595
2020-10-17,46.718662,64.6154722980011
2020-10-18,47.984764,51.98405946195502
2020-10-19,49.82829,47.67214517080572
2020-10-20,53.77256,49.37309686413163
2020-10-21,44.35926,52.798662897376275
2020-10-22,41.76539,46.68353942208013
2020-10-23,44.38261,42.40585388243771
2020-10-24,46.745483,43.73638066607283
2020-10-25,47.71329,46.162055605686774
2020-10-26,49.131706,47.47432450494034
2020-10-27,44.46626,48.78147864925699
2020-10-28,48.248272,45.61822584966229
2020-10-29,27.944456,47.31443873582483
2020-10-30,34.651203,32.95776076225141
2020-10-31,37.594444,32.99521051689656
2020-11-01,41.58973,36.86771538298763
2020-11-02,41.885868,40.60323631180088
2020-11-03,41.32623,41.812747260249225
2020-11-04,40.16922,41.46441268696569
2020-11-05,42.165783,40.454902442304075
2020-11-06,42.685917,41.672802823463975
2020-11-07,43.13581,42.55748841991393
2020-11-08,44.82924,43.0247249350347
2020-11-09,51.433964,44.411107729517475
2020-11-10,52.779522,49.80316246581765
2020-11-11,51.837288,52.447284339390514
2020-11-12,45.39974,52.06993915283527
2020-11-13,51.04666,46.98926337066205
2020-11-14,45.854076,49.65235407602725
2020-11-15,55.29851,47.13619981828079
2020-11-16,55.6401,52.96654314465768
2020-11-17,51.297733,55.55575650645487
2020-11-18,45.645317,52.36992598877331
2020-11-19,52.079994,47.04097996557386
2020-11-20,43.494343,50.49117952061102
2020-11-21,65.21101,45.61426395699294
2020-11-22,49.160492,59.84885196570102
2020-11-23,43.814156,53.123596193123205
2020-11-24,43.178715,45.13424340275207
2020-11-25,55.865406,43.33561454003866
2020-11-26,52.96768,52.73287916822059
2020-11-27,50.66511,53.68317030761015
2020-11-28,52.73335,51.23364771460583
2020-11-29,59.944664,52.22267173924947
2020-11-30,45.05893,58.164086653441586
2020-12-01,36.865097,48.73443223819048
2020-12-02,41.96788,38.88827244642804
2020-12-03,29.488253,40.70792934271294
2020-12-04,34.101574,32.569652746245794
2020-12-05,47.434425,32.96247856399455
2020-12-06,42.65773,44.14235195261381
2020-12-07,33.91976,43.83716483093634
2020-12-08,29.936707,36.077290713113726
2020-12-09,37.479603,30.92018018421324
2020-12-10,40.534092,35.61715327931857
2020-12-11,47.617874,39.779894648627995
2020-12-12,48.54127,45.86878614206478
2020-12-13,50.2517,48.31327022083317
2020-12-14,23.397907,49.82937018453587
2020-12-15,36.136326,30.028495473192116
2020-12-16,21.012533,32.991026779584786
2020-12-17,40.9382,24.746815435883214
2020-12-18,49.16977,36.01826567523386
2020-12-19,47.848602,47.137276744456024
2020-12-20,31.687548,48.17481741813293
2020-12-21,56.042824,35.677945124422436
2020-12-22,46.623966,50.02915537944377
2020-12-23,48.151012,48.9496177723747
2020-12-24,16.669834,47.77396233682452
2020-12-25,27.922604,24.44299051346941
2020-12-26,40.41446,25.14413292690124
2020-12-27,44.329887,37.33004073742596
2020-12-28,52.16258,43.36311164972359
2020-12-29,44.99194,50.22857522384594
2020-12-30,45.472507,46.762474349818305
2020-12-31,49.86183,45.35384808240141
2021-01-01,55.08214,48.77804289815867
2021-01-02,40.08104,53.793170232768624
2021-01-03,45.706116,43.785027766093314
2021-01-04,45.886166,44.3172036744142
2021-01-05,46.835064,45.84170906035657
2021-01-06,44.040085,46.60076740953194
2021-01-07,20.086239,44.73020559265572
2021-01-08,30.974136,26.000788768675836
2021-01-09,52.359226,28.28575732867029
2021-01-10,53.809753,47.07893910525198
2021-01-11,59.01751,53.451596980615555
2021-01-12,51.948895,57.731639749365925
2021-01-13,56.42324,53.69423790706839
2021-01-14,43.513664,55.318459741133594
2021-01-15,26.072449,46.70122435020444
2021-01-16,40.494293,30.378936323316495
2021-01-17,49.962334,36.933331887781144
2021-01-18,44.671387,47.62453823616469
2021-01-19,49.284706,45.977798060458774
2021-01-20,87.18095,48.14561105782337
2021-01-21,65.03805,77.82382124564951
2021-01-22,65.62136,70.50545110430753
2021-01-23,60.32675,65.47733235510464
2021-01-24,64.74524,61.634065507945095
2021-01-25,51.665623,63.654251145542275
2021-01-26,46.45048,54.89516892351134
2021-01-27,33.819252,47.73817396047137
2021-01-28,25.849413,36.938084217819714
2021-01-29,44.389233,27.81728109992156
2021-01-30,48.039585,39.81148427053535
2021-01-31,40.89446,47.13826048713533
2021-02-01,27.934587,42.658694328629736
2021-02-02,47.511665,31.13456640431855
2021-02-03,47.23404,42.67780232273936
2021-02-04,48.70157,47.3025896132658
2021-02-05,52.099804,48.33921569489071
2021-02-06,49.695923,51.260731054527845
2021-02-07,34.763557,50.28947586046651
2021-02-08,43.948803,38.45057335098944
2021-02-09,52.02249,41.68083339693372
2021-02-10,48.993114,50.028980332357854
2021-02-11,49.259624,49.74111058977652
2021-02-12,67.46858,49.19381884040893
2021-02-13,54.771557,62.9725263601115
2021-02-14,63.438168,57.906634951470586
2021-02-15,44.450287,61.29825685231819
2021-02-16,60.6583,49.13866844722958
2021-02-17,47.808956,56.65630802176631
2021-02-18,52.05446,50.981644201420195
2021-02-19,50.13886,51.00618388178865
2021-02-20,42.013763,50.61184924510392
2021-02-21,43.8136,44.01996653749534
2021-02-22,45.56798,43.36919430781995
2021-02-23,42.139,45.13479829618636
2021-02-24,45.50879,42.98566457594301
2021-02-25,43.610912,44.67674028802531
2021-02-26,47.89893,44.079525427917794
2021-02-27,45.937878,46.84015656253288
2021-02-28,45.84174,46.422089998898265
2021-03-01,50.94668,45.86547785761422
2021-03-02,46.84603,49.686196748329095
2021-03-03,39.248066,47.8585395781663
2021-03-04,40.042423,41.12411280344891
2021-03-05,46.66853,39.84628480947327
2021-03-06,24.55186,45.032448694974015
2021-03-07,38.924126,30.012784539315316
2021-03-08,60.08038,35.37540641043398
2021-03-09,46.3786,54.856596011334986
2021-03-10,43.476753,49.761766934004974
2021-03-11,40.623695,44.19326084189657
2021-03-12,46.536343,41.328156134713765
2021-03-13,57.251972,45.076425003505335
2021-03-14,45.267624,54.6061287803698
2021-03-15,46.580616,48.226732223837246
2021-03-16,42.289978,46.256419354088806
2021-03-17,34.72674,43.3493983532231
2021-03-18,22.291777,36.594212453623534
2021-03-19,20.399464,25.36214856100706
2021-03-20,34.79652,20.866703349222345
2021-03-21,43.472355,31.241679402193153
2021-03-22,38.876358,41.330166313794045
2021-03-23,24.553926,40.011175890754785
2021-03-24,29.157242,28.090340856824056
2021-03-25,22.82387,28.02061694267343
2021-03-26,25.81178,24.38767081501476
2021-03-27,29.40334,25.074021963176843
2021-03-28,34.65282,28.516532079168186
2021-03-29,42.58603,33.356647739409006
2021-03-30,33.407383,40.62720612802734
2021-03-31,40.153236,35.67372321487018
2021-04-01,51.84439,38.4875876819524
2021-04-02,47.767025,48.95767559988848
2021-04-03,43.95323,48.773785176113556
2021-04-04,36.897896,44.89491094488989
2021-04-05,30.601477,38.63995963678011
2021-04-06,34.632206,32.1561535867968
2021-04-07,30.648365,33.63696092434304
2021-04-08,22.649294,31.632032752768858
2021-04-09,34.79106,24.62437990197464
2021-04-10,23.299837,31.7930830034619
2021-04-11,41.792698,26.137185555069298
2021-04-12,40.807888,37.2265441243466
2021-04-13,42.299423,41.0510517807845
2021-04-14,40.693954,41.93114151446227
2021-04-15,52.410618,41.090367432004456
2021-04-16,41.36706,49.517604813271966
2021-04-17,53.83557,44.09387361541099
2021-04-18,47.65524,50.75691520125777
2021-04-19,43.3716,49.18125253977505
2021-04-20,34.487587,44.42929244617714
2021-04-21,43.356754,36.681177834393075
2021-04-22,46.85185,41.16682885694792
2021-04-23,39.320396,45.98886043088029
2021-04-24,34.23684,41.180020525994394
2021-04-25,20.940939,35.49204323391287
2021-04-26,41.363785,24.223888559911458
2021-04-27,41.518257,36.32109001544501
2021-04-28,41.6125,41.480115637153006
2021-04-29,40.361183,41.58923004519402
2021-04-30,35.01478,40.67015119963233
2021-05-01,60.436874,36.3348839460176
2021-05-02,36.921413,54.159792641668
2021-05-03,21.088934,42.72771919474868
2021-05-04,20.19693,24.99820122193234
2021-05-05,39.88931,20.417178641986673
2021-05-06,41.817074,35.026977597358815
2021-05-07,43.680477,41.34108128800454
2021-05-08,40.43966,43.2203759463905
2021-05-09,40.09179,41.23986441968571
2021-05-10,42.29234,40.17768411604422
2021-05-11,50.83842,41.74899249357203
2021-05-12,74.58338,48.728269693152185
2021-05-13,54.901657,68.72040719491405
2021-05-14,47.68184,59.76135803576653
2021-05-15,46.10744,49.46451685979244
2021-05-16,46.42274,46.49618204817895
2021-05-17,46.089653,46.34488788631172
2021-05-18,47.0914,46.17189698031109
2021-05-19,35.317383,46.84405422984177
2021-05-20,34.56697,38.224557468923926
2021-05-21,38.80803,34.75225778366369
2021-05-22,42.147865,37.76085116942973
2021-05-23,41.320934,41.32321160919731
2021-05-24,42.212154,41.52511518054032
2021-05-25,43.60794,41.9920989389113
2021-05-26,49.66846,43.26330032237074
2021-05-27,41.776257,48.172030275768854
2021-05-28,41.48568,43.7249556527338
2021-05-29,55.16411,41.55742764871297
2021-05-30,66.767296,51.78670851748448
2021-05-31,57.626,63.90230216676743
2021-06-01,57.51103,59.88311771471677
2021-06-02,56.361736,57.53941774979619
2021-06-03,75.4468,56.64551325071125
2021-06-04,57.08069,70.73442266959704
2021-06-05,48.219963,61.61554722718493
2021-06-06,49.289005,50.40780418542591
2021-06-07,50.79238,49.02504312457487
2021-06-08,50.149555,50.42117504783979
2021-06-09,49.170307,50.308277756047154
2021-06-10,57.517895,49.412097442832284
2021-06-11,49.319614,55.45675522835743
2021-06-12,51.899822,51.34388772172676
2021-06-13,57.0251,51.26273146224103
2021-06-14,49.592014,55.75959500304464
2021-06-15,45.710594,51.42735004924435
2021-06-16,41.550827,46.66897253191232
2021-06-17,46.367092,42.57793341738264
2021-06-18,44.9025,45.177886765832945
2021-06-19,52.00028,45.2641288705707
2021-06-20,46.40071,50.24773583414404
2021-06-21,49.71504,47.78332452662692
2021-06-22,66.22952,48.89668416124177
2021-06-23,53.160233,62.15185690306759
2021-06-24,53.55467,56.387228297648996
2021-06-25,50.679443,53.45727782059352
2021-06-26,51.660526,51.38937798028419
2021-06-27,52.50852,51.41828246922411
2021-06-28,62.89368,52.299138061227474
2021-06-29,52.855995,60.32943433875372
2021-06-30,73.64221,55.334444076394284
2021-07-01,55.706043,68.50979397294964
2021-07-02,50.917118,60.13474110471276
2021-07-03,52.093754,52.09957259417898
2021-07-04,49.92126,51.80322561547187
2021-07-05,56.18511,50.457680075721846
2021-07-06,60.16745,54.638475168644725
2021-07-07,87.301094,59.184152865761575
2021-07-08,55.365574,80.6014062820639
2021-07-09,73.93758,63.25091410064783
2021-07-10,59.69133,69.35188408331311
2021-07-11,59.195984,63.208934423189426
2021-07-12,50.773705,59.31829206567407
2021-07-13,56.158897,52.853287055890874
2021-07-14,51.79508,54.82921549090643
2021-07-15,50.73565,52.872569302882454
2021-07-16,53.51068,50.99723853410965
2021-07-17,54.015644,52.82548510292299
2021-07-18,51.309742,53.890961111523985
2021-07-19,53.302578,51.97786819769533
2021-07-20,52.965828,52.810518073472586
2021-07-21,50.931595,53.04897642779742
2021-07-22,59.68363,51.43387644238645
2021-07-23,49.483685,57.52262643570001
2021-07-24,44.266712,52.002198408671674
2021-07-25,48.898155,45.55485781384293
2021-07-26,53.51815,47.75458498104416
2021-07-27,49.278202,52.377406657217655
2021-07-28,48.83387,50.325106261745596
2021-07-29,55.996006,48.94358197392749
2021-07-30,53.703045,54.22757141033015
2021-07-31,52.397057,54.269210114033584
2021-08-01,47.667645,52.71952425737877
2021-08-02,49.957336,48.83540497685602
2021-08-03,53.361526,49.391978296089356
2021-08-04,53.554134,52.520982432297814
2021-08-05,51.601982,53.50657630918722
2021-08-06,49.002945,52.08399646064319
2021-08-07,50.21581,49.64468468919771
2021-08-08,50.55923,49.91633615328725
2021-08-09,50.247272,50.47443465308332
2021-08-10,51.77471,50.324298925727774
2021-08-11,48.26667,51.39756354637553
2021-08-12,48.745407,49.13285562925159
2021-08-13,47.96877,48.627199935772964
2021-08-14,50.13943,48.16053286716944
2021-08-15,45.325005,49.603462765307334
2021-08-16,49.978287,46.513755911651394
2021-08-17,50.14245,48.829324617229254
2021-08-18,53.812428,50.10191578959908
2021-08-19,50.941322,52.90625754491126
2021-08-20,44.91037,51.65023944599777
2021-08-21,64.45089,46.39949895893607
2021-08-22,70.08486,59.62605401976511
2021-08-23,53.97594,68.69375161764559
2021-08-24,50.453114,57.95346448853591
2021-08-25,58.337208,51.322950505727945
2021-08-26,54.584824,56.39051157622243
2021-08-27,50.109043,55.511341684015456
2021-08-28,48.249695,51.21417782796014
2021-08-29,57.786148,48.70879481567419
2021-08-30,52.42392,55.43146032750106
2021-08-31,49.8016,53.747931366566654
2021-09-01,55.325047,50.44908859742164
2021-09-02,50.268894,53.96122833905748
2021-09-03,59.847137,51.517331038316925
2021-09-04,54.76842,57.48213077427862
2021-09-05,49.11084,56.02242841507957
2021-09-06,47.31101,50.50777803159063
2021-09-07,51.643436,47.755413963779176
2021-09-08,54.862804,50.573697587383286
2021-09-09,48.26999,54.067895647509026
2021-09-10,43.10625,49.89785078355112
2021-09-11,56.000328,44.381251819019056
2021-09-12,49.041924,52.816594329332325
2021-09-13,50.79598,50.76005422295264
2021-09-14,46.762306,50.36287829645542
2021-09-15,52.20851,47.75827823859642
2021-09-16,63.91301,50.86376374888185
2021-09-17,56.163906,61.02300028016351
2021-09-18,55.913685,58.0772714474795
2021-09-19,46.608685,55.975468170755455
2021-09-20,53.622227,48.906223591403176
2021-09-21,58.617825,51.89048241027114
2021-09-22,64.6599,57.38433986382198
2021-09-23,39.872517,63.16802461207389
2021-09-24,51.610302,45.99287906581313
2021-09-25,52.2273,48.71207373400394
2021-09-26,53.433884,52.074954302437554
2021-09-27,44.877075,53.13596102270074
2021-09-28,50.969444,46.98987445156002
2021-09-29,54.462383,49.465150298703016
2021-09-30,62.841824,53.59992602526413
2021-10-01,60.236515,60.77281926363396
2021-10-02,77.55464,60.87980333638152
2021-10-03,59.211876,73.27854537149445
2021-10-04,59.01561,63.74096876335314
2021-10-05,50.195236,59.06407090372706
2021-10-06,42.19329,52.37311344821163
2021-10-07,49.72252,44.169085780905355
2021-10-08,48.650536,47.86344461165496
2021-10-09,46.95495,48.915224297621364
2021-10-10,53.93376,47.37361461795196
2021-10-11,55.888535,52.210591241582975
2021-10-12,52.943134,55.40587288285759
2021-10-13,60.534103,53.670395952139444
2021-10-14,61.451614,58.65978336285382
2021-10-15,63.065582,61.22506731214004
2021-10-16,62.160694,62.66707004241915
2021-10-17,37.240223,62.384123887253914
2021-10-18,42.025486,43.39344641090208
2021-10-19,49.149555,40.84393560639293
2021-10-20,51.044094,47.390519701201605
2021-10-21,56.35721,50.576305019299475
2021-10-22,52.61483,55.0453250939708
2021-10-23,49.66387,53.53887755225099
2021-10-24,54.959263,50.39250454934843
2021-10-25,62.372406,53.651754158071334
2021-10-26,51.828323,60.54199416484789
2021-10-27,41.428772,54.43180904013522
2021-10-28,41.28646,43.99657100653042
2021-10-29,36.72788,41.321598883613085
2021-10-30,42.82319,37.85345909425026
2021-10-31,50.771248,41.3181701234212
2021-11-01,51.759,48.80875794285752
2021-11-02,51.333176,51.51510979701927
2021-11-03,48.338985,51.43831808201458
2021-11-04,57.86288,49.07829390623666
2021-11-05,52.08071,55.51129307867041
2021-11-06,50.94849,53.508411098017596
2021-11-07,50.388855,51.22805143406325
2021-11-08,52.207592,50.52703694622245
2021-11-09,56.111572,51.75851962545805
2021-11-10,54.02711,55.147623078982676
2021-11-11,53.510704,54.54179370632063
2021-11-12,47.841286,53.63821208316305
2021-11-13,68.30449,49.24114700438429
2021-11-14,52.25396,63.251830043658686
2021-11-15,51.83958,56.21706715609613
2021-11-16,50.843395,51.94189639349872
2021-11-17,46.058193,51.08936743220602
2021-11-18,52.32649,47.23972833182802
2021-11-19,48.068428,50.77875714026042
2021-11-20,45.27829,49.119804869380694
2021-11-21,49.216278,45.9672152799936
2021-11-22,52.398304,48.24393201370418
2021-11-23,41.993195,51.61261592543275
2021-11-24,48.29478,44.562366356824995
2021-11-25,57.589836,46.73882785335761
2021-11-26,52.00544,55.29475272549665
2021-11-27,52.210995,53.384307847359224
2021-11-28,55.009697,52.1602405083121
2021-11-29,44.307735,54.31865714499331
2021-11-30,46.621822,46.95020364037941
2021-12-01,51.66509,46.05044057212634
2021-12-02,51.854362,50.41983445386472
2021-12-03,50.827106,51.80762801566125
2021-12-04,55.589806,51.08075030986034
2021-12-05,54.617226,54.41382673624117
2021-12-06,56.72726,54.857370017541854
2021-12-07,47.80152,56.206262198369394
2021-12-08,57.86177,50.00541383200763
2021-12-09,50.90297,55.37774929992865
2021-12-10,60.758446,52.62119800105927
2021-12-11,53.46584,58.32498695146181
2021-12-12,26.6091,55.26648951283164
2021-12-13,47.418987,33.240416129960394
2021-12-14,54.706818,42.28072601501995
2021-12-15,57.721024,52.90734750347937
2021-12-16,54.364902,56.97677310183353
2021-12-17,55.76926,55.193576885809485
2021-12-18,62.64415,55.42250377204237
2021-12-19,57.646397,60.94664058714113
2021-12-20,60.644314,58.880414236733046
2021-12-21,56.292725,59.90408509066914
2021-12-22,57.9218,57.367195033468626
2021-12-23,53.459682,57.51955790641696
2021-12-24,57.6649,54.56144323636698
2021-12-25,59.350548,56.626571075737424
2021-12-26,66.088684,58.93433721746141
2021-12-27,58.328457,64.42494112045964
2021-12-28,55.518696,60.24456887646953
2021-12-29,30.703192,56.21246648147442
2021-12-30,40.52832,36.830497545955936
2021-12-31,60.155693,38.10235430999722
2022-01-01,40.747543,55.309411762454076
2022-01-02,29.665926,45.53969491969282
2022-01-03,28.31075,32.40213693096717
2022-01-04,33.39653,28.645362483411432
2022-01-05,47.124138,32.140777628437775
2022-01-06,53.468952,43.73459376059592
2022-01-07,61.63617,51.90232599029821
2022-01-08,57.262733,59.61956618061229
2022-01-09,60.776337,58.34259761951323
2022-01-10,35.343117,59.90877753896737
2022-01-11,44.317318,41.62294552806526
2022-01-12,50.758595,42.10145844873627
2022-01-13,51.457993,49.168150885500516
2022-01-14,52.908524,51.2853015549973
2022-01-15,25.80038,52.55036699295791
2022-01-16,23.07342,32.49377140046369
2022-01-17,34.394924,23.746745721355484
2022-01-18,47.96171,31.599481511797368
2022-01-19,53.2297,44.61187502995073
2022-01-20,43.862568,51.92895735366727
2022-01-21,48.076294,46.17544787756772
2022-01-22,51.142223,47.03586432793133
2022-01-23,64.356766,50.38520094776978
2022-01-24,54.058064,61.093904902712865
2022-01-25,48.919434,56.60096193512747
2022-01-26,56.482998,50.18823579816681
2022-01-27,65.04759,54.61544505227858
2022-01-28,61.91547,62.93286881358163
2022-01-29,39.04139,62.688835563987716
2022-01-30,46.85779,44.689329983110554
2022-01-31,47.86621,44.92780820033919
2022-02-01,45.891094,47.617216569979284
2022-02-02,47.911266,46.37877860317011
2022-02-03,48.177773,47.41245642114217
2022-02-04,37.19818,48.11196858115217
2022-02-05,32.842472,39.90919973513168
2022-02-06,31.518362,33.91795907392623
2022-02-07,46.164917,31.84530384032916
2022-02-08,72.40545,42.54847150364221
2022-02-09,41.96447,65.9262842583032
2022-02-10,52.291946,49.48078663730601
2022-02-11,56.57996,49.74194334961955
2022-02-12,49.88616,55.52118755019053
2022-02-13,28.959076,51.53895568222833
2022-02-14,34.63294,34.12627461316884
2022-02-15,40.99842,33.23198121414581
2022-02-16,47.063385,39.426691257087036
2022-02-17,40.11452,45.565857741213364
2022-02-18,26.675589,41.83029490638913
2022-02-19,32.352398,29.99385472807142
2022-02-20,37.550144,30.950712051206352
2022-02-21,46.891373,36.26674560953127
2022-02-22,45.69551,44.5848889464122
2022-02-23,45.199768,45.990785807902334
2022-02-24,49.802364,45.322173843780696
2022-02-25,62.655693,48.66591672104912
2022-02-26,56.367058,59.482020844653235
2022-02-27,51.00515,57.91981260502405
2022-02-28,37.441628,52.329082353955236
2022-03-01,42.172478,40.79065704141279
2022-03-02,46.497444,41.004362960221414
2022-03-03,48.056274,45.42954756888698
2022-03-04,51.12071,47.671376409195375
2022-03-05,44.08388,50.364056590984944
2022-03-06,49.021,45.82137473252484
2022-03-07,46.252968,47.80195392472988
2022-03-08,45.873314,46.93643499003105
2022-03-09,46.081024,45.96705604367336
2022-03-10,46.37598,46.02973740775708
2022-03-11,39.11882,46.30315111308265
2022-03-12,25.349024,40.91071738463057
2022-03-13,36.991386,28.748985064561975
2022-03-14,36.340385,34.11671904781451
2022-03-15,21.082712,36.50112652826889
2022-03-16,23.865854,24.85005133718542
2022-03-17,32.295128,23.17865613322353
2022-03-18,22.249268,30.213818777806395
2022-03-19,22.210417,24.72973560170162
2022-03-20,42.2954,22.220009871769438
2022-03-21,38.328564,37.33612825898153
2022-03-22,16.277689,39.3080329732152
2022-03-23,20.328365,21.72236780566444
2022-03-24,23.97944,19.328194722593157
2022-03-25,23.282986,23.077936968016406
2022-03-26,26.066843,23.45495052897766
2022-03-27,32.387592,25.379468589419897
2022-03-28,38.623314,30.826907985591287
2022-03-29,40.936615,37.083624377188414
2022-03-30,23.765965,40.36542764685314
2022-03-31,20.496304,28.005645925790112
2022-04-01,37.81587,21.303630418947435
2022-04-02,43.32041,33.539419567828645
2022-04-03,41.232548,41.961259749820265
2022-04-04,40.409275,41.748071215316955
2022-04-05,34.104355,40.61255296762604
2022-04-06,24.344624,35.661130606202015
2022-04-07,21.006947,26.754442228287367
2022-04-08,27.41049,21.831067549504436
2022-04-09,33.218166,25.82936295387322
2022-04-10,36.758713,31.784167103023528
2022-04-11,33.358578,35.88450092400035
2022-04-12,38.860897,34.198120329766866
2022-04-13,29.826792,37.50229514672639
2022-04-14,31.911253,32.05744271212127
2022-04-15,40.728683,31.396569540593777
2022-04-16,46.09425,38.551532467813416
2022-04-17,41.065365,44.76941418621608
2022-04-18,41.916298,42.30706917616643
2022-04-19,42.113285,41.706190379774476
2022-04-20,43.236286,42.06464607098283
2022-04-21,48.88314,42.95900086988884
2022-04-22,50.77133,47.48885037237835
2022-04-23,39.175858,50.3051086788929
2022-04-24,45.434147,42.03894713546856
2022-04-25,50.2733,43.88888525968253
2022-04-26,60.468075,49.07844338880124
2022-04-27,49.824844,57.95083813883156
2022-04-28,51.202908,52.452811110125594
2022-04-29,48.28517,50.862644139556856
2022-04-30,45.99103,49.00560155879673
2022-05-01,58.370865,46.55748622612377
2022-05-02,56.36579,55.31410533662507
2022-05-03,51.58609,56.86087191199976
2022-05-04,52.930145,52.76626680874044
2022-05-05,47.787792,52.59827845174977
2022-05-06,46.731304,49.057513060517785
2022-05-07,45.09183,46.99216611191341
2022-05-08,46.884277,45.49663975653972
2022-05-09,45.975266,46.441696005314896
2022-05-10,53.863743,46.19971391536915
2022-05-11,55.9312,51.915964350360404
2022-05-12,46.220257,55.42071507323303
2022-05-13,41.08569,48.61802876801897
2022-05-14,42.69959,42.3534885849162
2022-05-15,38.872124,42.30109483259908
2022-05-16,40.56477,39.81718051179834
2022-05-17,34.722298,40.14683131041545
2022-05-18,45.161415,36.16488853081059
2022-05-19,44.763252,42.58384657789651
2022-05-20,42.074356,44.861564182500686
2022-05-21,44.938072,42.73828317122726
2022-05-22,46.730515,44.230979251497175
2022-05-23,48.98986,46.28793499297254
2022-05-24,54.378708,48.431995160795935
2022-05-25,47.13633,53.048123771820975
2022-05-26,51.38589,48.92457749581187
2022-05-27,43.357655,50.336612396938925
2022-05-28,43.9598,45.339941913847795
2022-05-29,44.196354,43.81112172217942
2022-05-30,42.83379,44.13794540849535
2022-05-31,47.891056,43.17022668707756
2022-06-01,48.124672,46.64234414594399
2022-06-02,52.60379,48.06698884303393
2022-06-03,43.64032,51.497831218651406
2022-06-04,40.654568,45.8535299127227
2022-06-05,40.49152,41.391793195524905
2022-06-06,39.46054,40.531778900833004
2022-06-07,43.710102,39.71510381912572
2022-06-08,42.93124,42.6608239031101
2022-06-09,53.72745,43.1235522517332
2022-06-10,41.304325,51.06171017024257
2022-06-11,48.24835,44.37177358821339
2022-06-12,47.733772,46.533770159358575
2022-06-13,49.874805,47.86082872362032
2022-06-14,58.23868,49.34615309855264
2022-06-15,59.739117,56.17351873335064
2022-06-16,54.78865,59.36863748237838
2022-06-17,47.54889,56.010991641909506
2022-06-18,47.13856,49.336491073884694
2022-06-19,51.60918,47.23987639013546
2022-06-20,48.57726,50.5053194973134
2022-06-21,51.04137,49.32588474003731
2022-06-22,61.230263,50.43294573149248
2022-06-23,51.90192,58.71447848939519
2022-06-24,47.84974,54.20522231449175
2022-06-25,48.99602,48.850281636680506
2022-06-26,53.199413,48.712986949322556
2022-06-27,49.354225,52.16153469453692
2022-06-28,45.277256,50.303657328984464
2022-06-29,46.547413,46.283918398006925
2022-06-30,48.969017,46.2337929328704
2022-07-01,52.449726,48.37108807543296
2022-07-02,52.047905,51.59028878850678
2022-07-03,53.896202,52.14712039541496
2022-07-04,55.524166,53.43983083547827
2022-07-05,51.534443,55.122198228327235
2022-07-06,43.307716,52.5195631033325
2022-07-07,52.620888,45.33901344905304
2022-07-08,53.14652,50.321331624032716
2022-07-09,44.81776,53.016733884484005
2022-07-10,45.569286,46.87425086711823
2022-07-11,43.620075,45.38372340059722
2022-07-12,52.69519,44.10136328536137
2022-07-13,51.975845,50.454413327896624
2022-07-14,55.34897,52.153461646752596
2022-07-15,56.253532,54.51609682846568
2022-07-16,50.458412,56.03018260684397
2022-07-17,48.09816,51.88931063963594
2022-07-18,49.872883,48.68094023164283
2022-07-19,49.64666,49.434678316329844
2022-07-20,49.649998,49.70251771872789
2022-07-21,49.290684,49.64917379969714
2022-07-22,53.494076,49.37940380456007
2022-07-23,51.33715,52.45619794145133
2022-07-24,52.088676,51.869726112176345
2022-07-25,50.853645,51.90311340059722
2022-07-26,47.37111,51.158591951539954
2022-07-27,56.020397,48.230998077207126
2022-07-28,48.59581,53.884763397568854
2022-07-29,55.919487,50.42904752366796
2022-07-30,48.083138,54.11116560951403
2022-07-31,47.71238,50.01804549523952
2022-08-01,53.661648,47.80392549307592
2022-08-02,55.86632,52.19268799778613
2022-08-03,50.470802,55.321954712371195
2022-08-04,53.112022,51.80303314729828
2022-08-05,57.417442,52.45986672021645
2022-08-06,53.772644,56.354371757958184
2022-08-07,47.35059,54.67259715022774
2022-08-08,46.57173,48.936287678782925
2022-08-09,49.796658,46.76404175790438
2022-08-10,46.307842,49.00037680338564
2022-08-11,45.375942,47.169280946620624
2022-08-12,42.402813,45.60604153931528
2022-08-13,50.094303,43.13692139491886
2022-08-14,61.753345,48.195163279377574
2022-08-15,56.377777,58.87455951544433
2022-08-16,62.05982,57.70508220480516
2022-08-17,54.18096,60.65684170118084
2022-08-18,50.938705,56.12636407375206
2022-08-19,53.6365,51.73926448260826
2022-08-20,50.436756,52.97037553743207
2022-08-21,66.81448,51.22681890409573
2022-08-22,56.379425,62.77058393021493
2022-08-23,49.31677,58.9559904557673
2022-08-24,50.66567,51.06064129718072
2022-08-25,44.47873,50.33260715143001
2022-08-26,50.80988,46.00637464402966
2022-08-27,48.910244,49.24662782880578
2022-08-28,47.79058,49.379291503451775
2022-08-29,57.097473,48.06704117672271
2022-08-30,52.364403,54.7994669996174
2022-08-31,50.702827,53.5330661897703
2022-09-01,58.037228,51.11309405884464
2022-09-02,59.128117,56.22625869937387
2022-09-03,66.8529,58.85876078544469
2022-09-04,60.68591,64.94553975790272
2022-09-05,69.13337,62.20862870153654
2022-09-06,59.03545,67.04757039233372
2022-09-07,58.326115,61.528771965921756
2022-09-08,50.892307,58.50126003350166
2022-09-09,54.000427,52.72782132144887
2022-09-10,59.073257,53.23298738186867
2022-09-11,53.38167,57.820702170056116
2022-09-12,47.332993,54.78700484995472
2022-09-13,48.76397,48.826498516865435
2022-09-14,47.808067,48.4106411573444
2022-09-15,69.13627,48.04409322591489
2022-09-16,55.640434,63.870029325332496
2022-09-17,66.57052,58.97275039261132
2022-09-18,64.66238,63.871724256598
2022-09-19,64.05507,65.13352726360023
2022-09-20,58.16237,64.20502359075175
2022-09-21,54.834373,59.61736254783037
2022-09-22,55.758163,55.65610341800903
2022-09-23,52.532196,55.53006593655537
2022-09-24,56.422512,53.32873374068706
2022-09-25,54.437855,55.46193691749024
2022-09-26,60.63519,54.92789541356243
2022-09-27,55.402718,59.1049786806713
2022-09-28,61.248524,56.69469074029409
2022-09-29,46.60641,59.8051102565442
2022-09-30,42.870316,50.22175894945995
2022-10-01,45.876408,43.79281144826544
2022-10-02,50.50085,45.13416056536181
2022-10-03,51.347404,49.359008628833344
2022-10-04,59.86582,51.138377617978854
2022-10-05,56.801395,57.762500333409314
2022-10-06,62.096786,57.55804569295655
2022-10-07,55.554985,60.78927765190015
2022-10-08,58.496002,57.17024993871896
2022-10-09,44.905933,57.769822520636986
2022-10-10,54.885998,48.26151687827319
2022-10-11,54.128593,52.42177613194925
2022-10-12,45.801342,54.31560720922319
2022-10-13,43.0027,47.85746027327251
2022-10-14,46.759926,43.69372504014205
2022-10-15,53.09258,45.83221275640802
2022-10-16,49.75608,51.52895646953211
2022-10-17,54.96717,50.579909931243066
2022-10-18,69.283325,53.68047678363512
2022-10-19,43.257576,65.7484600249318
2022-10-20,48.16187,49.68370847691271
2022-10-21,53.840576,46.95092913717495
2022-10-22,51.13546,52.43842165456928
2022-10-23,54.663128,51.80339212296853
2022-10-24,59.456894,53.79209593469553
2022-10-25,27.454142,58.273244093158894
2022-10-26,41.158146,35.35608265030687
2022-10-27,50.908653,37.77442992834567
2022-10-28,57.261974,48.50111231023677
2022-10-29,33.78614,55.69324748940653
2022-10-30,47.28681,39.582661717396554
2022-10-31,67.91155,43.95330002312744
2022-11-01,58.40767,62.81900447741464
2022-11-02,60.430458,60.75431492939977
2022-11-03,56.96865,59.93100249304382
2022-11-04,53.43327,57.8234202822169
2022-11-05,35.314503,54.30620626923965
2022-11-06,48.865467,39.78828767610344
2022-11-07,59.29909,45.51953870975656
2022-11-08,55.71047,56.72287812566881
2022-11-09,58.95979,56.596551992464406
2022-11-10,55.863575,58.15748606708026
2022-11-11,58.271904,56.62807510207215
2022-11-12,49.567223,57.677252864234774
2022-11-13,39.082653,51.71653417929651
2022-11-14,49.6183,41.67144442281226
2022-11-15,42.32569,47.016896929833294
2022-11-16,45.104454,44.12634050048928
2022-11-17,76.86143,44.418337124513506
2022-11-18,73.66685,69.02017498589309
2022-11-19,60.507046,74.45563783807896
2022-11-20,83.9545,63.75639124936077
2022-11-21,71.347336,78.16498571357862
2022-11-22,72.82893,74.46022646944104
2022-11-23,59.516094,72.46310309061887
2022-11-24,59.88319,62.80322505545637
2022-11-25,64.26401,59.792548707495996
2022-11-26,67.45382,63.182322411392704
2022-11-27,56.717125,66.66620994365998
2022-11-28,62.279026,59.36816971860566
2022-11-29,57.68159,60.90571249230909
2022-11-30,51.901646,58.81676320059176
2022-12-01,80.86992,53.32879746653941
2022-12-02,64.811615,73.71723569679295
2022-12-03,58.25797,68.77664191563917
2022-12-04,64.24497,59.876159392999085
2022-12-05,56.980816,62.766693423242245
2022-12-06,61.547966,58.77444030401889
2022-12-07,61.489956,60.42027084925019
2022-12-08,55.617207,61.504279504963705
2022-12-09,56.539883,57.06727335842283
2022-12-10,60.50338,56.31206099920887
2022-12-11,61.91696,59.52473547400207
2022-12-12,57.2848,61.56792672734705
2022-12-13,57.978638,58.4285470565883
2022-12-14,50.413242,57.807319399120686
2022-12-15,37.40092,52.28124729492178
2022-12-16,60.996567,40.61384981824445
2022-12-17,50.43842,55.17046172631631
2022-12-18,64.905716,53.04537864440706
2022-12-19,62.577633,61.33353213398679
2022-12-20,38.292206,63.152470241965574
2022-12-21,59.549046,44.288627895884446
2022-12-22,54.70799,54.30042587842205
2022-12-23,42.398407,55.90331648932229
2022-12-24,41.28979,45.43782043219564
2022-12-25,48.94393,41.5635235132279
2022-12-26,49.0249,47.05401253261658
2022-12-27,48.312943,49.00490734016702
2022-12-28,52.432423,48.488735443086476
2022-12-29,55.67396,51.41526402348054
2022-12-30,50.458813,54.8735778019386
2022-12-31,46.52677,51.74650794812902
2023-01-01,58.797577,47.497648080124314
2023-01-02,67.11782,55.76773792099298
2023-01-03,34.831886,65.06343210291755
2023-01-04,34.4678,42.803748366952824
2023-01-05,48.424965,34.55769808012784
2023-01-06,51.811035,44.97873982922281
2023-01-07,54.72393,50.97496552141939
2023-01-08,54.916145,54.00469424769421
2023-01-09,58.344727,54.86868434655061
2023-01-10,57.06607,57.49816069599245
2023-01-11,58.03976,57.381788839620405
2023-01-12,52.71409,57.79934190746229
2023-01-13,30.44922,54.02907466954091
2023-01-14,41.116062,35.9467372549785
2023-01-15,45.338284,38.482264993723774
2023-01-16,53.136963,44.29575654309817
2023-01-17,56.993595,51.2113567706109
2023-01-18,54.151268,56.04133698249969
2023-01-19,37.10115,54.85307949617273
2023-01-20,50.59626,41.311069838041696
2023-01-21,54.84399,47.26412286725083
2023-01-22,54.55158,53.79516425031047
2023-01-23,65.01143,54.62378024282775
2023-01-24,50.045055,62.428742301419824
2023-01-25,29.271004,53.74046866318235
2023-01-26,46.875587,34.40041656015882
2023-01-27,61.23863,42.52876176323908
2023-01-28,50.106003,57.692187702043704
2023-01-29,52.253704,52.8548090350561
2023-01-30,61.43895,51.7234056732622
2023-01-31,58.128284,59.17098039693373
2023-02-01,76.762344,58.945735144357485
2023-02-02,72.737495,72.16132605647262
2023-02-03,47.60813,73.73128821892213
2023-02-04,40.77758,53.81293234980725
2023-02-05,45.748707,42.46414122788919
2023-02-06,49.27932,44.52126410636579
2023-02-07,53.111164,48.40756077175607
2023-02-08,58.028336,52.16502649691169
2023-02-09,41.717907,56.81421537339419
2023-02-10,70.82659,45.745186964518176
2023-02-11,28.36988,63.639236691303424
2023-02-12,35.95967,38.85305352917929
2023-02-13,44.76454,34.08564147494401
2023-02-14,41.44315,42.59049071281159
2023-02-15,50.11271,42.26324905449765
2023-02-16,39.709038,47.97207070172108
2023-02-17,22.880695,42.27785454081684
2023-02-18,25.136703,27.03585539461253
2023-02-19,40.57396,24.579662114184384
2023-02-20,46.366856,36.762278785286526
2023-02-21,44.187695,44.93650649801342
2023-02-22,33.069843,44.725761254097876
2023-02-23,32.106483,35.815000874638265
2023-02-24,50.42302,32.34435046667535
2023-02-25,54.323605,45.90040306089584
2023-02-26,49.752396,53.36049435340695
2023-02-27,48.190945,50.881093376342776
2023-02-28,50.704956,48.57648975347502
2023-03-01,47.137722,50.084210455485
2023-03-02,29.646215,48.01852348087754
2023-03-03,17.278551,33.96512014285856
2023-03-04,25.869368,20.332305468082517
2023-03-05,42.13689,23.74817148316147
2023-03-06,44.14928,38.120204392100995
2023-03-07,46.54204,43.6523919090861
2023-03-08,43.67976,45.95123307469469
2023-03-09,43.870472,44.38649817940908
2023-03-10,41.38523,43.82338245890987
2023-03-11,43.403896,41.99887206383407
2023-03-12,40.074722,42.90545827424466
2023-03-13,46.658314,40.89674303627041
2023-03-14,71.57323,45.032730261144195
2023-03-15,47.413822,65.42137819864926
2023-03-16,44.48353,53.379127988764616
2023-03-17,34.420662,45.207061322308434
2023-03-18,31.729145,36.90532912199851
2023-03-19,56.28697,32.39371933389766
2023-03-20,66.67102,50.22328911247438
2023-03-21,39.688908,64.10704841374957
2023-03-22,47.973644,46.351180283456515
2023-03-23,50.714993,45.92802329289766
2023-03-24,38.84117,50.0381144271892
2023-03-25,39.81113,41.77298800859652
2023-03-26,42.220898,39.57163289821413
2023-03-27,44.350094,41.625891554397796
2023-03-28,43.42702,43.82436482443188
2023-03-29,49.03915,43.654940272726584
2023-03-30,48.779243,47.6534342283749
2023-03-31,42.695377,48.84341778373733
2023-04-01,44.17547,44.19757118806294
2023-04-02,45.029343,43.8100137091493
2023-04-03,43.987236,44.81850945140707
2023-04-04,48.851894,44.24454723577339
2023-04-05,48.608997,47.65073983675678
2023-04-06,49.66398,48.668971769611616
2023-04-07,69.8432,49.40348949427466
2023-04-08,62.226727,64.86065978566201
2023-04-09,63.29022,64.10734394227623
2023-04-10,61.720985,63.02762825263975
2023-04-11,53.253574,62.108451735247776
2023-04-12,43.775135,55.34429979707381
2023-04-13,42.188892,46.11549817987759
2023-04-14,45.09806,42.58055825554467
2023-04-15,36.894222,44.37974449770282
2023-04-16,30.900938,38.91986782510692
2023-04-17,54.116142,32.38076618691448
2023-04-18,40.445427,48.3839735854597
2023-04-19,44.71494,43.82092353783712
2023-04-20,43.49135,43.66073571370257
2023-04-21,43.892387,43.79347200376733
2023-04-22,42.779327,43.79336518548301
2023-04-23,37.934547,43.05415755395457
2023-04-24,40.366875,39.13079299858768
2023-04-25,43.726658,39.7662981652928
2023-04-26,39.92692,42.89707916053301
2023-04-27,41.866844,40.86513006901893
2023-04-28,36.018097,41.387848808770634
2023-04-29,20.18562,37.462236918737624
2023-04-30,26.01952,24.094886728103518
2023-05-01,22.381327,24.579046019517783
2023-05-02,35.680103,23.279649280545183
2023-05-03,42.735367,32.396443561157824
2023-05-04,38.110928,40.993320647228636
2023-05-05,38.73302,39.252768630423425
2023-05-06,40.150654,38.57941652042954
2023-05-07,38.817253,39.80061973632615
2023-05-08,40.269615,39.14648892211882
2023-05-09,43.43313,39.91100589267195
2023-05-10,40.73645,42.65201255808889
2023-05-11,46.595856,41.40229915300001
2023-05-12,55.011463,45.14908422055891
2023-05-13,54.76562,52.933528357057206
2023-05-14,59.423283,54.826322179465485
2023-05-15,42.187958,58.27323888519605
2023-05-16,49.43249,46.44360811530102
2023-05-17,44.37222,47.643710650547526
2023-05-18,46.32621,45.621673584945704
2023-05-19,47.713493,45.843741710669974
2023-05-20,58.568493,47.370952835604776
2023-05-21,51.51022,55.88823707203852
2023-05-22,40.830036,53.25300931823311
2023-05-23,44.806812,43.46712733834355
2023-05-24,44.507732,43.82488869754261
2023-05-25,41.703465,44.581579161947
2023-05-26,38.267097,42.39587893370214
2023-05-27,39.523193,39.115585779609134
2023-05-28,46.399914,39.21304479639901
2023-05-29,44.99556,44.70195248685518
2023-05-30,39.585976,45.342315240299996
2023-05-31,45.22989,40.921680245398946
2023-06-01,53.600048,43.83632630074576
2023-06-02,62.245213,51.53333537010832
2023-06-03,55.63683,60.11059717876969
2023-06-04,54.028423,57.26853499401104
2023-06-05,43.305725,54.42556186654304
2023-06-06,37.12245,45.95331365759932
2023-06-07,45.674095,38.64918970271451
2023-06-08,49.103794,43.56257061445674
2023-06-09,49.51039,48.256951892595715
2023-06-10,52.527145,49.40999558827403
2023-06-11,50.399387,51.78226471700069
2023-06-12,48.413944,50.92476111264555
2023-06-13,49.755775,48.90417848828923
2023-06-14,39.780552,49.424457589399125
2023-06-15,43.006916,42.24357830847422
2023-06-16,41.712368,42.21028023429189
2023-06-17,44.258564,42.03201055652056
2023-06-18,41.756714,43.62987151517717
2023-06-19,41.551155,42.37445681836669
2023-06-20,42.30268,41.60191047934554
2023-06-21,39.05336,42.117117647511634
2023-06-22,45.76488,39.85566393291974
2023-06-23,45.822895,44.10770899441437
2023-06-24,43.369114,45.80857026046424
2023-06-25,47.68669,43.97498788955958
2023-06-26,46.108635,46.620618266381925
2023-06-27,42.99463,46.498279520349996
2023-06-28,44.29951,43.7635227094382
2023-06-29,50.44989,43.977316323788266
2023-06-30,55.855747,48.9312725468249
2023-07-01,47.75655,54.520963004609676
2023-07-02,46.41949,49.75635845425867
2023-07-03,47.9107,46.74962938194751
2023-07-04,43.876244,47.542498761645746
2023-07-05,43.584946,44.872409325665565
2023-07-06,65.27723,43.65687167400307
2023-07-07,68.1968,59.9210924797767
2023-07-08,54.64289,67.4759160940029
2023-07-09,55.00332,57.98954570009731
2023-07-10,51.282722,54.91432463895761
2023-07-11,49.512054,52.20139126255749
2023-07-12,48.087032,49.94925744573484
2023-07-13,49.459213,48.43889046733998
2023-07-14,50.17967,49.1204017370349
2023-07-15,48.695133,50.001778784422726
2023-07-16,46.547432,49.061686578491766
2023-07-17,50.164177,47.0777303267378
2023-07-18,48.31699,49.271150539735146
2023-07-19,50.12278,48.77308708952587
2023-07-20,49.794533,49.67690442633316
2023-07-21,47.250175,49.87558191456339
2023-07-22,49.48107,47.87841365613599
2023-07-23,48.437923,48.93022987577986
2023-07-24,55.08993,48.6954910267605
2023-07-25,51.780376,53.44745361173734
2023-07-26,49.190563,52.5975525755328
2023-07-27,53.180683,49.83002515067358
2023-07-28,47.04842,52.195464871646465
2023-07-29,49.23681,48.56256410479676
2023-07-30,50.072636,48.696464972805934
2023-07-31,45.467815,49.866258515776664
2023-08-01,44.997974,46.604811663514646
2023-08-02,45.204643,45.1139845136296
2023-08-03,49.374027,45.1536134456586
2023-08-04,46.93097,48.34454600672982
2023-08-05,48.69425,47.534195979419415
2023-08-06,43.77413,48.258870757931284
2023-08-07,44.876472,44.98897853028851
2023-08-08,45.12637,44.60428787469913
2023-08-09,45.46907,45.064666582599195
2023-08-10,45.355602,45.38445243145902
2023-08-11,51.582504,45.38361888435135
2023-08-12,55.147514,50.04499216229063
2023-08-13,52.100807,54.267261656771815
2023-08-14,48.711075,52.85308286342808
2023-08-15,49.389023,49.54804867915252
2023-08-16,41.680202,49.221627869106435
2023-08-17,44.233463,43.58362099427397
2023-08-18,50.190517,43.6030260648657
2023-08-19,51.07736,48.719634522184556
2023-08-20,46.117672,50.858385683286855
2023-08-21,43.32309,47.34229043969041
2023-08-22,37.49618,44.01311256763468
2023-08-23,55.982445,38.934928048751544
2023-08-24,52.170544,51.41791977179947
2023-08-25,49.563007,53.11175728899607
2023-08-26,55.179974,50.20684546168852
2023-08-27,52.863735,53.79306390337043
2023-08-28,44.219685,53.43564778768545
2023-08-29,38.851894,46.3540255116624
2023-08-30,46.25137,40.17727895143328
2023-08-31,35.764576,44.4243327440987
2023-09-01,36.05921,38.353916560461606
2023-09-02,37.736748,35.98646061952289
2023-09-03,42.664326,37.32253969333205
2023-09-04,47.150513,41.447635982036616
2023-09-05,50.58171,46.04280878068229
2023-09-06,48.39078,49.73449801480851
2023-09-07,46.80572,48.9317521897972
2023-09-08,46.666748,47.19709415579683
2023-09-09,45.625824,46.701062189481405
2023-09-10,40.35156,45.882843136025556
2023-09-11,44.25888,41.653851787345346
2023-09-12,41.54304,43.29410638485099
2023-09-13,38.00877,42.2136200331087
2023-09-14,44.432724,38.881432194243786
2023-09-15,49.40281,42.84655718383678
2023-09-16,47.5379,48.17562414426732
2023-09-17,48.477978,47.99837315362641
2023-09-18,52.4023,48.245859194634164
2023-09-19,48.84475,51.43332834604057
2023-09-20,52.635983,49.72316036172449
2023-09-21,54.043674,51.69987293804393
2023-09-22,49.993717,53.696094806311564
2023-09-23,52.379158,50.99370974594556
2023-09-24,52.06942,51.790158241266475
2023-09-25,51.827698,52.14589877573606
2023-09-26,49.463387,51.88738264517906
2023-09-27,43.159645,50.04716945723579
2023-09-28,43.674614,44.71612974102623
2023-09-29,41.292576,43.5474607328451
2023-09-30,43.814053,41.880735508993965
2023-10-01,44.022945,43.19146399249484
2023-10-02,46.343307,43.971366554923655
2023-10-03,45.140846,45.77037618419931
2023-10-04,51.576244,45.43775094918402
2023-10-05,46.81989,49.98725149532092
2023-10-06,50.431858,47.99430234490864
2023-10-07,44.39168,49.54001104987497
2023-10-08,52.935608,45.883086991289034
2023-10-09,42.729385,50.825989052963976
2023-10-10,60.480404,45.24944853734194
2023-10-11,56.840775,56.09742160459634
2023-10-12,40.827595,57.739451849638925
2023-10-13,42.815655,44.781479902857136
2023-10-14,59.54714,42.32477433669801
2023-10-15,48.83301,55.415895241377385
2023-10-16,34.979374,51.4784830949286
2023-10-17,42.060932,38.40003636875361
2023-10-18,37.26429,40.312393279714136
2023-10-19,37.433613,38.44865003268623
2023-10-20,38.954056,37.39180471123996
2023-10-21,45.040867,38.57863671267826
2023-10-22,44.29124,43.53794564899759
2023-10-23,53.22627,44.47633370893689
2023-10-24,56.770218,51.020082333117124
2023-10-25,87.836296,55.89516616808962
2023-10-26,81.30522,80.16563365840501
2023-10-27,67.504814,82.91783678166439
2023-10-28,55.34899,70.91233311467298
2023-10-29,53.63012,58.35043811932348
2023-10-30,53.45086,54.054533773090284
2023-10-31,47.965546,53.49512187725899
2023-11-01,40.332134,49.319949073719954
2023-11-02,48.12787,42.21693342547879
2023-11-03,52.998158,46.20299043972154
2023-11-04,48.238464,51.79561370862463
2023-11-05,46.477806,49.41370103904032
2023-11-06,48.737934,46.912537832483906
2023-11-07,54.24032,48.17987582681237
2023-11-08,53.210842,52.88170160346087
2023-11-09,53.27186,53.46503495368088
2023-11-10,69.62853,53.256793776488955
2023-11-11,74.92758,65.58983246621744
2023-11-12,75.93234,73.61916819207147
2023-11-13,81.42328,75.68425027672238
2023-11-14,65.41527,80.06748778580555
2023-11-15,63.632042,69.3678783553539
2023-11-16,57.007442,64.07234669073301
2023-11-17,60.06971,58.64315120500908
2023-11-18,51.178703,59.313591901427294
2023-11-19,60.08194,53.37402075378139
2023-11-20,58.74567,57.88360248297596
2023-11-21,37.54285,59.075614319563066
2023-11-22,48.147236,42.778131805112864
2023-11-23,54.380802,45.52886028015738
2023-11-24,52.885933,52.84164472465785
2023-11-25,49.72536,53.255037698182946
2023-11-26,55.48281,50.50575101971488
2023-11-27,66.74964,54.061212626214484
2023-11-28,82.75217,63.967697310287036
2023-11-29,70.264755,78.80091473561664
2023-11-30,59.71511,73.34807771567618
2023-12-01,53.586575,62.31996937808744
2023-12-02,62.422516,55.099798607873744
2023-12-03,43.251705,60.240794835157274
2023-12-04,59.730343,47.985254500375774
2023-12-05,62.991825,55.66152980937528
2023-12-06,78.03361,62.186518094017536
2023-12-07,85.91659,74.31957652110808
2023-12-08,63.541195,83.97016863887593
2023-12-09,66.49588,69.06600247021922
2023-12-10,29.53861,65.76632569447177
2023-12-11,48.90019,38.66389254249404
2023-12-12,58.976727,44.11953688441269
2023-12-13,65.55404,56.48868480492187
2023-12-14,88.97042,63.930006636728876
2023-12-15,68.66327,83.18857833197619
2023-12-16,58.734997,73.67739797489662
2023-12-17,47.445667,61.186430676892655
2023-12-18,54.15902,50.233165263953325
2023-12-19,53.47185,52.50139640029959
2023-12-20,49.71907,53.64152217558888
2023-12-21,50.749332,50.64568546212209
2023-12-22,67.17212,50.49494546542115
2023-12-23,65.685745,63.11709697921192
2023-12-24,49.128757,66.0527524071786
2023-12-25,52.565845,53.2169159347017
2023-12-26,74.32725,51.717178442015175
2023-12-27,74.35498,68.9540455087959
2023-12-28,53.350655,74.34813306339177
2023-12-29,81.3164,58.53692552916438
2023-12-30,52.96694,74.41125455402036
2023-12-31,51.517525,59.96683020907478
