Fecha,rh12,rh12_holtwin_predicts
2020-01-01,66.83522,61.628626409761544
2020-01-02,67.10795,65.21171125325667
2020-01-03,41.48878,58.7950878691165
2020-01-04,33.920467,40.98541188148702
2020-01-05,38.91755,39.222567339963774
2020-01-06,42.927982,47.817238459190456
2020-01-07,33.454,43.22326803780098
2020-01-08,42.158688,41.764928840093866
2020-01-09,48.561974,40.42070535323391
2020-01-10,51.043488,45.666571912680304
2020-01-11,20.401815,41.68676682262524
2020-01-12,35.27708,38.75975949926879
2020-01-13,45.046143,32.74973050587458
2020-01-14,55.63531,41.29988060571055
2020-01-15,63.66509,50.82481779488028
2020-01-16,65.624504,51.18706665364923
2020-01-17,64.33706,61.327586426631555
2020-01-18,57.15089,65.56206566982411
2020-01-19,57.739162,62.742058878839444
2020-01-20,46.770164,54.06630462426693
2020-01-21,57.41192,66.71775624897002
2020-01-22,52.153915,61.12580586029759
2020-01-23,62.378757,59.46452629690722
2020-01-24,51.967056,60.237372563652734
2020-01-25,70.444756,55.723310756274884
2020-01-26,83.40924,57.87262302898278
2020-01-27,47.205868,66.34736195158366
2020-01-28,57.137657,56.61154438732132
2020-01-29,29.3097,47.792558435882114
2020-01-30,50.841576,44.33324919400597
2020-01-31,54.567726,54.217684958158145
2020-02-01,52.59675,50.893450020213905
2020-02-02,56.07748,54.358116589250436
2020-02-03,57.598793,58.715630790647175
2020-02-04,51.499344,47.74145325523868
2020-02-05,38.423077,45.27077516736974
2020-02-06,38.173706,39.39424937698371
2020-02-07,55.739983,47.00145721728423
2020-02-08,54.41266,52.36024657513441
2020-02-09,50.28534,62.61440016051807
2020-02-10,55.78217,49.89178068757705
2020-02-11,60.257298,62.72393016031141
2020-02-12,56.156418,49.79795246089861
2020-02-13,40.406673,51.40619200922127
2020-02-14,51.236446,45.615664137698715
2020-02-15,43.55067,50.291602068518806
2020-02-16,50.64654,51.88995967452138
2020-02-17,49.815018,52.884593468050426
2020-02-18,52.160244,46.0302346887192
2020-02-19,49.005993,44.27836175992947
2020-02-20,52.11377,49.48942359269016
2020-02-21,51.326077,50.70955667035067
2020-02-22,43.46004,52.01133108111482
2020-02-23,47.97519,46.81281622626425
2020-02-24,53.028805,42.83646680082657
2020-02-25,37.998077,51.33428436393401
2020-02-26,22.944721,47.31358545342377
2020-02-27,19.399843,33.72931730836129
2020-02-28,34.047367,28.56525133993608
2020-02-29,44.45656,31.049936282735462
2020-03-01,48.40198,38.94941099565947
2020-03-02,45.28659,41.794145975634414
2020-03-03,45.361813,37.51360312804577
2020-03-04,21.780083,39.66022098388945
2020-03-05,33.210835,36.6133827310315
2020-03-06,28.01828,28.581778555311466
2020-03-07,41.442497,35.07160126806799
2020-03-08,47.653244,44.553010614587606
2020-03-09,42.202553,39.752464456184164
2020-03-10,49.64917,40.04813699752173
2020-03-11,47.094883,43.724235520294954
2020-03-12,50.395496,47.59815134259994
2020-03-13,45.57107,52.36817361655787
2020-03-14,55.88385,53.66347902666155
2020-03-15,59.052986,48.938760936219516
2020-03-16,52.510612,52.52890429925178
2020-03-17,45.854298,49.98287038340265
2020-03-18,47.901653,41.616590739593796
2020-03-19,46.828514,52.84347103767502
2020-03-20,54.4329,63.69843312409903
2020-03-21,57.102573,49.44397684595195
2020-03-22,45.69561,47.13772641715623
2020-03-23,39.100647,40.134605928660235
2020-03-24,41.195637,37.67720499320219
2020-03-25,42.410316,42.81178881063709
2020-03-26,41.933342,39.42908466614355
2020-03-27,43.2795,44.75370834952191
2020-03-28,42.99916,48.822558546532086
2020-03-29,51.76053,52.4147147489539
2020-03-30,52.6509,44.786918365342096
2020-03-31,44.62228,48.40153206189966
2020-04-01,44.417023,52.2611434367771
2020-04-02,35.72722,47.987633371204616
2020-04-03,53.424103,41.67646039874168
2020-04-04,47.52158,44.59114698126948
2020-04-05,52.666794,44.63986451012183
2020-04-06,55.801018,49.97101644576052
2020-04-07,50.936714,56.298350107270444
2020-04-08,45.43242,51.89802977622495
2020-04-09,45.963425,52.80516374619576
2020-04-10,45.665558,45.33580743396952
2020-04-11,42.825977,43.92990210199062
2020-04-12,16.579819,39.228179138189276
2020-04-13,24.86306,28.898414033398346
2020-04-14,33.601936,30.343505986280896
2020-04-15,63.885258,41.08907848535284
2020-04-16,63.64509,50.7844927052073
2020-04-17,47.026733,60.44636486602534
2020-04-18,53.36414,51.285699673117776
2020-04-19,38.481262,50.556810564091016
2020-04-20,32.66157,40.87434512858847
2020-04-21,45.38854,42.48739886284873
2020-04-22,42.38242,46.39457040721084
2020-04-23,37.15861,42.61446525573164
2020-04-24,33.004276,36.26307494932295
2020-04-25,41.883392,33.14214207805406
2020-04-26,50.1754,45.95820865577458
2020-04-27,46.327694,46.41412050593553
2020-04-28,44.71902,43.343708781112916
2020-04-29,40.652336,39.59406355244518
2020-04-30,49.776875,41.313733138759474
2020-05-01,40.039215,51.74566116301662
2020-05-02,43.084774,44.85560999400835
2020-05-03,43.111214,39.9295503214465
2020-05-04,39.64055,40.10743263255504
2020-05-05,41.993523,45.36836190347738
2020-05-06,37.73401,44.21563909595756
2020-05-07,42.918236,40.690955670865364
2020-05-08,44.601265,41.484407303830956
2020-05-09,39.18857,40.73900158122061
2020-05-10,36.156155,40.335369617814735
2020-05-11,39.832794,42.50721153928097
2020-05-12,40.691914,47.712184317678016
2020-05-13,51.354282,41.97471160447724
2020-05-14,50.736057,45.973761464772814
2020-05-15,51.183216,43.03332489361483
2020-05-16,41.24777,48.12670641970477
2020-05-17,33.792816,40.49538733607043
2020-05-18,37.45689,40.655690411076435
2020-05-19,37.75885,37.81843698196958
2020-05-20,42.662594,39.50895341220516
2020-05-21,46.40059,42.354177086857206
2020-05-22,48.70974,44.786182105302984
2020-05-23,46.391098,46.87563032569424
2020-05-24,52.588264,50.092287480009674
2020-05-25,49.44571,49.51423187409817
2020-05-26,49.440895,50.8605268018814
2020-05-27,54.099216,48.39923872036796
2020-05-28,44.864967,50.21201346316577
2020-05-29,59.77823,52.671297023278115
2020-05-30,38.351826,53.45757232409261
2020-05-31,41.173298,47.433656774743696
2020-06-01,50.582268,48.42173734770518
2020-06-02,48.061886,51.87882565526387
2020-06-03,44.849213,49.50094874524261
2020-06-04,43.521023,41.677816436754135
2020-06-05,44.15605,39.215414199563725
2020-06-06,42.12666,39.486954664795746
2020-06-07,38.970234,43.68917934580052
2020-06-08,39.824535,41.630348132009914
2020-06-09,39.372845,42.16360916389073
2020-06-10,47.431854,43.55257605059555
2020-06-11,63.62,49.091303646374385
2020-06-12,35.39193,49.76008566182478
2020-06-13,37.47319,43.96549947331271
2020-06-14,38.88349,38.440053237291735
2020-06-15,36.897778,39.090600995397786
2020-06-16,42.524055,37.089587917142914
2020-06-17,45.85872,40.97068578695444
2020-06-18,45.95046,41.49326894861291
2020-06-19,48.175762,48.361705134997926
2020-06-20,43.35909,51.0201551531357
2020-06-21,47.775654,51.853944917746055
2020-06-22,45.982914,52.546987906974884
2020-06-23,47.726143,43.52253874190358
2020-06-24,56.880924,49.82035870956142
2020-06-25,77.06577,58.578552129880975
2020-06-26,74.641815,62.57183600363827
2020-06-27,55.901314,63.33860258670568
2020-06-28,47.18786,59.87894741760428
2020-06-29,50.3123,53.373399075200524
2020-06-30,48.3041,57.86638226067964
2020-07-01,48.702473,53.92885965057625
2020-07-02,52.838554,48.84335022380697
2020-07-03,46.816113,47.27574067280379
2020-07-04,43.708473,45.23967099702669
2020-07-05,45.258873,45.560339731510936
2020-07-06,53.882645,51.286535334082934
2020-07-07,51.204643,59.64118159244574
2020-07-08,52.711216,45.593487198972085
2020-07-09,53.7883,53.15648542234949
2020-07-10,48.016094,47.949954699834976
2020-07-11,45.341747,49.759502853871886
2020-07-12,38.766964,46.82013377653091
2020-07-13,41.45301,43.205236265233346
2020-07-14,42.293438,41.8267862845371
2020-07-15,46.98172,41.99497714189616
2020-07-16,49.627743,43.48685289084214
2020-07-17,45.959145,46.10791566649592
2020-07-18,50.962967,48.04996851846056
2020-07-19,40.654278,47.465415250468496
2020-07-20,41.184128,44.421890281471924
2020-07-21,44.732952,42.0295707436602
2020-07-22,38.55245,47.72433704428946
2020-07-23,43.407265,40.705948022839465
2020-07-24,40.317154,40.53039695658373
2020-07-25,39.518528,42.638920332319614
2020-07-26,58.49366,46.99520805677342
2020-07-27,88.43895,60.751346138415045
2020-07-28,77.63942,70.25234862959564
2020-07-29,90.277435,76.10993059810399
2020-07-30,58.967735,74.32358925986965
2020-07-31,53.28318,65.57095486464394
2020-08-01,50.84535,58.58918390604369
2020-08-02,55.57745,57.3826686195673
2020-08-03,51.14615,56.09306074585433
2020-08-04,52.608894,54.283916005200105
2020-08-05,54.71135,55.24032181319993
2020-08-06,52.401184,51.68363037640162
2020-08-07,54.977093,51.7723597600884
2020-08-08,58.438118,54.2834928769085
2020-08-09,61.24673,57.992213506061454
2020-08-10,64.15571,59.960481316248696
2020-08-11,55.442116,60.49084538461929
2020-08-12,52.60605,57.78250372109813
2020-08-13,47.19687,55.0860019917846
2020-08-14,47.58648,54.15921693329465
2020-08-15,49.653873,49.175949257574246
2020-08-16,53.00972,51.07978183784751
2020-08-17,50.024647,50.18659002473789
2020-08-18,53.231495,52.754565566188404
2020-08-19,48.957962,52.223439476731095
2020-08-20,51.34966,47.66489188983127
2020-08-21,49.3901,57.61449748058431
2020-08-22,52.018448,51.72817185000253
2020-08-23,50.260483,50.39423495029301
2020-08-24,49.20752,48.58608920670246
2020-08-25,66.94298,53.27269506968865
2020-08-26,47.873936,57.36701223183737
2020-08-27,50.388344,51.14614137234932
2020-08-28,53.679035,48.74038731942819
2020-08-29,51.84599,54.2957141107186
2020-08-30,48.62412,51.726777934516576
2020-08-31,52.808838,47.54321340716013
2020-09-01,52.56226,53.587665707846234
2020-09-02,50.944393,52.20896724356546
2020-09-03,48.686817,56.80225676330392
2020-09-04,49.786106,51.4527594212072
2020-09-05,84.29287,60.985285812977324
2020-09-06,61.25327,63.06717557950523
2020-09-07,55.331913,61.295563430667315
2020-09-08,54.765846,57.24248571480073
2020-09-09,55.584797,55.15424852102534
2020-09-10,66.018845,56.67910459925132
2020-09-11,58.370632,62.27860318403196
2020-09-12,53.40847,55.19381031619971
2020-09-13,47.855103,52.94799026728661
2020-09-14,51.01417,51.740360126267795
2020-09-15,53.79649,60.29122902560482
2020-09-16,50.635975,55.49856946806604
2020-09-17,54.084293,55.175757770626596
2020-09-18,45.23527,52.97611507682338
2020-09-19,43.201637,45.267008317627884
2020-09-20,42.425213,45.36852022363365
2020-09-21,45.268887,45.501409817607964
2020-09-22,38.935432,44.643596597051506
2020-09-23,33.127876,33.87825590922363
2020-09-24,41.02006,39.43075140375972
2020-09-25,45.577732,41.003679686125935
2020-09-26,50.26192,45.736462190472714
2020-09-27,46.03207,41.782651570964205
2020-09-28,48.196747,47.681545352180834
2020-09-29,29.101406,39.73712966405605
2020-09-30,30.042925,36.66460047050707
2020-10-01,33.873096,34.58953013966529
2020-10-02,38.55728,41.69602608034684
2020-10-03,38.87268,35.5009961328926
2020-10-04,36.71138,40.39835652790124
2020-10-05,37.394764,34.47523534510876
2020-10-06,39.15143,36.539887939860506
2020-10-07,37.810234,36.14789954137416
2020-10-08,29.28552,37.526408259458464
2020-10-09,34.877323,28.359777850421878
2020-10-10,37.156086,41.05381941450314
2020-10-11,45.372578,40.53364457881094
2020-10-12,49.912575,37.076709957928934
2020-10-13,53.199314,45.99468665767765
2020-10-14,54.461193,55.369088917962905
2020-10-15,53.877598,54.05660445129299
2020-10-16,68.18198,53.01027161358097
2020-10-17,46.181465,51.72230533615571
2020-10-18,47.47855,52.96662975369332
2020-10-19,49.36274,46.066261525686016
2020-10-20,53.420807,50.91370809709539
2020-10-21,43.7001,54.13364159311386
2020-10-22,41.017857,46.51705219415275
2020-10-23,43.69967,47.03062176905866
2020-10-24,46.127438,49.5560294110986
2020-10-25,47.108833,49.85969343116204
2020-10-26,48.55477,47.934178934081444
2020-10-27,43.738823,43.34363778415759
2020-10-28,47.621445,43.04458236376957
2020-10-29,26.681644,32.479600600814614
2020-10-30,33.579433,36.45857114743009
2020-10-31,36.599277,41.846135341013415
2020-11-01,40.709934,36.24537928363341
2020-11-02,40.99889,40.972830607699514
2020-11-03,40.40754,40.454628807979546
2020-11-04,39.206585,40.478293637560284
2020-11-05,41.248547,33.87905949339765
2020-11-06,41.77036,41.4293444703707
2020-11-07,42.225998,45.67788545461664
2020-11-08,43.95738,43.72466653897751
2020-11-09,50.74999,47.44530125195767
2020-11-10,52.130917,52.35817721747459
2020-11-11,51.14514,53.86695449134871
2020-11-12,44.492195,47.441125312421356
2020-11-13,50.299316,51.46046337953122
2020-11-14,44.939934,44.03123229239962
2020-11-15,54.660065,44.53877368686513
2020-11-16,54.997807,48.43310422993989
2020-11-17,50.51493,58.37752378160943
2020-11-18,44.67333,51.66332829585571
2020-11-19,51.290638,47.80097626277025
2020-11-20,42.4251,52.2034484413355
2020-11-21,64.80704,45.48099578519835
2020-11-22,48.245804,54.871528077482715
2020-11-23,42.719746,45.78574129423698
2020-11-24,42.058414,45.45888114738244
2020-11-25,55.122986,49.849272762904896
2020-11-26,52.12125,52.6142135378291
2020-11-27,49.73307,52.031155545369316
2020-11-28,51.859024,57.776295562603075
2020-11-29,59.27891,49.6813028197655
2020-11-30,43.918488,47.06057882440851
2020-12-01,35.465054,50.67148948851528
2020-12-02,40.71121,42.89730047609327
2020-12-03,27.831291,31.76425112071197
2020-12-04,32.582947,38.15242349409272
2020-12-05,46.31366,37.709914468410155
2020-12-06,41.37485,46.40647080116977
2020-12-07,32.36046,41.48068123048247
2020-12-08,28.24176,31.301211360270464
2020-12-09,36.003483,31.032832925169743
2020-12-10,39.14618,28.319566388780647
2020-12-11,46.434593,39.141292039098204
2020-12-12,47.38223,37.556012652336705
2020-12-13,49.13114,50.17223317063883
2020-12-14,21.434517,48.779053821887366
2020-12-15,34.56058,30.966408117536528
2020-12-16,18.954737,31.602980101008527
2020-12-17,39.492214,25.512210834359852
2020-12-18,47.963905,41.96595588135812
2020-12-19,46.597572,42.69619048914848
2020-12-20,29.922394,34.17151391364864
2020-12-21,55.02645,43.165375409494985
2020-12-22,45.30194,50.02136074257908
2020-12-23,46.871895,43.47077010645472
2020-12-24,14.411042,33.6689415973475
2020-12-25,25.999279,30.656610694504973
2020-12-26,38.87116,39.12577948749784
2020-12-27,42.895176,38.02758128879515
2020-12-28,50.96382,37.55561667934358
2020-12-29,43.567146,44.04211579291125
2020-12-30,44.05009,37.70359766997708
2020-12-31,48.568897,47.80318067756228
2021-01-01,53.950626,49.202710133091365
2021-01-02,38.48136,44.0965311025078
2021-01-03,44.276062,31.945210617576343
2021-01-04,44.44727,39.566136780963916
2021-01-05,45.4212,50.64251762332317
2021-01-06,42.533554,45.858726889643044
2021-01-07,17.834715,47.525884548979626
2021-01-08,29.054966,31.615101361524005
2021-01-09,51.095066,31.64959177942523
2021-01-10,52.586136,34.395649205411694
2021-01-11,57.942436,50.60136327938193
2021-01-12,50.650944,49.854617317128145
2021-01-13,55.2574,52.82958368169305
2021-01-14,41.944332,56.571387715780816
2021-01-15,23.959505,43.62059787118851
2021-01-16,38.821045,37.201335807425565
2021-01-17,48.577538,40.70659128548323
2021-01-18,43.126846,45.74785819541167
2021-01-19,47.8785,38.19329177344585
2021-01-20,86.94029,59.03642623510716
2021-01-21,64.1084,71.44021277546177
2021-01-22,64.70544,70.5858546473857
2021-01-23,59.240875,67.06077365170361
2021-01-24,63.799843,62.801271294799704
2021-01-25,50.311478,58.31455718108318
2021-01-26,44.930763,50.428175774500474
2021-01-27,31.91089,47.317493016712305
2021-01-28,23.690306,30.717007411013782
2021-01-29,42.799084,32.835013681805194
2021-01-30,46.56424,44.3544471240226
2021-01-31,39.193863,41.91028065403101
2021-02-01,25.837114,43.21175650783385
2021-02-02,46.015224,38.29304885429507
2021-02-03,45.73094,31.581602413377375
2021-02-04,47.239536,34.09209273023089
2021-02-05,50.746704,37.886301271474
2021-02-06,48.262253,52.314818223445215
2021-02-07,32.87202,51.4482439051383
2021-02-08,42.343212,51.66157392258984
2021-02-09,50.662235,40.414345815491416
2021-02-10,47.54304,55.314181944929665
2021-02-11,47.81972,39.81747818631145
2021-02-12,66.59557,42.158662350827726
2021-02-13,53.50163,53.541820013438624
2021-02-14,62.438152,55.43327710145003
2021-02-15,42.867,63.683663213852164
2021-02-16,59.57811,55.18304844900715
2021-02-17,46.335304,51.94639408638682
2021-02-18,50.714012,44.48999435270928
2021-02-19,48.74304,50.40213344249598
2021-02-20,40.368633,49.5252020096622
2021-02-21,42.227974,46.05446481804625
2021-02-22,44.038532,43.144386540253905
2021-02-23,40.50738,39.038260072227935
2021-02-24,43.983295,43.23804073820384
2021-02-25,42.038757,45.988239681953516
2021-02-26,46.461292,42.29493481040217
2021-02-27,44.441532,46.117231261842306
2021-02-28,44.346275,45.14339392133968
2021-03-01,49.619164,46.143934257265634
2021-03-02,45.395576,46.06536232434796
2021-03-03,37.564598,39.7625770957756
2021-03-04,38.393616,36.96839624570731
2021-03-05,45.226536,43.2826102870664
2021-03-06,22.429852,37.830729925431584
2021-03-07,37.25662,37.13742090525927
2021-03-08,59.068974,43.56648232777847
2021-03-09,44.953617,44.7507320807724
2021-03-10,41.965897,43.95820971101442
2021-03-11,39.034718,41.989571834928284
2021-03-12,45.14028,42.77982687583579
2021-03-13,56.18918,47.29559978407963
2021-03-14,43.84436,56.1881984302053
2021-03-15,45.208046,44.41176912868
2021-03-16,40.786663,43.44622811692235
2021-03-17,32.99966,39.58910606960384
2021-03-18,20.19029,30.031575816351666
2021-03-19,18.24956,33.397867251135125
2021-03-20,33.093716,39.79537840093255
2021-03-21,42.047913,26.791374354499652
2021-03-22,37.319904,28.114468849498316
2021-03-23,22.5647,26.24071950270634
2021-03-24,27.32045,22.489442306346522
2021-03-25,20.799414,28.225170109745115
2021-03-26,23.889809,21.422593495886893
2021-03-27,27.602518,26.693443240014894
2021-03-28,33.024414,31.87963085012356
2021-03-29,41.211098,38.83142156243804
2021-03-30,31.758732,32.66737583569007
2021-03-31,38.72327,31.983596262323665
2021-04-01,50.784096,40.901420823516624
2021-04-02,46.59075,45.17785091274326
2021-04-03,42.669125,45.52254112180895
2021-04-04,35.41197,41.330445472454954
2021-04-05,28.930952,37.08609656596012
2021-04-06,33.094482,34.55474824615877
2021-04-07,28.997555,37.301051746881676
2021-04-08,20.76748,31.446620265957954
2021-04-09,33.292854,30.284878471632872
2021-04-10,21.456404,27.572563468111092
2021-04-11,40.52925,23.015675789019568
2021-04-12,39.530323,27.251875686466185
2021-04-13,41.078075,33.85289656146365
2021-04-14,39.4393,40.751173970005624
2021-04-15,51.526424,49.31476143304769
2021-04-16,40.14956,49.005686849700275
2021-04-17,53.02187,48.07301532141307
2021-04-18,46.658604,47.81805962916152
2021-04-19,42.258846,45.46926717259673
2021-04-20,33.1083,40.06770104751455
2021-04-21,42.268047,42.29440285694586
2021-04-22,45.87938,44.74999804263516
2021-04-23,38.131382,43.43728418047017
2021-04-24,32.898804,37.14571447130778
2021-04-25,19.208117,33.55588907994371
2021-04-26,40.270626,35.163562891046105
2021-04-27,40.446217,36.01742751892379
2021-04-28,40.55154,35.11375215791873
2021-04-29,39.27594,33.30857688137935
2021-04-30,33.780552,37.40115444143548
2021-05-01,59.996895,41.91606275845742
2021-05-02,35.770645,49.44953567815414
2021-05-03,19.463018,38.7526937087862
2021-05-04,18.5516,28.022618170685853
2021-05-05,38.869225,28.89331265169008
2021-05-06,40.86284,34.172519746728625
2021-05-07,42.800198,37.02307764981894
2021-05-08,39.47358,39.51771198715172
2021-05-09,39.12312,37.21212574003713
2021-05-10,41.40612,38.45893932455102
2021-05-11,50.232796,44.06605609232294
2021-05-12,74.72638,53.524890156371306
2021-05-13,54.444244,61.474926356545105
2021-05-14,47.01559,57.508322920218504
2021-05-15,45.406918,47.17617619097069
2021-05-16,45.740135,47.416226384715785
2021-05-17,45.411156,42.286322030591634
2021-05-18,46.458286,47.19607302791161
2021-05-19,34.33654,45.542696400767845
2021-05-20,33.569168,41.8287772356855
2021-05-21,37.955772,39.13265938933228
2021-05-22,41.41329,39.0157425465577
2021-05-23,40.567024,40.335635985967805
2021-05-24,41.500214,43.8848057112832
2021-05-25,42.955494,40.916876896182266
2021-05-26,49.21782,43.25854214031064
2021-05-27,41.08782,44.36506943763688
2021-05-28,40.802666,41.78600865681525
2021-05-29,54.918457,46.36488275945822
2021-05-30,66.886665,47.78028448184771
2021-05-31,57.47712,58.32217079198915
2021-06-01,57.37107,61.93880396579734
2021-06-02,56.20065,62.11273416103789
2021-06-03,75.88209,58.70534554242927
2021-06-04,56.962482,61.45316496263842
2021-06-05,47.842182,55.922139587817554
2021-06-06,48.95052,49.873528702788555
2021-06-07,50.51479,52.32084663999393
2021-06-08,49.8564,51.66530524076941
2021-06-09,48.86128,52.18166062068972
2021-06-10,57.481396,53.31620146481458
2021-06-11,49.035854,59.00434232645474
2021-06-12,51.708324,47.7321299142529
2021-06-13,57.00649,50.819442496517276
2021-06-14,49.349804,51.43476336226252
2021-06-15,45.360847,50.84325131279062
2021-06-16,41.078697,47.25440739885555
2021-06-17,46.056366,45.499346665509265
2021-06-18,44.552727,43.90813911685085
2021-06-19,51.884384,48.90324845952288
2021-06-20,46.115982,53.0607552313903
2021-06-21,49.547203,54.232777322929934
2021-06-22,66.576645,54.60949436001165
2021-06-23,53.11765,54.56596748178765
2021-06-24,53.52859,58.120930288168125
2021-06-25,50.57887,61.24873769087828
2021-06-26,51.5946,51.0925648647896
2021-06-27,52.475056,46.19052257320392
2021-06-28,63.193817,49.337682574840805
2021-06-29,52.850067,55.68619369644905
2021-06-30,74.29342,60.25673601929808
2021-07-01,55.80696,67.73960063441557
2021-07-02,50.8762,59.416556505783994
2021-07-03,52.09353,51.756116268296736
2021-07-04,49.86634,50.08800009746202
2021-07-05,56.330116,51.03020094548316
2021-07-06,60.439903,59.460205634484105
2021-07-07,88.41686,66.99320644834647
2021-07-08,55.50827,67.4255767279173
2021-07-09,74.65885,65.74919011799955
2021-07-10,59.976406,64.53788103320723
2021-07-11,59.471985,64.08652685577289
2021-07-12,50.793594,61.03263879236342
2021-07-13,56.349613,56.3626544436675
2021-07-14,51.8571,55.81991619385
2021-07-15,50.769226,53.84247778879223
2021-07-16,53.634377,51.422104606795834
2021-07-17,54.159267,52.112651391359144
2021-07-18,51.375935,55.109956857787004
2021-07-19,53.434704,51.2703807541413
2021-07-20,53.091854,52.56531004743127
2021-07-21,51.00096,51.99550957588768
2021-07-22,60.02793,55.85971642940335
2021-07-23,49.508736,55.3141382718892
2021-07-24,44.13476,51.002088164853845
2021-07-25,48.91565,49.86930686888731
2021-07-26,53.682816,55.2939115281484
2021-07-27,49.307907,62.725381964867125
2021-07-28,48.856075,52.259762083845025
2021-07-29,56.243984,52.88193642227007
2021-07-30,53.876266,45.7679852178244
2021-07-31,52.534206,48.353485806866466
2021-08-01,47.6648,49.33104104400235
2021-08-02,50.021435,51.05924975607088
2021-08-03,53.5352,50.11375832190254
2021-08-04,53.731834,52.344019939698626
2021-08-05,51.72363,54.767836242586
2021-08-06,49.040375,49.97846860104615
2021-08-07,50.28881,49.25301241854713
2021-08-08,50.647163,50.69754595183736
2021-08-09,50.321705,52.34906740050823
2021-08-10,51.894447,51.741948902650996
2021-08-11,48.28224,50.27257058408814
2021-08-12,48.771927,49.02283532599155
2021-08-13,47.96935,48.683841780529335
2021-08-14,50.203274,51.21389192422179
2021-08-15,45.24622,48.921309805824436
2021-08-16,50.03953,48.80008288493221
2021-08-17,50.20491,47.54944752545898
2021-08-18,53.986443,51.46462914123654
2021-08-19,51.022705,51.89729282955911
2021-08-20,44.803337,48.49488395120518
2021-08-21,64.94422,54.82876184742477
2021-08-22,70.75047,57.823793446974385
2021-08-23,54.139587,62.59324176512669
2021-08-24,50.505905,56.74657937513484
2021-08-25,58.62993,58.12669736126352
2021-08-26,54.75959,55.77756164631146
2021-08-27,50.135315,53.662451496185064
2021-08-28,48.214615,49.91267397693344
2021-08-29,58.044018,52.22091334595263
2021-08-30,52.512127,53.63820470333253
2021-08-31,49.79863,50.41450565590724
2021-09-01,55.49094,53.58086082394182
2021-09-02,50.27459,53.60587226762115
2021-09-03,60.138905,57.16632102708539
2021-09-04,54.901222,57.18356070284115
2021-09-05,49.05861,66.46034749311775
2021-09-06,47.19927,48.75823415115756
2021-09-07,51.65556,47.076899037291966
2021-09-08,54.972546,48.112871771831685
2021-09-09,48.16578,50.530754681473155
2021-09-10,42.840446,50.70303622453463
2021-09-11,56.123127,47.922848635111684
2021-09-12,48.93946,46.68222726956184
2021-09-13,50.7439,46.36537538838756
2021-09-14,46.575405,49.733832222934936
2021-09-15,52.17992,57.07586713667539
2021-09-16,64.2444,53.042578825321264
2021-09-17,56.245594,60.48887591760832
2021-09-18,55.97754,56.73336274610001
2021-09-19,46.374725,52.404184481429425
2021-09-20,53.596966,50.570509632522835
2021-09-21,58.73693,53.58564503765482
2021-09-22,64.963905,55.30903834909409
2021-09-23,39.399975,51.98198232224436
2021-09-24,51.490612,51.802100842926514
2021-09-25,52.11659,52.45016026395575
2021-09-26,53.352318,54.79478388045568
2021-09-27,44.520824,47.93778357722417
2021-09-28,50.79148,50.10185768447653
2021-09-29,54.37609,42.20067211767843
2021-09-30,63.004536,50.167045176297904
2021-10-01,60.30857,57.51719475999416
2021-10-02,78.15402,66.31036631601384
2021-10-03,59.233986,67.37933644812348
2021-10-04,59.023483,66.68165161750983
2021-10-05,49.92028,58.845861192601454
2021-10-06,41.654564,55.16852167077041
2021-10-07,49.406513,46.957794600005016
2021-10-08,48.29321,48.68260249927337
2021-10-09,46.5351,43.339660032164865
2021-10-10,53.71337,54.391361806931315
2021-10-11,55.720417,55.43939673577117
2021-10-12,52.673847,49.78362946715521
2021-10-13,60.4832,53.86188427399413
2021-10-14,61.420914,62.922099685171986
2021-10-15,63.068455,61.3106009225472
2021-10-16,62.125484,61.22356263131954
2021-10-17,36.426277,52.9656534908119
2021-10-18,41.343174,48.86813286342698
2021-10-19,48.679356,40.98273911838771
2021-10-20,50.61614,47.939819497701045
2021-10-21,56.085377,51.19401359597022
2021-10-22,52.21094,50.991077421475126
2021-10-23,49.16057,54.74832222850607
2021-10-24,54.603363,56.167477805796935
2021-10-25,62.23756,57.361746107800506
2021-10-26,51.351105,59.123544227996874
2021-10-27,40.613655,50.4568059299371
2021-10-28,40.460705,45.19618497167641
2021-10-29,35.74483,30.082583315692567
2021-10-30,42.020447,39.59955881060151
2021-10-31,50.19793,47.532783322295224
2021-11-01,51.201817,45.77114533488104
2021-11-02,50.754654,50.94393779882486
2021-11-03,47.651546,50.309150376247814
2021-11-04,57.45552,49.05377467545592
2021-11-05,51.486393,47.145498069618974
2021-11-06,50.302826,53.202663141881416
2021-11-07,49.71148,55.861995870738824
2021-11-08,51.578285,52.598427630157545
2021-11-09,55.588573,55.70678336638531
2021-11-10,53.423325,58.94128842976995
2021-11-11,52.88471,57.8688689739833
2021-11-12,47.025574,50.332209218146794
2021-11-13,68.10519,54.16705975092886
2021-11-14,51.54395,54.03844617702041
2021-11-15,51.110516,52.90702064054453
2021-11-16,50.067192,51.009626783474765
2021-11-17,45.119617,57.27062195919018
2021-11-18,51.575497,48.46473112437396
2021-11-19,47.171364,49.4990953615233
2021-11-20,44.278614,51.03860853115362
2021-11-21,48.323963,45.8268154846806
2021-11-22,51.598137,46.99291525504229
2021-11-23,40.856884,43.33321141844143
2021-11-24,47.338913,43.27338126498403
2021-11-25,56.915142,51.2810902612209
2021-11-26,51.14366,54.19144470938262
2021-11-27,51.341164,52.351330953417424
2021-11-28,54.211998,58.69543542164122
2021-11-29,43.17288,51.31392356013187
2021-11-30,45.544113,40.059002740009376
2021-12-01,50.728916,47.80010045399342
2021-12-02,50.9178,48.819115906129504
2021-12-03,49.84437,39.74304920132638
2021-12-04,54.73993,52.91029511759919
2021-12-05,53.732964,56.07313266483405
2021-12-06,55.893837,59.43134497751522
2021-12-07,46.677696,55.20921847984658
2021-12-08,57.042778,45.31844113735446
2021-12-09,49.856323,52.21688330584262
2021-12-10,60.002136,45.960318032484764
2021-12-11,52.47779,58.322484362260234
2021-12-12,24.776205,50.37367181557592
2021-12-13,46.225246,45.80178559703293
2021-12-14,53.724014,45.0393660674438
2021-12-15,56.818943,44.724966315414804
2021-12-16,53.352806,49.43017871121472
2021-12-17,54.78618,51.41572955078127
2021-12-18,61.86934,62.7094404714558
2021-12-19,56.70264,60.116901755679905
2021-12-20,59.78894,48.02287836111881
2021-12-21,55.28839,64.79820275698114
2021-12-22,56.963524,61.261791055016246
2021-12-23,52.349026,54.92236968495892
2021-12-24,56.679962,42.164837795596775
2021-12-25,58.41149,55.52675409805231
2021-12-26,65.3455,67.65300175820086
2021-12-27,57.339077,65.5691625353746
2021-12-28,54.429955,58.77079764490057
2021-12-29,28.840885,56.62463184721541
2021-12-30,38.965508,37.067644184971
2021-12-31,59.187298,44.983698859765326
2022-01-01,39.172787,52.88144695700146
2022-01-02,27.744202,38.79996286487701
2022-01-03,26.34281,24.03625125493737
2022-01-04,31.571438,26.76622784464115
2022-01-05,45.719208,37.760553960605684
2022-01-06,52.25397,39.34075303949495
2022-01-07,60.66942,48.791423759048655
2022-01-08,56.156437,53.05521663013854
2022-01-09,59.77244,55.87470517425875
2022-01-10,33.54849,51.084237750537
2022-01-11,42.7877,49.95732217482381
2022-01-12,49.423836,42.1527051896894
2022-01-13,50.138622,48.246725854823644
2022-01-14,51.629692,51.67176051212397
2022-01-15,23.679024,45.75326561270684
2022-01-16,20.861502,38.198687251931716
2022-01-17,32.528767,32.523088187594965
2022-01-18,46.51891,33.71189682327748
2022-01-19,51.945477,33.634055046549356
2022-01-20,42.282467,58.67726848721147
2022-01-21,46.62217,49.53417351784749
2022-01-22,49.77859,50.79692595531268
2022-01-23,63.395496,49.596375556676435
2022-01-24,52.782204,55.80099407664213
2022-01-25,47.480373,49.329062907402836
2022-01-26,55.2735,44.408113078506595
2022-01-27,64.10484,49.17905635345489
2022-01-28,60.871563,47.26982148069115
2022-01-29,37.285877,59.40664433148594
2022-01-30,45.3459,55.36845430524935
2022-01-31,46.381187,46.97886149143228
2022-02-01,44.348858,49.25906574890093
2022-02-02,46.42718,50.41965933407555
2022-02-03,46.703857,38.039842578558904
2022-02-04,35.380455,37.878779018616356
2022-02-05,30.893915,34.08197052178712
2022-02-06,29.522623,40.68312293281482
2022-02-07,44.625923,36.32019850409412
2022-02-08,71.67976,49.54824668108644
2022-02-09,40.29321,53.55708804235673
2022-02-10,50.943874,57.0210339038592
2022-02-11,55.36641,42.365209113987525
2022-02-12,48.469486,47.14948459511389
2022-02-13,26.890999,47.269486258883994
2022-02-14,32.742233,39.3098592778382
2022-02-15,39.3084,40.90133356358011
2022-02-16,45.562824,41.740058305713276
2022-02-17,38.40295,38.18125336670704
2022-02-18,24.550402,33.553767654293175
2022-02-19,30.406597,32.053515266278346
2022-02-20,35.766994,31.140930702093918
2022-02-21,45.400917,34.33165253905172
2022-02-22,44.170006,38.62371827448408
2022-02-23,43.662792,36.753485315117516
2022-02-24,48.409634,43.56882597377349
2022-02-25,61.672424,48.27566253682752
2022-02-26,55.191265,52.98530084749873
2022-02-27,49.66549,55.83401653250809
2022-02-28,35.686424,52.67521613437755
2022-03-01,40.573654,45.832731450214894
2022-03-02,45.03621,41.499336055950494
2022-03-03,46.64517,37.21197921199068
2022-03-04,49.81445,40.04097581378137
2022-03-05,42.561966,50.384250611737386
2022-03-06,47.655605,40.15127345863329
2022-03-07,44.812077,50.56960437390712
2022-03-08,44.42261,54.178392195506795
2022-03-09,44.64684,43.086295660137864
2022-03-10,44.954773,42.92952934234624
2022-03-11,37.483307,42.88772680020884
2022-03-12,23.29783,42.4885169142943
2022-03-13,35.302116,36.567733077065704
2022-03-14,34.64108,40.47189757527147
2022-03-15,18.92172,31.856033169353232
2022-03-16,21.792847,24.21240610130489
2022-03-17,30.49286,20.43785910373655
2022-03-18,20.146467,18.90782024912289
2022-03-19,20.11651,27.60620566988327
2022-03-20,40.82447,37.71294349410223
2022-03-21,36.74507,29.49393106862876
2022-03-22,14.022456,26.912350417035963
2022-03-23,18.20848,14.293991077165622
2022-03-24,21.982548,14.216279911346582
2022-03-25,21.272724,21.325831425086523
2022-03-26,24.15276,18.096837068015095
2022-03-27,30.679047,25.084587806261354
2022-03-28,37.11768,32.52359355455236
2022-03-29,39.510677,41.13299238051294
2022-03-30,21.819191,33.00897664062402
2022-03-31,18.458523,27.348764092271182
2022-04-01,36.321796,28.687628963698018
2022-04-02,42.00664,31.834674153188125
2022-04-03,39.864315,36.38911086473165
2022-04-04,39.03192,35.23458926033801
2022-04-05,32.542145,35.67124972282784
2022-04-06,22.488798,35.57255378886296
2022-04-07,19.058012,32.65980756580237
2022-04-08,25.675898,24.216672091250388
2022-04-09,31.67132,28.94476184676678
2022-04-10,35.331444,26.05916487302168
2022-04-11,31.83434,28.991142103312058
2022-04-12,37.523132,26.098904646565572
2022-04-13,28.219778,32.25865056722503
2022-04-14,30.385029,33.666905438646836
2022-04-15,39.483273,41.265761001921476
2022-04-16,45.022915,38.97815762840393
2022-04-17,39.856796,45.272015455126365
2022-04-18,40.74221,39.967832854204616
2022-04-19,40.961624,38.53160049543865
2022-04-20,42.127514,35.83396626084398
2022-04-21,47.965313,44.47629444492905
2022-04-22,49.92006,48.62221555603533
2022-04-23,37.982376,47.36269244063213
2022-04-24,44.44235,39.086942264233265
2022-04-25,49.447468,40.1091261621106
2022-04-26,59.965645,53.2178828293618
2022-04-27,49.009647,54.85749570435655
2022-04-28,50.43849,48.97319339050173
2022-04-29,47.444946,45.23658224586723
2022-04-30,45.096203,47.477172384991164
2022-05-01,57.867,52.63093421989108
2022-05-02,55.81627,53.861877217586795
2022-05-03,50.903183,50.70875673161292
2022-05-04,52.296963,49.425666613437066
2022-05-05,47.01194,56.31144680616646
2022-05-06,45.929024,52.24686605181998
2022-05-07,44.25519,48.789448363807416
2022-05-08,46.11747,46.26785393106707
2022-05-09,45.18852,43.902946087755836
2022-05-10,53.335327,44.83693117946783
2022-05-11,55.483044,53.12688737090708
2022-05-12,45.48624,60.763560328531916
2022-05-13,40.201073,50.97352311379984
2022-05-14,41.879284,45.16695668320503
2022-05-15,37.94788,38.32240751606349
2022-05-16,39.70103,39.218547526685796
2022-05-17,33.692314,35.1256318125254
2022-05-18,44.468624,37.80076767253741
2022-05-19,44.074486,39.689794252088575
2022-05-20,41.308685,43.513902462701935
2022-05-21,44.27536,43.75099459799422
2022-05-22,46.137638,44.45278454338459
2022-05-23,48.473083,45.409816381287506
2022-05-24,54.04297,50.311285264963
2022-05-25,46.592983,50.30268171251403
2022-05-26,50.988354,49.858850092278445
2022-05-27,42.718117,48.593407678734195
2022-05-28,43.35329,44.74820052797969
2022-05-29,43.61157,49.135571110640115
2022-05-30,42.21311,43.74436982499072
2022-05-31,47.441162,44.23054229896472
2022-06-01,47.694477,49.78074370903572
2022-06-02,52.326508,51.13230749089572
2022-06-03,43.092113,51.19816616429072
2022-06-04,40.028446,41.635534562809944
2022-06-05,39.87477,37.46824105693415
2022-06-06,38.81815,36.489932531486765
2022-06-07,43.21352,40.488145953963176
2022-06-08,42.41489,42.00612838736926
2022-06-09,53.559338,43.573219262949095
2022-06-10,40.766483,51.148887542199
2022-06-11,47.93146,49.74445126229144
2022-06-12,47.413456,42.43359243271094
2022-06-13,49.6351,45.99431864882465
2022-06-14,58.263836,45.34046362999657
2022-06-15,59.823147,51.99055246841833
2022-06-16,54.72585,54.83287899128936
2022-06-17,47.274704,56.02008035261707
2022-06-18,46.85793,49.91441203787283
2022-06-19,51.481194,53.11036434620045
2022-06-20,48.359833,54.999694022421515
2022-06-21,50.914547,56.310293060524685
2022-06-22,61.422802,56.3669119171749
2022-06-23,51.820423,52.93197799089503
2022-06-24,47.64726,56.62700093324315
2022-06-25,48.843395,57.60074044272024
2022-06-26,53.181072,48.37933489903881
2022-06-27,49.223225,45.55612829936312
2022-06-28,45.032673,47.43775875826544
2022-06-29,46.346416,45.85833996248243
2022-06-30,48.857307,52.05736290863168
2022-07-01,52.44996,51.11591701320218
2022-07-02,52.04195,49.20187025086185
2022-07-03,53.951714,47.0525291847422
2022-07-04,55.642494,48.54328186389558
2022-07-05,51.535645,53.02723503917495
2022-07-06,43.05885,58.14475383562804
2022-07-07,52.664307,57.92946636138845
2022-07-08,53.2206,45.34352945716277
2022-07-09,44.63862,53.2742069471634
2022-07-10,45.417698,43.51577517582022
2022-07-11,43.41445,46.16934313202924
2022-07-12,52.774494,43.979917153784804
2022-07-13,52.037216,48.5268460949047
2022-07-14,55.52088,49.66267460754933
2022-07-15,56.457726,52.42502426945815
2022-07-16,50.48773,53.44196045146457
2022-07-17,48.058807,51.61645113350091
2022-07-18,49.894646,51.87178973164141
2022-07-19,49.66574,48.879983493894095
2022-07-20,49.673496,49.4876756964764
2022-07-21,49.30931,48.73313774407605
2022-07-22,53.646988,53.35330757744569
2022-07-23,51.419514,50.892885211793896
2022-07-24,52.19859,49.6276175816281
2022-07-25,50.931606,53.0630291512126
2022-07-26,47.3457,57.90248477924517
2022-07-27,56.258575,60.96178885375548
2022-07-28,48.610653,54.722953287718575
2022-07-29,56.1651,54.03530550624388
2022-07-30,48.082584,46.32120758227694
2022-07-31,47.704674,45.80992936230047
2022-08-01,53.844143,45.651289910789075
2022-08-02,56.11313,52.138395772427586
2022-08-03,50.555088,53.615945659950874
2022-08-04,53.27605,52.689574669757135
2022-08-05,57.71891,54.700669303377
2022-08-06,53.957558,52.8368558543932
2022-08-07,47.335,53.09936888286541
2022-08-08,46.536366,51.23569769889433
2022-08-09,49.857155,50.617124037473744
2022-08-10,46.258533,50.61313498375857
2022-08-11,45.30213,46.941214017980485
2022-08-12,42.233215,45.849267039647415
2022-08-13,50.160606,43.863581868428234
2022-08-14,62.176304,49.77113090546234
2022-08-15,56.640755,53.953283267828624
2022-08-16,62.494637,56.91174994933584
2022-08-17,54.368298,57.756568322944915
2022-08-18,51.02386,58.734993394618606
2022-08-19,53.80122,54.19362881296777
2022-08-20,50.500607,51.004677567836865
2022-08-21,67.3809,58.89993095034306
2022-08-22,56.621246,61.097129104006825
2022-08-23,49.33635,57.37811072780406
2022-08-24,50.72503,51.71889417989539
2022-08-25,44.34293,55.63801964730599
2022-08-26,50.867916,47.556688801528594
2022-08-27,48.899445,47.51372699361197
2022-08-28,47.741306,46.12956076164184
2022-08-29,57.33405,50.04124639993147
2022-08-30,52.450775,52.13875896864616
2022-08-31,50.727722,49.597292862384144
2022-09-01,58.286983,53.60003392022224
2022-09-02,59.40775,54.94315069609903
2022-09-03,67.3613,62.2789106653198
2022-09-04,61.001682,63.29358245490756
2022-09-05,69.70026,72.51957362200405
2022-09-06,59.28624,61.90286829092218
2022-09-07,58.544876,59.714892074192576
2022-09-08,50.87928,57.96373389508669
2022-09-09,54.07341,53.598618393821845
2022-09-10,59.30117,55.120330498110604
2022-09-11,53.423496,58.19588298509087
2022-09-12,47.17769,50.65034551761248
2022-09-13,48.64906,47.55112414551781
2022-09-14,47.653503,49.299930619841824
2022-09-15,69.631096,57.35544477294204
2022-09-16,55.71603,61.65924258099135
2022-09-17,66.97399,60.757913364404935
2022-09-18,64.99675,62.06059041831998
2022-09-19,64.360565,59.495105013297895
2022-09-20,58.27749,62.94636916061679
2022-09-21,54.836494,62.231365265705406
2022-09-22,55.786922,57.879464546553585
2022-09-23,52.451107,48.80018313762582
2022-09-24,56.45162,56.49260776308219
2022-09-25,54.3955,57.25931682547122
2022-09-26,60.776295,58.36400428987618
2022-09-27,55.371933,53.35626208733279
2022-09-28,61.3884,58.148338130616075
2022-09-29,46.277203,51.497565299463766
2022-09-30,42.415485,51.031961950594294
2022-10-01,45.504436,47.956817349976106
2022-10-02,50.263702,54.2126634868793
2022-10-03,51.126335,47.569058530675804
2022-10-04,59.899986,52.51558011200549
2022-10-05,56.730705,51.93987616639107
2022-10-06,62.1735,54.87626880997017
2022-10-07,55.419323,56.76455559173418
2022-10-08,58.44311,56.63597070346528
2022-10-09,44.422726,52.35411181168133
2022-10-10,54.695053,57.99899934087376
2022-10-11,53.906055,57.76501034661197
2022-10-12,45.311222,50.09727483025782
2022-10-13,42.40971,50.45285530599765
2022-10-14,46.274944,52.37788260686284
2022-10-15,52.78707,48.5263787777998
2022-10-16,49.33731,49.6291037430112
2022-10-17,54.701363,40.733811744585395
2022-10-18,69.443855,51.40889736745183
2022-10-19,42.60519,55.92163107897421
2022-10-20,47.644794,52.68499978800828
2022-10-21,53.49093,52.19567902983547
2022-10-22,50.685825,50.22927550236297
2022-10-23,54.314407,53.586798948406056
2022-10-24,59.240067,58.05834659903903
2022-10-25,26.239584,60.58349369687495
2022-10-26,40.350994,43.31285356273938
2022-10-27,50.386665,36.949249848094816
2022-10-28,56.930195,42.95267751119915
2022-10-29,32.712128,36.90867553528154
2022-10-30,46.622086,41.63340747896672
2022-10-31,67.868225,50.79729431549342
2022-11-01,58.05607,56.004798577115636
2022-11-02,60.133236,59.5189566797838
2022-11-03,56.54805,59.25742147773013
2022-11-04,52.888943,57.99211802998811
2022-11-05,34.201756,49.52521576504146
2022-11-06,48.15539,46.030990186697096
2022-11-07,58.89723,51.098275600603884
2022-11-08,55.189476,54.58462343282217
2022-11-09,58.52486,58.46865483468017
2022-11-10,55.31657,61.762451662981604
2022-11-11,57.793125,60.22910598896488
2022-11-12,48.80488,53.917104176239945
2022-11-13,37.97978,56.904462593195255
2022-11-14,48.826794,40.8128066462239
2022-11-15,41.30245,44.75115230561869
2022-11-16,44.150795,42.037817190878606
2022-11-17,76.87532,49.73453948568538
2022-11-18,73.57572,59.971627672103686
2022-11-19,59.9946,66.06588849471363
2022-11-20,84.150734,65.77618477332038
2022-11-21,71.139336,72.7487972608314
2022-11-22,72.66051,71.92955732550676
2022-11-23,58.92161,66.3751718592901
2022-11-24,59.285652,63.916743773709435
2022-11-25,63.79569,67.71242358549154
2022-11-26,67.06972,65.97186274771522
2022-11-27,55.98663,66.1351621138035
2022-11-28,61.7061,68.0387062526382
2022-11-29,56.96027,59.74372966723719
2022-11-30,50.987194,51.10392748204955
2022-12-01,80.83679,56.11774113820367
2022-12-02,64.2757,67.67587716444648
2022-12-03,57.505005,55.95005470540255
2022-12-04,63.662727,64.95359747510899
2022-12-05,56.169643,66.58746299304481
2022-12-06,60.863605,66.02243808865715
2022-12-07,60.78939,60.99289025801201
2022-12-08,54.728813,55.169479513157185
2022-12-09,55.667538,56.13586176732235
2022-12-10,59.73918,50.82070983891635
2022-12-11,61.19023,60.6450026607658
2022-12-12,56.400433,55.73240402554761
2022-12-13,57.111412,63.92650160132778
2022-12-14,49.297676,59.67224186612068
2022-12-15,35.87052,50.12956249501142
2022-12-16,60.18953,42.04407595530408
2022-12-17,49.290504,50.897929210339214
2022-12-18,64.20083,59.75747128142071
2022-12-19,61.786358,59.70209683967169
2022-12-20,36.74568,50.29098784418758
2022-12-21,58.645397,54.74874228456022
2022-12-22,53.65034,57.69728256891728
2022-12-23,40.945724,51.4679167997505
2022-12-24,39.798515,34.88481573041876
2022-12-25,47.68309,43.55377957620216
2022-12-26,47.75408,56.251414848058744
2022-12-27,47.013874,51.137707242042225
2022-12-28,51.24825,46.31598099549084
2022-12-29,54.58378,48.587012084578625
2022-12-30,49.20306,45.437188285368
2022-12-31,45.136955,54.27578703469556
2023-01-01,57.780945,50.79757077663523
2023-01-02,66.35416,46.726775258912326
2023-01-03,33.065586,46.840635213292074
2023-01-04,32.675835,41.78598289286407
2023-01-05,47.060257,46.04251476782894
2023-01-06,50.544792,44.26306192396329
2023-01-07,53.54344,50.488718571962075
2023-01-08,53.73729,50.447083834148444
2023-01-09,57.265644,53.34486972705084
2023-01-10,55.94314,48.50176357173876
2023-01-11,56.934456,59.47783777966365
2023-01-12,51.439796,53.936814169321664
2023-01-13,28.480236,55.28030954741815
2023-01-14,39.472595,44.797235918914446
2023-01-15,43.82106,36.25369485958258
2023-01-16,51.854645,43.044752859302584
2023-01-17,55.826214,50.05800688612684
2023-01-18,52.899853,54.06061075440368
2023-01-19,35.31822,47.22747671853818
2023-01-20,49.22437,57.55076250168113
2023-01-21,53.599133,52.33097794260594
2023-01-22,53.293365,55.60969233362661
2023-01-23,64.07041,53.8028525014297
2023-01-24,48.64511,58.247314073337265
2023-01-25,27.224392,48.57764098409288
2023-01-26,45.369015,34.22712188538779
2023-01-27,60.17811,39.122770942588225
2023-01-28,48.696934,40.160190998504326
2023-01-29,50.906734,49.74610309957662
2023-01-30,60.377926,56.99059596280911
2023-01-31,56.96058,55.102838811596385
2023-02-01,76.174675,58.55224426712841
2023-02-02,72.021065,70.61624259425457
2023-02-03,46.1166,60.87436591664426
2023-02-04,39.07053,49.34349976790082
2023-02-05,44.199226,41.772122814095596
2023-02-06,47.832767,51.063963652009306
2023-02-07,51.786953,50.57601742055311
2023-02-08,56.858097,60.39304085037334
2023-02-09,40.03902,51.88445331670375
2023-02-10,70.051636,56.037193563059574
2023-02-11,26.284042,51.139431892827794
2023-02-12,34.112373,37.556677060541034
2023-02-13,43.18519,35.302244836569365
2023-02-14,39.763023,41.039627435573486
2023-02-15,48.70451,45.19162608523025
2023-02-16,37.981075,48.503382341161775
2023-02-17,20.636238,37.979752740495506
2023-02-18,22.963932,24.81218251122095
2023-02-19,38.88238,26.775698892742586
2023-02-20,44.856327,32.52111628285079
2023-02-21,42.613636,39.44647050772894
2023-02-22,31.153938,39.88840056979354
2023-02-23,30.164648,31.09329287231963
2023-02-24,49.04948,34.09247018021431
2023-02-25,53.082695,43.69930390873041
2023-02-26,48.37207,46.424443154671245
2023-02-27,46.764267,49.11242971180321
2023-02-28,49.35987,47.76225150435933
2023-03-01,45.69243,49.9305747624279
2023-03-02,27.663921,46.09994548601246
2023-03-03,14.915763,31.174962367232347
2023-03-04,23.782312,21.547727797397137
2023-03-05,40.55477,28.1784298008954
2023-03-06,42.633244,27.737161595315847
2023-03-07,45.11009,41.6852962740054
2023-03-08,42.161232,49.71366073512241
2023-03-09,42.36793,39.69872920393152
2023-03-10,39.8097,40.064836299532
2023-03-11,41.900883,38.887146098797615
2023-03-12,38.478863,42.51748275267012
2023-03-13,45.267956,43.9610198696988
2023-03-14,70.96336,49.090451784324024
2023-03-15,46.067017,53.86360455967672
2023-03-16,43.048042,48.728451879980724
2023-03-17,32.68412,43.40125182798654
2023-03-18,29.919472,31.790075323438156
2023-03-19,55.24675,38.955561078521335
2023-03-20,65.95381,60.59339946645247
2023-03-21,38.147476,53.46991236828116
2023-03-22,46.698486,39.90959429156372
2023-03-23,49.534695,36.85092588227024
2023-03-24,37.303818,41.025230689962086
2023-03-25,38.31194,42.55340215647603
2023-03-26,40.806316,37.30664230179438
2023-03-27,43.01144,43.05102307297568
2023-03-28,42.069923,47.75453903272693
2023-03-29,47.863754,51.36628485573877
2023-03-30,47.605907,42.301383427999326
2023-03-31,41.344017,44.62415758170898
2023-04-01,42.87804,48.711763113371696
2023-04-02,43.768414,45.33905233978158
2023-04-03,42.70418,44.18510825966717
2023-04-04,47.735596,40.621695437589274
2023-04-05,47.495285,42.6376381743176
2023-04-06,48.591053,46.373453411629946
2023-04-07,69.40434,50.860352307451684
2023-04-08,61.56869,58.01212648814615
2023-04-09,62.673233,63.76090977608989
2023-04-10,61.06557,59.04600800014546
2023-04-11,52.34451,58.45330738696132
2023-04-12,42.58932,51.24613380340125
2023-04-13,40.964127,47.64530856242789
2023-04-14,43.979588,47.769584489436795
2023-04-15,35.530247,55.118973235046134
2023-04-16,29.359808,44.22014703880193
2023-04-17,53.311115,40.35435977780683
2023-04-18,39.225857,43.94470307984511
2023-04-19,43.643723,39.8408276733157
2023-04-20,42.390465,37.804035039638805
2023-04-21,42.82024,45.60094134169256
2023-04-22,41.68093,46.69316383641509
2023-04-23,36.702682,42.33967182376272
2023-04-24,39.21839,35.89445317725856
2023-04-25,42.698395,35.92725920582552
2023-04-26,38.789337,47.77180198909496
2023-04-27,40.80558,41.75007690408762
2023-04-28,34.784153,38.237401978628505
2023-04-29,18.476522,32.10261634942287
2023-04-30,24.50715,26.646113037216786
2023-05-01,20.764627,31.91154796685058
2023-05-02,34.49095,25.17928474267415
2023-05-03,41.77878,25.558214082280145
2023-05-04,37.019516,32.01653928131746
2023-05-05,37.677185,39.8855612863358
2023-05-06,39.14489,39.24065809987541
2023-05-07,37.7866,38.78096135347354
2023-05-08,39.29828,37.96564232557748
2023-05-09,42.56778,36.30511224401827
2023-05-10,39.80212,39.648853204427255
2023-05-11,45.859043,43.86840936922027
2023-05-12,54.54928,51.27051452974723
2023-05-13,54.304,50.45841885222988
2023-05-14,59.120094,51.73385043415375
2023-05-15,41.366238,50.05434432260506
2023-05-16,48.842953,46.91915078235642
2023-05-17,43.64062,43.51022303094833
2023-05-18,45.669434,46.95174624610248
2023-05-19,47.115955,44.977071834299196
2023-05-20,58.31284,47.688046578966194
2023-05-21,51.050728,54.13270346568811
2023-05-22,40.054707,53.082580804633054
2023-05-23,44.16069,46.90948313082279
2023-05-24,43.86677,48.985778340300655
2023-05-25,40.99213,44.66087461345361
2023-05-26,37.463913,44.23222380520889
2023-05-27,38.765087,39.11090773935298
2023-05-28,45.868855,37.9359448060659
2023-05-29,44.435482,46.81441687771016
2023-05-30,38.86487,42.941098372680386
2023-05-31,44.69771,42.192347417629804
2023-06-01,53.33916,47.37501625339336
2023-06-02,62.266052,52.61807115638241
2023-06-03,55.45957,56.743888307062086
2023-06-04,53.815838,50.488818133088834
2023-06-05,42.775993,48.71092833601681
2023-06-06,36.407764,43.68554169149853
2023-06-07,45.238243,43.023588143813534
2023-06-08,48.7783,44.27716999119049
2023-06-09,49.21188,47.83572811962974
2023-06-10,52.336323,51.18488846381427
2023-06-11,50.149014,55.37190568260886
2023-06-12,48.11466,46.41501005030924
2023-06-13,49.51239,48.37321550947772
2023-06-14,39.23496,46.51731061968125
2023-06-15,42.57357,43.359414172750235
2023-06-16,41.24523,41.993520344555236
2023-06-17,43.882637,42.83167420751321
2023-06-18,41.30967,41.46351203634644
2023-06-19,41.112164,46.05140392040848
2023-06-20,41.89124,46.310357272834345
2023-06-21,38.555855,48.68220152114971
2023-06-22,45.479218,46.45556687819883
2023-06-23,45.55343,40.068199880647356
2023-06-24,43.028088,46.920764441704875
2023-06-25,47.49358,50.340910692555205
2023-06-26,45.871037,43.995906873557054
2023-06-27,42.666985,39.738112916365736
2023-06-28,44.024696,41.23291117214049
2023-06-29,50.369564,42.16078935431824
2023-06-30,55.95698,52.07536467118243
2023-07-01,47.61166,54.560492138643035
2023-07-02,46.2395,48.62792166940569
2023-07-03,47.78113,43.943001944592865
2023-07-04,43.634403,43.93773443204013
2023-07-05,43.34034,44.80274005853856
2023-07-06,65.70768,49.886839071513954
2023-07-07,68.72185,64.64291595681743
2023-07-08,54.76324,56.6017974481084
2023-07-09,55.139126,59.782795992349136
2023-07-10,51.307796,51.97155000115541
2023-07-11,49.488617,53.36329150537878
2023-07-12,48.023846,50.648500294796456
2023-07-13,49.44277,49.6443040607378
2023-07-14,50.191742,48.975859908129834
2023-07-15,48.665615,49.473078333934524
2023-07-16,46.45582,48.116293614607656
2023-07-17,50.18871,46.90067198341406
2023-07-18,48.29064,50.45950052859786
2023-07-19,50.15658,47.36777402830373
2023-07-20,49.8225,48.93058938106679
2023-07-21,47.205704,48.50586683464303
2023-07-22,49.509895,52.20402178928553
2023-07-23,48.430637,48.2841448268822
2023-07-24,55.292645,46.82556010788765
2023-07-25,51.886993,53.09127549764943
2023-07-26,49.221416,58.347810420587386
2023-07-27,53.33106,62.10060055166449
2023-07-28,47.01542,53.87742441296522
2023-07-29,49.275784,52.83247309448259
2023-07-30,50.133602,42.350820118817865
2023-07-31,45.39071,44.7410248097183
2023-08-01,44.91258,43.980702380314874
2023-08-02,45.12178,46.92888632850269
2023-08-03,49.4244,45.57569905828405
2023-08-04,46.903873,47.98702585979888
2023-08-05,48.725986,49.18040070451746
2023-08-06,43.64988,45.615577909276354
2023-08-07,44.784374,44.35197933838675
2023-08-08,45.04631,45.474682710018
2023-08-09,45.395756,46.91790527290508
2023-08-10,45.27685,46.522375038967525
2023-08-11,51.700603,44.347643430685444
2023-08-12,55.371994,47.591530096618506
2023-08-13,52.229153,51.135052327696975
2023-08-14,48.730747,54.52794960752216
2023-08-15,49.4359,49.86368452242851
2023-08-16,41.48486,51.30583933481247
2023-08-17,44.113213,44.656265221125665
2023-08-18,50.25254,46.98396942606929
2023-08-19,51.162945,47.75789192917274
2023-08-20,46.047974,46.3919917240682
2023-08-21,43.163124,54.370562974900864
2023-08-22,37.154114,46.99017308163113
2023-08-23,56.208134,40.648535873449305
2023-08-24,52.27644,46.41335782763352
2023-08-25,49.58442,53.6143467103132
2023-08-26,55.373142,49.0707985346519
2023-08-27,52.975185,50.460026204396684
2023-08-28,44.059994,49.612161376678785
2023-08-29,38.5243,50.057035954180144
2023-08-30,46.14872,43.01053755366769
2023-08-31,35.327564,41.82275232411072
2023-09-01,35.629383,42.12510365871039
2023-09-02,37.354935,38.035134269828994
2023-09-03,42.42478,42.860866355578736
2023-09-04,47.04776,41.165219555597105
2023-09-05,50.57496,54.32560246711594
2023-09-06,48.312428,43.23760401118475
2023-09-07,46.668262,44.756261560744875
2023-09-08,46.52306,44.46472241856899
2023-09-09,45.439854,44.52533175551564
2023-09-10,40.000576,46.251861399672606
2023-09-11,44.01862,44.23915728357044
2023-09-12,41.208706,38.88188541585134
2023-09-13,37.561295,38.58351789405871
2023-09-14,44.17379,39.28298920178831
2023-09-15,49.28746,50.518707887620664
2023-09-16,47.362957,48.22525758652098
2023-09-17,48.322006,49.79338742790803
2023-09-18,52.35758,47.348829899617236
2023-09-19,48.679928,45.77224243873602
2023-09-20,52.580223,48.23518798211271
2023-09-21,54.021347,51.85961714531841
2023-09-22,49.84423,52.130224642031436
2023-09-23,52.293335,42.95544393718297
2023-09-24,51.963924,53.37824132789133
2023-09-25,51.70463,53.45985303894782
2023-09-26,49.259045,55.099370879809335
2023-09-27,42.75029,46.0809256772746
2023-09-28,43.271088,48.271432913656284
2023-09-29,40.799057,37.59446754814624
2023-09-30,43.388405,41.18202310708814
2023-10-01,43.59366,43.344799754447656
2023-10-02,45.977604,50.89090965372304
2023-10-03,44.727863,43.78373291982019
2023-10-04,51.354084,47.45970986641623
2023-10-05,46.44056,45.17365236726194
2023-10-06,50.14788,46.394116024768195
2023-10-07,43.91084,46.530832816139345
2023-10-08,52.710785,45.77529436522647
2023-10-09,42.17888,43.937339960445556
2023-10-10,60.462444,52.56579450701304
2023-10-11,56.702103,57.73943584368875
2023-10-12,40.18368,51.42373945460247
2023-10-13,42.21688,48.63526070380421
2023-10-14,59.45755,51.338505680565525
2023-10-15,48.395794,54.38455961665243
2023-10-16,34.10369,50.504550083427105
2023-10-17,41.396053,33.82974786697818
2023-10-18,36.434753,41.39921154187978
2023-10-19,36.601147,34.687108634552196
2023-10-20,38.152267,38.82233348996855
2023-10-21,44.41912,40.445084196174555
2023-10-22,43.62998,39.75640725651418
2023-10-23,52.83312,44.75225101354678
2023-10-24,56.470314,52.76929470544984
2023-10-25,88.48882,56.418954913491774
2023-10-26,81.73946,71.36458718672509
2023-10-27,67.495995,71.49713631613618
2023-10-28,54.95806,69.06164465076381
2023-10-29,53.169704,49.37890216426757
2023-10-30,52.97673,57.98590326354028
2023-10-31,47.30547,62.3316905581437
2023-11-01,39.42162,51.95627353273477
2023-11-02,47.45024,48.39051480503897
2023-11-03,52.454784,47.351526481957535
2023-11-04,47.53351,49.84629485021296
2023-11-05,45.71024,42.691530329727286
2023-11-06,48.02392,48.10351914994296
2023-11-07,53.682034,52.1054896599695
2023-11-08,52.612556,52.550939246448344
2023-11-09,52.661053,56.15777188245286
2023-11-10,69.50716,57.70334692878582
2023-11-11,74.96381,65.00213578747562
2023-11-12,75.98524,64.67745895046593
2023-11-13,81.62963,75.57724426245125
2023-11-14,65.11221,71.63796609013872
2023-11-15,63.267612,68.5120837444193
2023-11-16,56.421837,64.94089796395434
2023-11-17,59.56439,67.54502150270082
2023-11-18,50.39222,60.741128146139616
2023-11-19,59.556347,55.18052259046545
2023-11-20,58.16242,59.9882175419384
2023-11-21,36.289577,57.11934436569098
2023-11-22,47.215622,46.97949795802296
2023-11-23,53.627533,41.143449035177255
2023-11-24,52.07203,48.32207629969673
2023-11-25,48.807487,56.158555904633126
2023-11-26,54.728558,52.74924508679936
2023-11-27,66.32936,53.29577808399386
2023-11-28,82.812294,66.41542478563477
2023-11-29,69.93252,69.1219467572596
2023-11-30,59.04226,62.220993943257966
2023-12-01,52.709812,65.80197694494652
2023-12-02,61.812733,58.979824444934295
2023-12-03,42.034733,50.26760998893969
2023-12-04,59.0085,54.51078059892415
2023-12-05,62.366516,58.91015828036558
2023-12-06,77.85899,65.05988345844403
2023-12-07,85.97132,68.72492310436341
2023-12-08,62.89782,71.3422838624682
2023-12-09,65.93138,68.4286869309826
2023-12-10,27.816946,62.14631718543754
2023-12-11,47.77097,51.003598539159206
2023-12-12,58.144672,44.24573516109888
2023-12-13,64.92105,58.81234544991817
2023-12-14,89.04709,60.79377973784702
2023-12-15,68.09953,69.93530982039859
2023-12-16,57.85803,67.93656865066946
2023-12-17,46.205215,63.07904976850486
2023-12-18,53.121834,64.55396616565669
2023-12-19,52.39901,56.796475780823826
2023-12-20,48.52588,44.19810901304875
2023-12-21,49.57359,57.33549611196236
2023-12-22,66.49987,54.61011278128757
2023-12-23,64.95313,56.06967283551256
2023-12-24,47.87987,48.90868266354351
2023-12-25,51.416996,54.69312898625217
2023-12-26,73.838806,63.76957373625478
2023-12-27,73.86115,67.64783942427971
2023-12-28,52.194874,67.84806663917229
2023-12-29,81.019104,60.15189232970932
2023-12-30,51.788746,64.191132164798
2023-12-31,50.28203,65.16832449933281
2024-01-01,57.070976,58.93712470833074
2024-01-02,64.52226,50.602068564705334
2024-01-03,53.96142,47.866400937343315
2024-01-04,50.135773,52.43259598872907
2024-01-05,59.874733,60.004550559768745
2024-01-06,48.67784,57.676165755843684
2024-01-07,69.09261,56.49009462778381
2024-01-08,47.46153,61.06328476279283
2024-01-09,20.890776,55.7763342894168
2024-01-10,42.71671,32.139975499206095
2024-01-11,48.8531,44.592275560028206
2024-01-12,22.383724,42.32754280314235
2024-01-13,41.99591,35.15063469398586
2024-01-14,44.20571,40.98722751565017
2024-01-15,54.146267,36.59638383914726
2024-01-16,50.162994,48.21249874970439
2024-01-17,45.124115,51.888132255253986
2024-01-18,44.77467,49.79584791971657
2024-01-19,30.532513,41.055367699773775
2024-01-20,56.07862,52.043685047022805
2024-01-21,67.56182,52.81718392695545
2024-01-22,68.18515,62.60190785324311
2024-01-23,57.09344,64.64046979851457
2024-01-24,56.130444,60.40694493017353
2024-01-25,56.157753,53.27872949668619
2024-01-26,51.58342,50.726512462771865
2024-01-27,30.753908,50.66058916035625
2024-01-28,33.919094,31.828695475466745
2024-01-29,41.186317,38.26095035367831
2024-01-30,48.562668,46.348163580830644
2024-01-31,42.279156,43.872548047863866
2024-02-01,47.70586,45.67002060749166
2024-02-02,45.375378,50.13227993476231
2024-02-03,24.011196,37.34899363340943
2024-02-04,33.005127,26.493550199049857
2024-02-05,14.50331,27.056420618538148
2024-02-06,37.025486,29.0633960164423
2024-02-07,39.384438,33.98390819886449
2024-02-08,47.909008,45.799655979219565
2024-02-09,48.470978,39.98700323975434
2024-02-10,53.625973,54.025544548847115
2024-02-11,39.808483,42.0473417318242
2024-02-12,25.619059,39.449043518657
2024-02-13,38.040115,32.18090589458784
2024-02-14,40.823593,36.90460890103463
2024-02-15,64.22737,43.5699657059864
2024-02-16,59.54305,55.13925440302276
2024-02-17,68.40565,51.81921909248547
2024-02-18,53.729183,55.11139351030175
2024-02-19,45.228264,57.33491570798524
2024-02-20,42.779015,51.358997943121636
2024-02-21,45.733986,48.13322577009383
2024-02-22,46.91346,45.845284757453186
2024-02-23,22.775726,41.80590276793766
2024-02-24,27.724165,36.06970649413583
2024-02-25,40.180573,34.36982859264681
2024-02-26,41.83336,35.33237617446785
2024-02-27,45.09891,40.198877340318816
2024-02-28,45.827564,42.35188756411439
2024-02-29,42.046173,45.40242821140373
2024-03-01,53.49446,41.953030686176874
2024-03-02,41.500095,41.53534989409903
2024-03-03,43.4861,39.79958236967314
2024-03-04,44.691868,47.15348860702118
2024-03-05,32.70246,39.530538369726884
2024-03-06,38.194477,42.92739539439316
2024-03-07,44.59791,46.96986685909634
2024-03-08,31.762249,39.47407890003282
2024-03-09,24.830267,34.79539668762007
2024-03-10,28.253733,28.90962976893369
2024-03-11,47.813618,30.731064313528066
2024-03-12,39.78981,42.39725766986489
2024-03-13,39.584557,45.666068938304655
2024-03-14,45.015213,36.82271767414156
2024-03-15,48.20188,39.415417444028066
2024-03-16,51.721764,41.06627164991718
2024-03-17,42.383347,39.811883986522844
2024-03-18,60.16393,49.16207328755557
2024-03-19,76.024826,68.20724116391214
2024-03-20,46.377842,62.21868818555521
2024-03-21,45.637917,48.45047782310531
2024-03-22,28.603804,40.74870281497195
2024-03-23,19.221563,32.85368693450755
2024-03-24,41.30082,29.56670267190761
2024-03-25,16.483358,32.05598302147236
2024-03-26,23.40407,28.54348571329302
2024-03-27,35.71528,30.746780876109828
2024-03-28,42.219074,39.502845376985924
2024-03-29,31.18024,33.452536643569445
2024-03-30,40.520103,32.07162465791382
2024-03-31,37.461254,41.81561879512512
2024-04-01,41.191494,39.1545683033354
2024-04-02,28.382124,39.73362563317665
2024-04-03,22.378368,31.397037781608052
2024-04-04,22.891846,25.580720259169176
2024-04-05,30.342264,25.63731303823896
2024-04-06,38.253426,31.345073004707928
2024-04-07,44.617123,32.80835522034109
2024-04-08,43.78459,42.51964265714576
2024-04-09,32.57046,38.93006061170726
2024-04-10,19.19517,34.241098846062954
2024-04-11,28.267263,22.67832187545215
2024-04-12,32.435757,25.95575933207242
2024-04-13,36.24007,32.43839494058827
2024-04-14,37.064125,43.409667808032154
2024-04-15,41.525665,38.91772936804797
2024-04-16,42.153236,43.56023163525226
2024-04-17,41.811543,40.145540695073706
2024-04-18,45.475613,39.13991745784713
2024-04-19,41.592846,38.31995184884217
2024-04-20,40.93576,45.45322608300964
2024-04-21,49.183796,45.68828341822043
2024-04-22,69.6329,45.44146969650788
2024-04-23,50.832054,53.45050436874867
2024-04-24,39.919884,50.61081765978775
2024-04-25,44.775852,53.95978170538253
2024-04-26,49.11483,47.850645214040526
2024-04-27,39.394554,45.393531177706365
2024-04-28,40.75723,37.9951776761111
2024-04-29,38.86427,40.491978810610746
2024-04-30,43.641354,45.979835785780516
2024-05-01,46.928528,43.55485549503363
2024-05-02,39.342106,41.071697549422666
2024-05-03,40.034687,38.80882830135863
2024-05-04,48.91395,44.82460381543065
2024-05-05,52.58168,47.225258508745895
2024-05-06,45.762775,49.39624734323664
2024-05-07,41.70866,47.302227617284075
2024-05-08,32.917477,42.29244868552605
2024-05-09,29.31038,38.04202390445166
2024-05-10,29.223019,37.951807791898766
2024-05-11,36.098892,40.152602125428814
2024-05-12,39.26321,35.77517734951303
2024-05-13,36.55891,36.86779630296456
2024-05-14,32.94305,31.40774273561233
2024-05-15,37.5273,33.22752862640544
2024-05-16,34.901886,30.947743276743196
2024-05-17,32.951374,36.220845535282805
2024-05-18,36.74692,33.27587027415763
2024-05-19,32.09664,36.63490996579171
2024-05-20,34.01151,35.690109976935894
2024-05-21,38.810074,35.277468357113214
2024-05-22,35.39566,37.12755954242951
2024-05-23,39.852386,39.67545976956285
2024-05-24,42.692543,37.90307543557064
2024-05-25,41.49583,41.54899628855939
2024-05-26,43.22649,39.68180200960879
2024-05-27,39.128548,40.398949987980615
2024-05-28,37.06409,44.78780777711867
2024-05-29,39.13659,38.31080442679378
2024-05-30,41.112812,39.937707113555845
2024-05-31,42.339046,44.47223772883778
2024-06-01,44.823643,45.790631739472246
2024-06-02,42.18932,44.73761111201523
2024-06-03,38.985405,37.864646059862224
2024-06-04,41.58395,34.98071301221283
2024-06-05,39.291462,36.00633806942767
2024-06-06,42.11789,40.466411632983615
2024-06-07,40.942368,41.44052779877375
2024-06-08,37.99264,42.559126937874865
2024-06-09,43.75536,43.01702997532706
2024-06-10,48.74661,46.974955504938926
2024-06-11,44.845303,41.40607138489845
2024-06-12,40.60712,44.19226381334512
2024-06-13,35.860424,40.016898660817326
2024-06-14,38.42771,38.37366122909198
2024-06-15,38.67708,37.40150269631232
2024-06-16,41.0603,39.21089275644264
2024-06-17,36.532726,38.21420636820813
2024-06-18,45.363205,42.039268196743734
2024-06-19,70.360054,46.28801715183232
2024-06-20,87.0177,62.43206375793492
2024-06-21,68.35594,77.03006542063042
2024-06-22,60.857166,66.93341651197107
2024-06-23,77.28182,68.16803487559865
2024-06-24,81.43178,77.88761819127504
2024-06-25,55.10938,74.65024676162126
2024-06-26,54.710136,60.02828326013652
2024-06-27,54.831978,57.52806598182401
2024-06-28,53.81422,55.807761671577374
2024-06-29,54.73864,60.76792179347747
2024-06-30,81.87416,58.42265520361281
2024-07-01,70.80788,67.21193399755373
2024-07-02,55.35412,65.43680805308439
2024-07-03,53.863194,58.68062046832211
2024-07-04,54.182686,57.35328744362154
2024-07-05,57.442265,61.644700839354726
2024-07-06,54.312134,66.67313037931083
2024-07-07,49.469162,50.64827432735946
2024-07-08,56.927193,54.12876848009698
2024-07-09,51.859993,49.916894951662684
2024-07-10,67.123856,52.55198653518323
2024-07-11,70.66392,58.76114388098564
2024-07-12,63.081158,64.78998513691022
2024-07-13,59.38626,63.3912388015678
2024-07-14,55.16927,61.35180788219188
2024-07-15,52.16185,57.385199665283636
2024-07-16,51.24051,54.44926381532421
2024-07-17,58.221424,54.842632435517544
2024-07-18,54.135906,54.439843005755776
2024-07-19,55.186695,54.493393834488586
2024-07-20,51.412918,53.95943393304434
2024-07-21,63.332344,57.042788800857686
2024-07-22,58.65066,57.47103947402158
2024-07-23,51.45356,56.52527110259903
2024-07-24,62.685513,56.207078842886055
2024-07-25,74.648766,65.15649441480382
2024-07-26,75.09463,77.9181140740831
2024-07-27,81.33927,72.57515811407808
2024-07-28,60.79303,79.1021936240838
2024-07-29,58.11854,61.5044669737804
2024-07-30,61.93032,58.46855708913894
