Fecha,RH12
2020-01-01,66.83522
2020-01-02,67.10795
2020-01-03,41.48878
2020-01-04,33.920467
2020-01-05,38.91755
2020-01-06,42.927982
2020-01-07,33.454
2020-01-08,42.158688
2020-01-09,48.561974
2020-01-10,51.043488
2020-01-11,20.401815
2020-01-12,35.27708
2020-01-13,45.046143
2020-01-14,55.63531
2020-01-15,63.66509
2020-01-16,65.624504
2020-01-17,64.33706
2020-01-18,57.15089
2020-01-19,57.739162
2020-01-20,46.770164
2020-01-21,57.41192
2020-01-22,52.153915
2020-01-23,62.378757
2020-01-24,51.967056
2020-01-25,70.444756
2020-01-26,83.40924
2020-01-27,47.205868
2020-01-28,57.137657
2020-01-29,29.3097
2020-01-30,50.841576
2020-01-31,54.567726
2020-02-01,52.59675
2020-02-02,56.07748
2020-02-03,57.598793
2020-02-04,51.499344
2020-02-05,38.423077
2020-02-06,38.173706
2020-02-07,55.739983
2020-02-08,54.41266
2020-02-09,50.28534
2020-02-10,55.78217
2020-02-11,60.257298
2020-02-12,56.156418
2020-02-13,40.406673
2020-02-14,51.236446
2020-02-15,43.55067
2020-02-16,50.64654
2020-02-17,49.815018
2020-02-18,52.160244
2020-02-19,49.005993
2020-02-20,52.11377
2020-02-21,51.326077
2020-02-22,43.46004
2020-02-23,47.97519
2020-02-24,53.028805
2020-02-25,37.998077
2020-02-26,22.944721
2020-02-27,19.399843
2020-02-28,34.047367
2020-02-29,44.45656
2020-03-01,48.40198
2020-03-02,45.28659
2020-03-03,45.361813
2020-03-04,21.780083
2020-03-05,33.210835
2020-03-06,28.01828
2020-03-07,41.442497
2020-03-08,47.653244
2020-03-09,42.202553
2020-03-10,49.64917
2020-03-11,47.094883
2020-03-12,50.395496
2020-03-13,45.57107
2020-03-14,55.88385
2020-03-15,59.052986
2020-03-16,52.510612
2020-03-17,45.854298
2020-03-18,47.901653
2020-03-19,46.828514
2020-03-20,54.4329
2020-03-21,57.102573
2020-03-22,45.69561
2020-03-23,39.100647
2020-03-24,41.195637
2020-03-25,42.410316
2020-03-26,41.933342
2020-03-27,43.2795
2020-03-28,42.99916
2020-03-29,51.76053
2020-03-30,52.6509
2020-03-31,44.62228
2020-04-01,44.417023
2020-04-02,35.72722
2020-04-03,53.424103
2020-04-04,47.52158
2020-04-05,52.666794
2020-04-06,55.801018
2020-04-07,50.936714
2020-04-08,45.43242
2020-04-09,45.963425
2020-04-10,45.665558
2020-04-11,42.825977
2020-04-12,16.579819
2020-04-13,24.86306
2020-04-14,33.601936
2020-04-15,63.885258
2020-04-16,63.64509
2020-04-17,47.026733
2020-04-18,53.36414
2020-04-19,38.481262
2020-04-20,32.66157
2020-04-21,45.38854
2020-04-22,42.38242
2020-04-23,37.15861
2020-04-24,33.004276
2020-04-25,41.883392
2020-04-26,50.1754
2020-04-27,46.327694
2020-04-28,44.71902
2020-04-29,40.652336
2020-04-30,49.776875
2020-05-01,40.039215
2020-05-02,43.084774
2020-05-03,43.111214
2020-05-04,39.64055
2020-05-05,41.993523
2020-05-06,37.73401
2020-05-07,42.918236
2020-05-08,44.601265
2020-05-09,39.18857
2020-05-10,36.156155
2020-05-11,39.832794
2020-05-12,40.691914
2020-05-13,51.354282
2020-05-14,50.736057
2020-05-15,51.183216
2020-05-16,41.24777
2020-05-17,33.792816
2020-05-18,37.45689
2020-05-19,37.75885
2020-05-20,42.662594
2020-05-21,46.40059
2020-05-22,48.70974
2020-05-23,46.391098
2020-05-24,52.588264
2020-05-25,49.44571
2020-05-26,49.440895
2020-05-27,54.099216
2020-05-28,44.864967
2020-05-29,59.77823
2020-05-30,38.351826
2020-05-31,41.173298
2020-06-01,50.582268
2020-06-02,48.061886
2020-06-03,44.849213
2020-06-04,43.521023
2020-06-05,44.15605
2020-06-06,42.12666
2020-06-07,38.970234
2020-06-08,39.824535
2020-06-09,39.372845
2020-06-10,47.431854
2020-06-11,63.62
2020-06-12,35.39193
2020-06-13,37.47319
2020-06-14,38.88349
2020-06-15,36.897778
2020-06-16,42.524055
2020-06-17,45.85872
2020-06-18,45.95046
2020-06-19,48.175762
2020-06-20,43.35909
2020-06-21,47.775654
2020-06-22,45.982914
2020-06-23,47.726143
2020-06-24,56.880924
2020-06-25,77.06577
2020-06-26,74.641815
2020-06-27,55.901314
2020-06-28,47.18786
2020-06-29,50.3123
2020-06-30,48.3041
2020-07-01,48.702473
2020-07-02,52.838554
2020-07-03,46.816113
2020-07-04,43.708473
2020-07-05,45.258873
2020-07-06,53.882645
2020-07-07,51.204643
2020-07-08,52.711216
2020-07-09,53.7883
2020-07-10,48.016094
2020-07-11,45.341747
2020-07-12,38.766964
2020-07-13,41.45301
2020-07-14,42.293438
2020-07-15,46.98172
2020-07-16,49.627743
2020-07-17,45.959145
2020-07-18,50.962967
2020-07-19,40.654278
2020-07-20,41.184128
2020-07-21,44.732952
2020-07-22,38.55245
2020-07-23,43.407265
2020-07-24,40.317154
2020-07-25,39.518528
2020-07-26,58.49366
2020-07-27,88.43895
2020-07-28,77.63942
2020-07-29,90.277435
2020-07-30,58.967735
2020-07-31,53.28318
2020-08-01,50.84535
2020-08-02,55.57745
2020-08-03,51.14615
2020-08-04,52.608894
2020-08-05,54.71135
2020-08-06,52.401184
2020-08-07,54.977093
2020-08-08,58.438118
2020-08-09,61.24673
2020-08-10,64.15571
2020-08-11,55.442116
2020-08-12,52.60605
2020-08-13,47.19687
2020-08-14,47.58648
2020-08-15,49.653873
2020-08-16,53.00972
2020-08-17,50.024647
2020-08-18,53.231495
2020-08-19,48.957962
2020-08-20,51.34966
2020-08-21,49.3901
2020-08-22,52.018448
2020-08-23,50.260483
2020-08-24,49.20752
2020-08-25,66.94298
2020-08-26,47.873936
2020-08-27,50.388344
2020-08-28,53.679035
2020-08-29,51.84599
2020-08-30,48.62412
2020-08-31,52.808838
2020-09-01,52.56226
2020-09-02,50.944393
2020-09-03,48.686817
2020-09-04,49.786106
2020-09-05,84.29287
2020-09-06,61.25327
2020-09-07,55.331913
2020-09-08,54.765846
2020-09-09,55.584797
2020-09-10,66.018845
2020-09-11,58.370632
2020-09-12,53.40847
2020-09-13,47.855103
2020-09-14,51.01417
2020-09-15,53.79649
2020-09-16,50.635975
2020-09-17,54.084293
2020-09-18,45.23527
2020-09-19,43.201637
2020-09-20,42.425213
2020-09-21,45.268887
2020-09-22,38.935432
2020-09-23,33.127876
2020-09-24,41.02006
2020-09-25,45.577732
2020-09-26,50.26192
2020-09-27,46.03207
2020-09-28,48.196747
2020-09-29,29.101406
2020-09-30,30.042925
2020-10-01,33.873096
2020-10-02,38.55728
2020-10-03,38.87268
2020-10-04,36.71138
2020-10-05,37.394764
2020-10-06,39.15143
2020-10-07,37.810234
2020-10-08,29.28552
2020-10-09,34.877323
2020-10-10,37.156086
2020-10-11,45.372578
2020-10-12,49.912575
2020-10-13,53.199314
2020-10-14,54.461193
2020-10-15,53.877598
2020-10-16,68.18198
2020-10-17,46.181465
2020-10-18,47.47855
2020-10-19,49.36274
2020-10-20,53.420807
2020-10-21,43.7001
2020-10-22,41.017857
2020-10-23,43.69967
2020-10-24,46.127438
2020-10-25,47.108833
2020-10-26,48.55477
2020-10-27,43.738823
2020-10-28,47.621445
2020-10-29,26.681644
2020-10-30,33.579433
2020-10-31,36.599277
2020-11-01,40.709934
2020-11-02,40.99889
2020-11-03,40.40754
2020-11-04,39.206585
2020-11-05,41.248547
2020-11-06,41.77036
2020-11-07,42.225998
2020-11-08,43.95738
2020-11-09,50.74999
2020-11-10,52.130917
2020-11-11,51.14514
2020-11-12,44.492195
2020-11-13,50.299316
2020-11-14,44.939934
2020-11-15,54.660065
2020-11-16,54.997807
2020-11-17,50.51493
2020-11-18,44.67333
2020-11-19,51.290638
2020-11-20,42.4251
2020-11-21,64.80704
2020-11-22,48.245804
2020-11-23,42.719746
2020-11-24,42.058414
2020-11-25,55.122986
2020-11-26,52.12125
2020-11-27,49.73307
2020-11-28,51.859024
2020-11-29,59.27891
2020-11-30,43.918488
2020-12-01,35.465054
2020-12-02,40.71121
2020-12-03,27.831291
2020-12-04,32.582947
2020-12-05,46.31366
2020-12-06,41.37485
2020-12-07,32.36046
2020-12-08,28.24176
2020-12-09,36.003483
2020-12-10,39.14618
2020-12-11,46.434593
2020-12-12,47.38223
2020-12-13,49.13114
2020-12-14,21.434517
2020-12-15,34.56058
2020-12-16,18.954737
2020-12-17,39.492214
2020-12-18,47.963905
2020-12-19,46.597572
2020-12-20,29.922394
2020-12-21,55.02645
2020-12-22,45.30194
2020-12-23,46.871895
2020-12-24,14.411042
2020-12-25,25.999279
2020-12-26,38.87116
2020-12-27,42.895176
2020-12-28,50.96382
2020-12-29,43.567146
2020-12-30,44.05009
2020-12-31,48.568897
2021-01-01,53.950626
2021-01-02,38.48136
2021-01-03,44.276062
2021-01-04,44.44727
2021-01-05,45.4212
2021-01-06,42.533554
2021-01-07,17.834715
2021-01-08,29.054966
2021-01-09,51.095066
2021-01-10,52.586136
2021-01-11,57.942436
2021-01-12,50.650944
2021-01-13,55.2574
2021-01-14,41.944332
2021-01-15,23.959505
2021-01-16,38.821045
2021-01-17,48.577538
2021-01-18,43.126846
2021-01-19,47.8785
2021-01-20,86.94029
2021-01-21,64.1084
2021-01-22,64.70544
2021-01-23,59.240875
2021-01-24,63.799843
2021-01-25,50.311478
2021-01-26,44.930763
2021-01-27,31.91089
2021-01-28,23.690306
2021-01-29,42.799084
2021-01-30,46.56424
2021-01-31,39.193863
2021-02-01,25.837114
2021-02-02,46.015224
2021-02-03,45.73094
2021-02-04,47.239536
2021-02-05,50.746704
2021-02-06,48.262253
2021-02-07,32.87202
2021-02-08,42.343212
2021-02-09,50.662235
2021-02-10,47.54304
2021-02-11,47.81972
2021-02-12,66.59557
2021-02-13,53.50163
2021-02-14,62.438152
2021-02-15,42.867
2021-02-16,59.57811
2021-02-17,46.335304
2021-02-18,50.714012
2021-02-19,48.74304
2021-02-20,40.368633
2021-02-21,42.227974
2021-02-22,44.038532
2021-02-23,40.50738
2021-02-24,43.983295
2021-02-25,42.038757
2021-02-26,46.461292
2021-02-27,44.441532
2021-02-28,44.346275
2021-03-01,49.619164
2021-03-02,45.395576
2021-03-03,37.564598
2021-03-04,38.393616
2021-03-05,45.226536
2021-03-06,22.429852
2021-03-07,37.25662
2021-03-08,59.068974
2021-03-09,44.953617
2021-03-10,41.965897
2021-03-11,39.034718
2021-03-12,45.14028
2021-03-13,56.18918
2021-03-14,43.84436
2021-03-15,45.208046
2021-03-16,40.786663
2021-03-17,32.99966
2021-03-18,20.19029
2021-03-19,18.24956
2021-03-20,33.093716
2021-03-21,42.047913
2021-03-22,37.319904
2021-03-23,22.5647
2021-03-24,27.32045
2021-03-25,20.799414
2021-03-26,23.889809
2021-03-27,27.602518
2021-03-28,33.024414
2021-03-29,41.211098
2021-03-30,31.758732
2021-03-31,38.72327
2021-04-01,50.784096
2021-04-02,46.59075
2021-04-03,42.669125
2021-04-04,35.41197
2021-04-05,28.930952
2021-04-06,33.094482
2021-04-07,28.997555
2021-04-08,20.76748
2021-04-09,33.292854
2021-04-10,21.456404
2021-04-11,40.52925
2021-04-12,39.530323
2021-04-13,41.078075
2021-04-14,39.4393
2021-04-15,51.526424
2021-04-16,40.14956
2021-04-17,53.02187
2021-04-18,46.658604
2021-04-19,42.258846
2021-04-20,33.1083
2021-04-21,42.268047
2021-04-22,45.87938
2021-04-23,38.131382
2021-04-24,32.898804
2021-04-25,19.208117
2021-04-26,40.270626
2021-04-27,40.446217
2021-04-28,40.55154
2021-04-29,39.27594
2021-04-30,33.780552
2021-05-01,59.996895
2021-05-02,35.770645
2021-05-03,19.463018
2021-05-04,18.5516
2021-05-05,38.869225
2021-05-06,40.86284
2021-05-07,42.800198
2021-05-08,39.47358
2021-05-09,39.12312
2021-05-10,41.40612
2021-05-11,50.232796
2021-05-12,74.72638
2021-05-13,54.444244
2021-05-14,47.01559
2021-05-15,45.406918
2021-05-16,45.740135
2021-05-17,45.411156
2021-05-18,46.458286
2021-05-19,34.33654
2021-05-20,33.569168
2021-05-21,37.955772
2021-05-22,41.41329
2021-05-23,40.567024
2021-05-24,41.500214
2021-05-25,42.955494
2021-05-26,49.21782
2021-05-27,41.08782
2021-05-28,40.802666
2021-05-29,54.918457
2021-05-30,66.886665
2021-05-31,57.47712
2021-06-01,57.37107
2021-06-02,56.20065
2021-06-03,75.88209
2021-06-04,56.962482
2021-06-05,47.842182
2021-06-06,48.95052
2021-06-07,50.51479
2021-06-08,49.8564
2021-06-09,48.86128
2021-06-10,57.481396
2021-06-11,49.035854
2021-06-12,51.708324
2021-06-13,57.00649
2021-06-14,49.349804
2021-06-15,45.360847
2021-06-16,41.078697
2021-06-17,46.056366
2021-06-18,44.552727
2021-06-19,51.884384
2021-06-20,46.115982
2021-06-21,49.547203
2021-06-22,66.576645
2021-06-23,53.11765
2021-06-24,53.52859
2021-06-25,50.57887
2021-06-26,51.5946
2021-06-27,52.475056
2021-06-28,63.193817
2021-06-29,52.850067
2021-06-30,74.29342
2021-07-01,55.80696
2021-07-02,50.8762
2021-07-03,52.09353
2021-07-04,49.86634
2021-07-05,56.330116
2021-07-06,60.439903
2021-07-07,88.41686
2021-07-08,55.50827
2021-07-09,74.65885
2021-07-10,59.976406
2021-07-11,59.471985
2021-07-12,50.793594
2021-07-13,56.349613
2021-07-14,51.8571
2021-07-15,50.769226
2021-07-16,53.634377
2021-07-17,54.159267
2021-07-18,51.375935
2021-07-19,53.434704
2021-07-20,53.091854
2021-07-21,51.00096
2021-07-22,60.02793
2021-07-23,49.508736
2021-07-24,44.13476
2021-07-25,48.91565
2021-07-26,53.682816
2021-07-27,49.307907
2021-07-28,48.856075
2021-07-29,56.243984
2021-07-30,53.876266
2021-07-31,52.534206
2021-08-01,47.6648
2021-08-02,50.021435
2021-08-03,53.5352
2021-08-04,53.731834
2021-08-05,51.72363
2021-08-06,49.040375
2021-08-07,50.28881
2021-08-08,50.647163
2021-08-09,50.321705
2021-08-10,51.894447
2021-08-11,48.28224
2021-08-12,48.771927
2021-08-13,47.96935
2021-08-14,50.203274
2021-08-15,45.24622
2021-08-16,50.03953
2021-08-17,50.20491
2021-08-18,53.986443
2021-08-19,51.022705
2021-08-20,44.803337
2021-08-21,64.94422
2021-08-22,70.75047
2021-08-23,54.139587
2021-08-24,50.505905
2021-08-25,58.62993
2021-08-26,54.75959
2021-08-27,50.135315
2021-08-28,48.214615
2021-08-29,58.044018
2021-08-30,52.512127
2021-08-31,49.79863
2021-09-01,55.49094
2021-09-02,50.27459
2021-09-03,60.138905
2021-09-04,54.901222
2021-09-05,49.05861
2021-09-06,47.19927
2021-09-07,51.65556
2021-09-08,54.972546
2021-09-09,48.16578
2021-09-10,42.840446
2021-09-11,56.123127
2021-09-12,48.93946
2021-09-13,50.7439
2021-09-14,46.575405
2021-09-15,52.17992
2021-09-16,64.2444
2021-09-17,56.245594
2021-09-18,55.97754
2021-09-19,46.374725
2021-09-20,53.596966
2021-09-21,58.73693
2021-09-22,64.963905
2021-09-23,39.399975
2021-09-24,51.490612
2021-09-25,52.11659
2021-09-26,53.352318
2021-09-27,44.520824
2021-09-28,50.79148
2021-09-29,54.37609
2021-09-30,63.004536
2021-10-01,60.30857
2021-10-02,78.15402
2021-10-03,59.233986
2021-10-04,59.023483
2021-10-05,49.92028
2021-10-06,41.654564
2021-10-07,49.406513
2021-10-08,48.29321
2021-10-09,46.5351
2021-10-10,53.71337
2021-10-11,55.720417
2021-10-12,52.673847
2021-10-13,60.4832
2021-10-14,61.420914
2021-10-15,63.068455
2021-10-16,62.125484
2021-10-17,36.426277
2021-10-18,41.343174
2021-10-19,48.679356
2021-10-20,50.61614
2021-10-21,56.085377
2021-10-22,52.21094
2021-10-23,49.16057
2021-10-24,54.603363
2021-10-25,62.23756
2021-10-26,51.351105
2021-10-27,40.613655
2021-10-28,40.460705
2021-10-29,35.74483
2021-10-30,42.020447
2021-10-31,50.19793
2021-11-01,51.201817
2021-11-02,50.754654
2021-11-03,47.651546
2021-11-04,57.45552
2021-11-05,51.486393
2021-11-06,50.302826
2021-11-07,49.71148
2021-11-08,51.578285
2021-11-09,55.588573
2021-11-10,53.423325
2021-11-11,52.88471
2021-11-12,47.025574
2021-11-13,68.10519
2021-11-14,51.54395
2021-11-15,51.110516
2021-11-16,50.067192
2021-11-17,45.119617
2021-11-18,51.575497
2021-11-19,47.171364
2021-11-20,44.278614
2021-11-21,48.323963
2021-11-22,51.598137
2021-11-23,40.856884
2021-11-24,47.338913
2021-11-25,56.915142
2021-11-26,51.14366
2021-11-27,51.341164
2021-11-28,54.211998
2021-11-29,43.17288
2021-11-30,45.544113
2021-12-01,50.728916
2021-12-02,50.9178
2021-12-03,49.84437
2021-12-04,54.73993
2021-12-05,53.732964
2021-12-06,55.893837
2021-12-07,46.677696
2021-12-08,57.042778
2021-12-09,49.856323
2021-12-10,60.002136
2021-12-11,52.47779
2021-12-12,24.776205
2021-12-13,46.225246
2021-12-14,53.724014
2021-12-15,56.818943
2021-12-16,53.352806
2021-12-17,54.78618
2021-12-18,61.86934
2021-12-19,56.70264
2021-12-20,59.78894
2021-12-21,55.28839
2021-12-22,56.963524
2021-12-23,52.349026
2021-12-24,56.679962
2021-12-25,58.41149
2021-12-26,65.3455
2021-12-27,57.339077
2021-12-28,54.429955
2021-12-29,28.840885
2021-12-30,38.965508
2021-12-31,59.187298
2022-01-01,39.172787
2022-01-02,27.744202
2022-01-03,26.34281
2022-01-04,31.571438
2022-01-05,45.719208
2022-01-06,52.25397
2022-01-07,60.66942
2022-01-08,56.156437
2022-01-09,59.77244
2022-01-10,33.54849
2022-01-11,42.7877
2022-01-12,49.423836
2022-01-13,50.138622
2022-01-14,51.629692
2022-01-15,23.679024
2022-01-16,20.861502
2022-01-17,32.528767
2022-01-18,46.51891
2022-01-19,51.945477
2022-01-20,42.282467
2022-01-21,46.62217
2022-01-22,49.77859
2022-01-23,63.395496
2022-01-24,52.782204
2022-01-25,47.480373
2022-01-26,55.2735
2022-01-27,64.10484
2022-01-28,60.871563
2022-01-29,37.285877
2022-01-30,45.3459
2022-01-31,46.381187
2022-02-01,44.348858
2022-02-02,46.42718
2022-02-03,46.703857
2022-02-04,35.380455
2022-02-05,30.893915
2022-02-06,29.522623
2022-02-07,44.625923
2022-02-08,71.67976
2022-02-09,40.29321
2022-02-10,50.943874
2022-02-11,55.36641
2022-02-12,48.469486
2022-02-13,26.890999
2022-02-14,32.742233
2022-02-15,39.3084
2022-02-16,45.562824
2022-02-17,38.40295
2022-02-18,24.550402
2022-02-19,30.406597
2022-02-20,35.766994
2022-02-21,45.400917
2022-02-22,44.170006
2022-02-23,43.662792
2022-02-24,48.409634
2022-02-25,61.672424
2022-02-26,55.191265
2022-02-27,49.66549
2022-02-28,35.686424
2022-03-01,40.573654
2022-03-02,45.03621
2022-03-03,46.64517
2022-03-04,49.81445
2022-03-05,42.561966
2022-03-06,47.655605
2022-03-07,44.812077
2022-03-08,44.42261
2022-03-09,44.64684
2022-03-10,44.954773
2022-03-11,37.483307
2022-03-12,23.29783
2022-03-13,35.302116
2022-03-14,34.64108
2022-03-15,18.92172
2022-03-16,21.792847
2022-03-17,30.49286
2022-03-18,20.146467
2022-03-19,20.11651
2022-03-20,40.82447
2022-03-21,36.74507
2022-03-22,14.022456
2022-03-23,18.20848
2022-03-24,21.982548
2022-03-25,21.272724
2022-03-26,24.15276
2022-03-27,30.679047
2022-03-28,37.11768
2022-03-29,39.510677
2022-03-30,21.819191
2022-03-31,18.458523
2022-04-01,36.321796
2022-04-02,42.00664
2022-04-03,39.864315
2022-04-04,39.03192
2022-04-05,32.542145
2022-04-06,22.488798
2022-04-07,19.058012
2022-04-08,25.675898
2022-04-09,31.67132
2022-04-10,35.331444
2022-04-11,31.83434
2022-04-12,37.523132
2022-04-13,28.219778
2022-04-14,30.385029
2022-04-15,39.483273
2022-04-16,45.022915
2022-04-17,39.856796
2022-04-18,40.74221
2022-04-19,40.961624
2022-04-20,42.127514
2022-04-21,47.965313
2022-04-22,49.92006
2022-04-23,37.982376
2022-04-24,44.44235
2022-04-25,49.447468
2022-04-26,59.965645
2022-04-27,49.009647
2022-04-28,50.43849
2022-04-29,47.444946
2022-04-30,45.096203
2022-05-01,57.867
2022-05-02,55.81627
2022-05-03,50.903183
2022-05-04,52.296963
2022-05-05,47.01194
2022-05-06,45.929024
2022-05-07,44.25519
2022-05-08,46.11747
2022-05-09,45.18852
2022-05-10,53.335327
2022-05-11,55.483044
2022-05-12,45.48624
2022-05-13,40.201073
2022-05-14,41.879284
2022-05-15,37.94788
2022-05-16,39.70103
2022-05-17,33.692314
2022-05-18,44.468624
2022-05-19,44.074486
2022-05-20,41.308685
2022-05-21,44.27536
2022-05-22,46.137638
2022-05-23,48.473083
2022-05-24,54.04297
2022-05-25,46.592983
2022-05-26,50.988354
2022-05-27,42.718117
2022-05-28,43.35329
2022-05-29,43.61157
2022-05-30,42.21311
2022-05-31,47.441162
2022-06-01,47.694477
2022-06-02,52.326508
2022-06-03,43.092113
2022-06-04,40.028446
2022-06-05,39.87477
2022-06-06,38.81815
2022-06-07,43.21352
2022-06-08,42.41489
2022-06-09,53.559338
2022-06-10,40.766483
2022-06-11,47.93146
2022-06-12,47.413456
2022-06-13,49.6351
2022-06-14,58.263836
2022-06-15,59.823147
2022-06-16,54.72585
2022-06-17,47.274704
2022-06-18,46.85793
2022-06-19,51.481194
2022-06-20,48.359833
2022-06-21,50.914547
2022-06-22,61.422802
2022-06-23,51.820423
2022-06-24,47.64726
2022-06-25,48.843395
2022-06-26,53.181072
2022-06-27,49.223225
2022-06-28,45.032673
2022-06-29,46.346416
2022-06-30,48.857307
2022-07-01,52.44996
2022-07-02,52.04195
2022-07-03,53.951714
2022-07-04,55.642494
2022-07-05,51.535645
2022-07-06,43.05885
2022-07-07,52.664307
2022-07-08,53.2206
2022-07-09,44.63862
2022-07-10,45.417698
2022-07-11,43.41445
2022-07-12,52.774494
2022-07-13,52.037216
2022-07-14,55.52088
2022-07-15,56.457726
2022-07-16,50.48773
2022-07-17,48.058807
2022-07-18,49.894646
2022-07-19,49.66574
2022-07-20,49.673496
2022-07-21,49.30931
2022-07-22,53.646988
2022-07-23,51.419514
2022-07-24,52.19859
2022-07-25,50.931606
2022-07-26,47.3457
2022-07-27,56.258575
2022-07-28,48.610653
2022-07-29,56.1651
2022-07-30,48.082584
2022-07-31,47.704674
2022-08-01,53.844143
2022-08-02,56.11313
2022-08-03,50.555088
2022-08-04,53.27605
2022-08-05,57.71891
2022-08-06,53.957558
2022-08-07,47.335
2022-08-08,46.536366
2022-08-09,49.857155
2022-08-10,46.258533
2022-08-11,45.30213
2022-08-12,42.233215
2022-08-13,50.160606
2022-08-14,62.176304
2022-08-15,56.640755
2022-08-16,62.494637
2022-08-17,54.368298
2022-08-18,51.02386
2022-08-19,53.80122
2022-08-20,50.500607
2022-08-21,67.3809
2022-08-22,56.621246
2022-08-23,49.33635
2022-08-24,50.72503
2022-08-25,44.34293
2022-08-26,50.867916
2022-08-27,48.899445
2022-08-28,47.741306
2022-08-29,57.33405
2022-08-30,52.450775
2022-08-31,50.727722
2022-09-01,58.286983
2022-09-02,59.40775
2022-09-03,67.3613
2022-09-04,61.001682
2022-09-05,69.70026
2022-09-06,59.28624
2022-09-07,58.544876
2022-09-08,50.87928
2022-09-09,54.07341
2022-09-10,59.30117
2022-09-11,53.423496
2022-09-12,47.17769
2022-09-13,48.64906
2022-09-14,47.653503
2022-09-15,69.631096
2022-09-16,55.71603
2022-09-17,66.97399
2022-09-18,64.99675
2022-09-19,64.360565
2022-09-20,58.27749
2022-09-21,54.836494
2022-09-22,55.786922
2022-09-23,52.451107
2022-09-24,56.45162
2022-09-25,54.3955
2022-09-26,60.776295
2022-09-27,55.371933
2022-09-28,61.3884
2022-09-29,46.277203
2022-09-30,42.415485
2022-10-01,45.504436
2022-10-02,50.263702
2022-10-03,51.126335
2022-10-04,59.899986
2022-10-05,56.730705
2022-10-06,62.1735
2022-10-07,55.419323
2022-10-08,58.44311
2022-10-09,44.422726
2022-10-10,54.695053
2022-10-11,53.906055
2022-10-12,45.311222
2022-10-13,42.40971
2022-10-14,46.274944
2022-10-15,52.78707
2022-10-16,49.33731
2022-10-17,54.701363
2022-10-18,69.443855
2022-10-19,42.60519
2022-10-20,47.644794
2022-10-21,53.49093
2022-10-22,50.685825
2022-10-23,54.314407
2022-10-24,59.240067
2022-10-25,26.239584
2022-10-26,40.350994
2022-10-27,50.386665
2022-10-28,56.930195
2022-10-29,32.712128
2022-10-30,46.622086
2022-10-31,67.868225
2022-11-01,58.05607
2022-11-02,60.133236
2022-11-03,56.54805
2022-11-04,52.888943
2022-11-05,34.201756
2022-11-06,48.15539
2022-11-07,58.89723
2022-11-08,55.189476
2022-11-09,58.52486
2022-11-10,55.31657
2022-11-11,57.793125
2022-11-12,48.80488
2022-11-13,37.97978
2022-11-14,48.826794
2022-11-15,41.30245
2022-11-16,44.150795
2022-11-17,76.87532
2022-11-18,73.57572
2022-11-19,59.9946
2022-11-20,84.150734
2022-11-21,71.139336
2022-11-22,72.66051
2022-11-23,58.92161
2022-11-24,59.285652
2022-11-25,63.79569
2022-11-26,67.06972
2022-11-27,55.98663
2022-11-28,61.7061
2022-11-29,56.96027
2022-11-30,50.987194
2022-12-01,80.83679
2022-12-02,64.2757
2022-12-03,57.505005
2022-12-04,63.662727
2022-12-05,56.169643
2022-12-06,60.863605
2022-12-07,60.78939
2022-12-08,54.728813
2022-12-09,55.667538
2022-12-10,59.73918
2022-12-11,61.19023
2022-12-12,56.400433
2022-12-13,57.111412
2022-12-14,49.297676
2022-12-15,35.87052
2022-12-16,60.18953
2022-12-17,49.290504
2022-12-18,64.20083
2022-12-19,61.786358
2022-12-20,36.74568
2022-12-21,58.645397
2022-12-22,53.65034
2022-12-23,40.945724
2022-12-24,39.798515
2022-12-25,47.68309
2022-12-26,47.75408
2022-12-27,47.013874
2022-12-28,51.24825
2022-12-29,54.58378
2022-12-30,49.20306
2022-12-31,45.136955
2023-01-01,57.780945
2023-01-02,66.35416
2023-01-03,33.065586
2023-01-04,32.675835
2023-01-05,47.060257
2023-01-06,50.544792
2023-01-07,53.54344
2023-01-08,53.73729
2023-01-09,57.265644
2023-01-10,55.94314
2023-01-11,56.934456
2023-01-12,51.439796
2023-01-13,28.480236
2023-01-14,39.472595
2023-01-15,43.82106
2023-01-16,51.854645
2023-01-17,55.826214
2023-01-18,52.899853
2023-01-19,35.31822
2023-01-20,49.22437
2023-01-21,53.599133
2023-01-22,53.293365
2023-01-23,64.07041
2023-01-24,48.64511
2023-01-25,27.224392
2023-01-26,45.369015
2023-01-27,60.17811
2023-01-28,48.696934
2023-01-29,50.906734
2023-01-30,60.377926
2023-01-31,56.96058
2023-02-01,76.174675
2023-02-02,72.021065
2023-02-03,46.1166
2023-02-04,39.07053
2023-02-05,44.199226
2023-02-06,47.832767
2023-02-07,51.786953
2023-02-08,56.858097
2023-02-09,40.03902
2023-02-10,70.051636
2023-02-11,26.284042
2023-02-12,34.112373
2023-02-13,43.18519
2023-02-14,39.763023
2023-02-15,48.70451
2023-02-16,37.981075
2023-02-17,20.636238
2023-02-18,22.963932
2023-02-19,38.88238
2023-02-20,44.856327
2023-02-21,42.613636
2023-02-22,31.153938
2023-02-23,30.164648
2023-02-24,49.04948
2023-02-25,53.082695
2023-02-26,48.37207
2023-02-27,46.764267
2023-02-28,49.35987
2023-03-01,45.69243
2023-03-02,27.663921
2023-03-03,14.915763
2023-03-04,23.782312
2023-03-05,40.55477
2023-03-06,42.633244
2023-03-07,45.11009
2023-03-08,42.161232
2023-03-09,42.36793
2023-03-10,39.8097
2023-03-11,41.900883
2023-03-12,38.478863
2023-03-13,45.267956
2023-03-14,70.96336
2023-03-15,46.067017
2023-03-16,43.048042
2023-03-17,32.68412
2023-03-18,29.919472
2023-03-19,55.24675
2023-03-20,65.95381
2023-03-21,38.147476
2023-03-22,46.698486
2023-03-23,49.534695
2023-03-24,37.303818
2023-03-25,38.31194
2023-03-26,40.806316
2023-03-27,43.01144
2023-03-28,42.069923
2023-03-29,47.863754
2023-03-30,47.605907
2023-03-31,41.344017
2023-04-01,42.87804
2023-04-02,43.768414
2023-04-03,42.70418
2023-04-04,47.735596
2023-04-05,47.495285
2023-04-06,48.591053
2023-04-07,69.40434
2023-04-08,61.56869
2023-04-09,62.673233
2023-04-10,61.06557
2023-04-11,52.34451
2023-04-12,42.58932
2023-04-13,40.964127
2023-04-14,43.979588
2023-04-15,35.530247
2023-04-16,29.359808
2023-04-17,53.311115
2023-04-18,39.225857
2023-04-19,43.643723
2023-04-20,42.390465
2023-04-21,42.82024
2023-04-22,41.68093
2023-04-23,36.702682
2023-04-24,39.21839
2023-04-25,42.698395
2023-04-26,38.789337
2023-04-27,40.80558
2023-04-28,34.784153
2023-04-29,18.476522
2023-04-30,24.50715
2023-05-01,20.764627
2023-05-02,34.49095
2023-05-03,41.77878
2023-05-04,37.019516
2023-05-05,37.677185
2023-05-06,39.14489
2023-05-07,37.7866
2023-05-08,39.29828
2023-05-09,42.56778
2023-05-10,39.80212
2023-05-11,45.859043
2023-05-12,54.54928
2023-05-13,54.304
2023-05-14,59.120094
2023-05-15,41.366238
2023-05-16,48.842953
2023-05-17,43.64062
2023-05-18,45.669434
2023-05-19,47.115955
2023-05-20,58.31284
2023-05-21,51.050728
2023-05-22,40.054707
2023-05-23,44.16069
2023-05-24,43.86677
2023-05-25,40.99213
2023-05-26,37.463913
2023-05-27,38.765087
2023-05-28,45.868855
2023-05-29,44.435482
2023-05-30,38.86487
2023-05-31,44.69771
2023-06-01,53.33916
2023-06-02,62.266052
2023-06-03,55.45957
2023-06-04,53.815838
2023-06-05,42.775993
2023-06-06,36.407764
2023-06-07,45.238243
2023-06-08,48.7783
2023-06-09,49.21188
2023-06-10,52.336323
2023-06-11,50.149014
2023-06-12,48.11466
2023-06-13,49.51239
2023-06-14,39.23496
2023-06-15,42.57357
2023-06-16,41.24523
2023-06-17,43.882637
2023-06-18,41.30967
2023-06-19,41.112164
2023-06-20,41.89124
2023-06-21,38.555855
2023-06-22,45.479218
2023-06-23,45.55343
2023-06-24,43.028088
2023-06-25,47.49358
2023-06-26,45.871037
2023-06-27,42.666985
2023-06-28,44.024696
2023-06-29,50.369564
2023-06-30,55.95698
2023-07-01,47.61166
2023-07-02,46.2395
2023-07-03,47.78113
2023-07-04,43.634403
2023-07-05,43.34034
2023-07-06,65.70768
2023-07-07,68.72185
2023-07-08,54.76324
2023-07-09,55.139126
2023-07-10,51.307796
2023-07-11,49.488617
2023-07-12,48.023846
2023-07-13,49.44277
2023-07-14,50.191742
2023-07-15,48.665615
2023-07-16,46.45582
2023-07-17,50.18871
2023-07-18,48.29064
2023-07-19,50.15658
2023-07-20,49.8225
2023-07-21,47.205704
2023-07-22,49.509895
2023-07-23,48.430637
2023-07-24,55.292645
2023-07-25,51.886993
2023-07-26,49.221416
2023-07-27,53.33106
2023-07-28,47.01542
2023-07-29,49.275784
2023-07-30,50.133602
2023-07-31,45.39071
2023-08-01,44.91258
2023-08-02,45.12178
2023-08-03,49.4244
2023-08-04,46.903873
2023-08-05,48.725986
2023-08-06,43.64988
2023-08-07,44.784374
2023-08-08,45.04631
2023-08-09,45.395756
2023-08-10,45.27685
2023-08-11,51.700603
2023-08-12,55.371994
2023-08-13,52.229153
2023-08-14,48.730747
2023-08-15,49.4359
2023-08-16,41.48486
2023-08-17,44.113213
2023-08-18,50.25254
2023-08-19,51.162945
2023-08-20,46.047974
2023-08-21,43.163124
2023-08-22,37.154114
2023-08-23,56.208134
2023-08-24,52.27644
2023-08-25,49.58442
2023-08-26,55.373142
2023-08-27,52.975185
2023-08-28,44.059994
2023-08-29,38.5243
2023-08-30,46.14872
2023-08-31,35.327564
2023-09-01,35.629383
2023-09-02,37.354935
2023-09-03,42.42478
2023-09-04,47.04776
2023-09-05,50.57496
2023-09-06,48.312428
2023-09-07,46.668262
2023-09-08,46.52306
2023-09-09,45.439854
2023-09-10,40.000576
2023-09-11,44.01862
2023-09-12,41.208706
2023-09-13,37.561295
2023-09-14,44.17379
2023-09-15,49.28746
2023-09-16,47.362957
2023-09-17,48.322006
2023-09-18,52.35758
2023-09-19,48.679928
2023-09-20,52.580223
2023-09-21,54.021347
2023-09-22,49.84423
2023-09-23,52.293335
2023-09-24,51.963924
2023-09-25,51.70463
2023-09-26,49.259045
2023-09-27,42.75029
2023-09-28,43.271088
2023-09-29,40.799057
2023-09-30,43.388405
2023-10-01,43.59366
2023-10-02,45.977604
2023-10-03,44.727863
2023-10-04,51.354084
2023-10-05,46.44056
2023-10-06,50.14788
2023-10-07,43.91084
2023-10-08,52.710785
2023-10-09,42.17888
2023-10-10,60.462444
2023-10-11,56.702103
2023-10-12,40.18368
2023-10-13,42.21688
2023-10-14,59.45755
2023-10-15,48.395794
2023-10-16,34.10369
2023-10-17,41.396053
2023-10-18,36.434753
2023-10-19,36.601147
2023-10-20,38.152267
2023-10-21,44.41912
2023-10-22,43.62998
2023-10-23,52.83312
2023-10-24,56.470314
2023-10-25,88.48882
2023-10-26,81.73946
2023-10-27,67.495995
2023-10-28,54.95806
2023-10-29,53.169704
2023-10-30,52.97673
2023-10-31,47.30547
2023-11-01,39.42162
2023-11-02,47.45024
2023-11-03,52.454784
2023-11-04,47.53351
2023-11-05,45.71024
2023-11-06,48.02392
2023-11-07,53.682034
2023-11-08,52.612556
2023-11-09,52.661053
2023-11-10,69.50716
2023-11-11,74.96381
2023-11-12,75.98524
2023-11-13,81.62963
2023-11-14,65.11221
2023-11-15,63.267612
2023-11-16,56.421837
2023-11-17,59.56439
2023-11-18,50.39222
2023-11-19,59.556347
2023-11-20,58.16242
2023-11-21,36.289577
2023-11-22,47.215622
2023-11-23,53.627533
2023-11-24,52.07203
2023-11-25,48.807487
2023-11-26,54.728558
2023-11-27,66.32936
2023-11-28,82.812294
2023-11-29,69.93252
2023-11-30,59.04226
2023-12-01,52.709812
2023-12-02,61.812733
2023-12-03,42.034733
2023-12-04,59.0085
2023-12-05,62.366516
2023-12-06,77.85899
2023-12-07,85.97132
2023-12-08,62.89782
2023-12-09,65.93138
2023-12-10,27.816946
2023-12-11,47.77097
2023-12-12,58.144672
2023-12-13,64.92105
2023-12-14,89.04709
2023-12-15,68.09953
2023-12-16,57.85803
2023-12-17,46.205215
2023-12-18,53.121834
2023-12-19,52.39901
2023-12-20,48.52588
2023-12-21,49.57359
2023-12-22,66.49987
2023-12-23,64.95313
2023-12-24,47.87987
2023-12-25,51.416996
2023-12-26,73.838806
2023-12-27,73.86115
2023-12-28,52.194874
2023-12-29,81.019104
2023-12-30,51.788746
2023-12-31,50.28203
