Id,Fecha,Parcela,ndvi_mean,ndvi_min,ndvi_max,ndmi_mean,ndmi_min,ndmi_max,msi_mean,msi_min,msi_max,gndvi_mean,gndvi_min,gndvi_max,evi_mean,evi_min,evi_max,ndwi_mean,ndwi_min,ndwi_max,cire_mean,cire_min,cire_max,ndre1_mean,ndre1_min,ndre1_max,dia,ndvi_mean_pred,ndmi_mean_pred,msi_mean_pred,gndvi_mean_pred
11,2020-04-26,4,0.1605984030160418,0.1184905660377358,0.2262256349675133,-0.2467042425938615,-0.3360594795539033,-0.0985231640704025,1.659551376658584,1.2185816876122082,2.0123180291153417,0.1649906466168998,0.1106194690265486,0.2043360433604336,inf,-552.5,inf,-0.1649906466168998,-0.2043360433604336,-0.1106194690265486,0.2444964332442941,0.195017793594306,0.3829931972789115,0.0600398366772561,0.0422919508867667,0.1123188405797101,1,4.06647588921552e-05,-5.90948204343249e-05,0.00036998658678623786,5.3769281581517393e-05
12,2020-05-01,4,0.1588052056182275,0.1239388794567062,0.2085561497326203,-0.3030550951852891,-0.3885647607934656,-0.2430622009569378,1.8715947031584108,1.6422250316055629,2.2709923664122136,0.2581895417524741,0.2246410375173691,0.3008389932081502,0.4064392344228135,0.3178058336961253,0.5668309654972457,-0.2581895417524741,-0.3008389932081502,-0.2246410375173691,0.162758387061129,0.1034782608695652,0.5065040650406505,0.0363390629657288,0.0187713310580204,0.1611863313990973,6,0.0013974372484054246,-0.002003305873074613,0.012578393985285633,0.0018387395392927813
13,2020-05-06,4,0.1414644595593181,0.1218515997277059,0.1728178090216754,-0.2895714696740259,-0.3516609392898053,-0.2555133079847909,1.816311658671608,1.686414708886619,2.0848056537102475,0.2256460297459817,0.1953010279001468,0.2604501607717042,0.453531856429691,0.3575966600108912,0.6019978969505784,-0.2256460297459817,-0.2604501607717042,-0.1953010279001468,0.1592990392512014,0.1245650661099513,0.3475493316359006,0.0287386163971483,0.0096711798839458,0.0953066513101065,11,0.004543997333058252,-0.006422857569791765,0.040449394504648656,0.005949091845887354
14,2020-05-11,4,0.1543797337649858,0.1171019376579612,0.2839059674502712,-0.2978745665945308,-0.3851653261840929,-0.0890136327185244,1.8556020910867743,1.1954225352112675,2.252906976744186,0.2283834329435342,0.1892353695002135,0.2941176470588235,0.5147806842887759,0.3257691772240011,3.738095238095238,-0.2283834329435342,-0.2941176470588235,-0.1892353695002135,0.1829651549137598,0.10995670995671,0.4703196347031964,0.043836322230597,0.0187265917602996,0.1405750798722044,16,0.0093073092567499,-0.012964959391883558,0.08190859576924925,0.012123088507660619
15,2020-05-16,4,0.2005941169878471,0.1699867197875166,0.2345835982199618,-0.2458459467805031,-0.2799200799200799,-0.2119565217391304,1.6526793937451143,1.5379310344827586,1.7774694783573808,0.2340312465933254,0.2046703296703296,0.27,1.1779548474003545,0.852099817407182,1.7176470588235293,-0.2340312465933254,-0.27,-0.2046703296703296,0.2897649930097405,0.2471988795518207,0.491156462585034,0.0783927481946711,0.0621396540679051,0.1393442622950819,21,0.015523967979983825,-0.02129989318872289,0.13501556048239127,0.020114961244232944
16,2020-05-26,4,0.1901980817962459,0.1426392067124332,0.2724077328646748,-0.2457681656341051,-0.3099808061420345,-0.1809210526315789,1.6537442566669234,1.4417670682730923,1.8984700973574409,0.181932920246,0.1254811393379522,0.2665890570430733,inf,-632.5,inf,-0.181932920246,-0.2665890570430733,-0.1254811393379522,0.319421370261668,0.2206235011990407,0.5354126055880442,0.0849437960028485,0.0550492161866569,0.1483121195351411,31,0.031710005451320876,-0.042139855565785755,0.2690524600272391,0.040645816831352315
17,2020-05-31,4,0.1383436056587455,0.084384093113482,0.3536507936507936,-0.3358867189128791,-0.4059196617336152,-0.1774691358024691,2.02370782969178,1.4315196998123827,2.3665480427046264,0.2117054761566397,0.1512915129151291,0.3540806605271515,0.4390771828580404,0.276981852913085,1.0585328772329912,-0.2117054761566397,-0.3540806605271515,-0.1512915129151291,0.1468407874013141,0.0601237842617152,0.6236635780470421,0.030822645025862,-0.0184615384615384,0.1908881199538639,36,0.04139796262295661,-0.05409351919827199,0.3467290366235693,0.05276820175217388
18,2020-06-05,4,0.1626802326052088,0.0865384615384615,0.517799352750809,-0.3196015143855015,-0.3820335636722606,-0.0512474713418745,1.9572508276145049,1.108031272210377,2.236421725239617,0.2180878038666478,0.1552587646076794,0.4535123966942149,0.6476319311259047,0.3685741998060136,1.805189921022941,-0.2180878038666478,-0.4535123966942149,-0.1552587646076794,0.2152703050606985,0.0796529968454258,0.8357289527720739,0.0442795717530121,-0.0077821011673151,0.2290562036055143,41,0.051975826331860195,-0.06673571489209562,0.42953755887372186,0.06587420906677
19,2020-06-10,4,0.244038246881288,0.1628865979381443,0.6021297192642788,-0.2043944557608243,-0.2768102658111824,0.0831151832460733,1.5306775308771563,0.8465256797583082,1.7655259822560203,0.2564871104485073,0.1868950111690245,0.5059144676979072,1.1902599434082688,0.6925774400935125,2.5282308657465498,-0.2564871104485073,-0.5059144676979072,-0.1868950111690245,0.4036607108574461,0.2442572741194486,1.1914609739826552,0.1218614047125856,0.0676156583629893,0.3131970260223048,46,0.06332378871304185,-0.07984008579633967,0.516137801867113,0.07978983566107424
20,2020-06-15,4,0.1606990759588073,0.1131498470948012,0.3460076045627376,-0.3120288943118637,-0.3677754187308327,-0.1611374407582938,1.9121685097670795,1.384180790960452,2.1634328358208954,0.2273093023269071,0.1792492619148039,0.3716499838553438,0.6015004887615475,0.3780718336483932,1.3510520487264674,-0.2273093023269071,-0.3716499838553438,-0.1792492619148039,0.1872370099541827,0.0946698488464599,0.6287425149700598,0.0403605895590434,0.0045286125977768,0.1757079495052882,51,0.07532988129009702,-0.09319863737435555,0.6052961918001852,0.09435387436962471
21,2020-06-20,4,0.1499951775468971,0.1044520547945205,0.3267552182163188,-0.3312587582109964,-0.4178100618778584,-0.2054545454545454,1.9964861537451384,1.517162471395881,2.435304990757856,0.2111294617987381,0.1629796839729119,0.3477255204317656,0.498154212417073,0.3200808625336927,1.1004601226993866,-0.2111294617987381,-0.3477255204317656,-0.1629796839729119,0.1849883975707484,0.1075697211155377,0.7501995211492418,0.0455043900261767,0.0132924335378323,0.221980751319466,56,0.08788969203822994,-0.10662099747602488,0.6958815159301781,0.10941741471247915
22,2020-06-30,4,0.1871988245364093,0.1498881431767337,0.2677839851024208,-0.2615757622629499,-0.2984924623115578,-0.1636363636363636,1.709793026001513,1.391304347826087,1.851002865329513,0.2300237000042266,0.19982509838216,0.2840437570728027,0.7034016569439978,0.4706157808475766,1.0528523489932886,-0.2300237000042266,-0.2840437570728027,-0.19982509838216,0.2540835557348905,0.1844512195121952,0.697274031563845,0.0704743948811618,0.0407450523864959,0.211092246745897,66,0.11428893582011779,-0.13297941717853248,0.8772947020680076,0.1405059055258259
23,2020-07-05,4,0.1607276241072442,0.1350180505415162,0.2934287573194535,-0.3049586892472505,-0.3304167626064932,-0.1944894651539708,1.8791689750594365,1.482897384305835,1.9869325997248968,0.2186299000113459,0.1870324189526184,0.3162193698949825,0.6568147430201038,0.4651729176814418,1.3129548762736536,-0.2186299000113459,-0.3162193698949825,-0.1870324189526184,0.2146314483069227,0.1463844797178131,0.9496284062758052,0.0462350575382225,0.0198520825223822,0.2678355501813785,71,0.12795484310031033,-0.1456163653870612,0.9663343759412723,0.1562901436870785
24,2020-07-10,4,0.1650893206560027,0.1271428571428571,0.2143757881462799,-0.2756495585335652,-0.3039464574198015,-0.2033014769765421,1.7624845496218613,1.5103598691384952,1.873342175066313,0.2128438447744399,0.1697553743513714,0.2694300518134715,0.6263538024493247,0.4749612803304078,0.912230215827338,-0.2128438447744399,-0.2694300518134715,-0.1697553743513714,0.2109696959864211,0.1517792302106027,0.5954670329670331,0.0600121460514876,0.0377358490566037,0.1801801801801801,76,0.14182688240588978,-0.1577175096416073,1.0532165488813674,0.17209151963339053
25,2020-07-15,4,0.1573338454125728,0.1185770750988142,0.2185929648241206,-0.2652453975810275,-0.2993487536492252,-0.1986782321354812,1.723357202857963,1.4958762886597938,1.85448717948718,0.2007158803680523,0.1543167912984364,0.2676249144421629,0.7630465474201333,0.5050505050505051,1.216361679224973,-0.2007158803680523,-0.2676249144421629,-0.1543167912984364,0.2201868083758842,0.1446582614465825,0.4454428754813864,0.0468872638824409,0.019053876478318,0.1300949190396426,81,0.15583433609239095,-0.1691699416209293,1.1372600689136414,0.18781541384316874
26,2020-07-20,4,0.2012208274366491,0.1569694432817078,0.2618526622902991,-0.2669142847195445,-0.3072348860257681,-0.1998149861239593,1.730210093726309,1.499421965317919,1.8869814020028608,0.2558419265092954,0.2144144144144144,0.2992865189635749,0.619724949246073,0.4528985507246377,0.8377696833847016,-0.2558419265092954,-0.2992865189635749,-0.2144144144144144,0.2706365592800963,0.18236301369863,0.6529064869418704,0.076295191161359,0.049000392003136,0.2070808283233133,86,0.1699124390512588,-0.1798742063112653,1.2178619685414012,0.20337668578804383
27,2020-07-25,4,0.2373192110036346,0.1852731591448931,0.296211251435132,-0.0753548488989368,-0.1242124212421242,-0.0209850107066381,1.1640063318550018,1.0428696412948382,1.2836587872559095,0.2369653897773777,0.1942714819427148,0.2848551120831055,2.6804086959842364,1.1685319289005924,27.15116279069768,-0.2369653897773777,-0.2848551120831055,-0.1942714819427148,0.3920365087117384,0.3123393316195373,0.6194926568758345,0.1065007441358018,0.0792899408284023,0.1764705882352941,91,0.1840021270082589,-0.18974365224105472,1.294493695931191,0.21869923396518992
28,2020-07-30,4,0.1978018319959492,0.0566037735849056,0.3296740994854202,-0.1844114067097259,-0.2702346427629844,-0.0096208262591963,1.4564386055191465,1.0194285714285714,1.740606936416185,0.2313648219168051,0.0887573964497041,0.3218232044198895,0.8000911922681878,0.2254383523517951,1.583809942806863,-0.2313648219168051,-0.3218232044198895,-0.0887573964497041,0.2516684540626548,0.0030487804878047,0.6719457013574661,0.0663600153529922,-0.0512820512820512,0.1970935513169845,96,0.19804978928408562,-0.19870379459601062,1.3666974205597233,0.23371556440041613
29,2020-08-04,4,0.2975074551510024,0.1574318381706244,0.5110148067894547,-0.2073085187481539,-0.3021368677305924,-0.0486849468382764,1.5310318335051625,1.1023529411764703,1.865891472868217,0.295275183367147,0.1819004524886877,0.4355165428764348,1.2954449487400257,0.5878489326765189,2.293354943273906,-0.295275183367147,-0.4355165428764348,-0.1819004524886877,0.4368550789880348,0.1660899653979239,0.91762621789194,0.1234685956797321,0.0137987012987012,0.2640156453715775,101,0.21200702601716848,-0.20669169121454412,1.4340824133224443,0.24836636762202968
31,2020-08-19,4,0.2521983120605076,0.1612903225806451,0.4540736896730669,-0.1070595267908089,-0.1673944687045123,0.0295358649789029,1.2435268846732992,0.9426229508196722,1.402097902097902,0.2795989313520053,0.1906614785992217,0.423780487804878,0.889816462640613,0.5569134078212291,1.59333618111918,-0.2795989313520053,-0.423780487804878,-0.1906614785992217,0.3427309337902676,0.2224894768490679,0.6443361753958587,0.0987272316402382,0.0617928633594429,0.1775898520084566,116,0.252925373230763,-0.22435288137992654,1.6043502978573012,0.28964664045849225
32,2020-08-24,4,0.2525923855604225,0.151567944250871,0.4634513941220798,-0.2632265239907584,-0.3445423005070723,-0.0554579673776662,1.7259437746071515,1.1174282678002123,2.051302931596091,0.3069993696734838,0.2,0.4532085561497326,0.782083452402768,0.390766235572243,1.6356382978723405,-0.3069993696734838,-0.4532085561497326,-0.2,0.3200250008970615,0.1549549549549549,0.7466666666666666,0.0815320143091641,0.0278884462151394,0.2170709241633405,121,0.2661328782131934,-0.2280321076303491,1.6497725741380527,0.3023915986071495
33,2020-09-03,4,0.2727614212621906,0.2009456264775413,0.3643059490084986,-0.1986391578347516,-0.275997233110445,-0.1283257918552036,1.497854454690258,1.294435215946844,1.762420382165605,0.3231057885912647,0.2652804032766225,0.3922174181593576,0.8686191925371529,0.5594758064516129,1.3792486583184258,-0.3231057885912647,-0.3922174181593576,-0.2652804032766225,0.3997122215164088,0.2724458204334365,0.7850697292863003,0.1101465386543328,0.0638297872340425,0.212532299741602,131,0.29173856248750885,-0.2319802252209664,1.7228951382621793,0.3262023432761121
34,2020-09-08,4,0.214848663421132,0.1325071496663489,0.3042121684867395,-0.2910869991705198,-0.358156978301634,-0.1875955448787944,1.8252224902418803,1.4618279569892474,2.116026711185309,0.2840736551138321,0.2,0.3671300081766149,0.5965281096140774,0.3989461799021453,0.8662199056837926,-0.2840736551138321,-0.3671300081766149,-0.2,0.2786252244487761,0.1565703634669151,0.7180094786729858,0.0779643507943127,0.0374133949191685,0.2114606041731548,136,0.30409641131206405,-0.23224451374801708,1.7505193362902083,0.337236367012903
35,2020-09-13,4,0.2568831626373792,0.1686991869918699,0.3585215605749486,-0.2710408217683485,-0.3506493506493506,-0.1959894962998329,1.746976520821678,1.487529691211401,2.08,0.2998818743545227,0.2182203389830508,0.3875838926174497,0.9705434494682248,0.6180175897314001,1.4288601455133387,-0.2998818743545227,-0.3875838926174497,-0.2182203389830508,0.3806782818906595,0.2621951219512195,0.5861365953109072,0.1045603505927843,0.0602055800293685,0.1611665387567152,141,0.3161365644019344,-0.2313779247098735,1.7722048060616684,0.347677062070862
36,2020-09-18,4,0.2799381119877302,0.1658595641646489,0.393336218087408,-0.2767779026670601,-0.3811912225705329,-0.1873517786561264,1.772543678006571,1.461089494163424,2.232016210739615,0.3307898430705164,0.2218045112781954,0.4216335540838852,0.7642409632753754,0.4986244841815681,1.068439192516002,-0.3307898430705164,-0.4216335540838852,-0.2218045112781954,0.3881462069220631,0.2133645955451348,0.6923925027563396,0.1176427423212425,0.0588235294117647,0.1873666239863423,146,0.3278473305441461,-0.2293954448712764,1.7880141222976444,0.3575211410020205
37,2020-09-23,4,0.327194432866366,0.2563891178895301,0.400196656833825,-0.1760595966741586,-0.2519607843137255,-0.1094434021263289,1.4294997267793756,1.2457865168539326,1.673656618610747,0.3359218806621116,0.263681592039801,0.4159761352336758,1.560655723367968,1.104957805907173,2.1333071175776643,-0.3359218806621116,-0.4159761352336758,-0.263681592039801,0.5583937570048908,0.4321880650994574,0.7282868525896415,0.161213423162683,0.125691699604743,0.1980830670926517,151,0.33922004699242075,-0.2263180720232293,1.7980448576141121,0.36676973649200373
38,2020-10-03,4,0.2531560322052732,0.1848064280496713,0.3333333333333333,-0.2053325112232434,-0.3017114914425428,-0.1303643724696356,1.5198435297019186,1.2998137802607077,1.8641456582633047,0.3187375293180013,0.2401215805471124,0.3925445705024311,0.7470209463731702,0.5490451388888888,1.0269283432222729,-0.3187375293180013,-0.3925445705024311,-0.2401215805471124,0.333167951201117,0.2244897959183673,0.4942791762013729,0.092894275815936,0.0574403762176687,0.1478713032174195,161,0.3609306644596357,-0.21698981255018812,1.8013191350084323,0.3835051379438237
39,2020-10-08,4,0.2296165334044639,0.1782637508283631,0.3110164333536214,-0.2014163769634517,-0.2795723913548687,-0.102803738317757,1.5078514889096826,1.2291666666666667,1.7761290322580645,0.3111154857275971,0.2524615990547459,0.3825291706086408,0.549654767467592,0.4151523623147889,0.7457520453115167,-0.3111154857275971,-0.3825291706086408,-0.2524615990547459,0.2904900595105572,0.2019867549668874,0.5894085281980743,0.0869900531999415,0.0552763819095477,0.1708135308918087,166,0.3712646613933591,-0.2108067001538625,1.7949079767808103,0.39101338366994165
40,2020-10-18,4,0.3054279355647274,0.2139130434782608,0.3694866232827187,-0.2089089847234865,-0.2597750401713979,-0.1321355469638389,1.5301635621652558,1.3045073375262055,1.7018813314037626,0.3553745135773216,0.2771618625277162,0.4134328358208955,0.7198848804182431,0.4609073359073359,0.996553704767375,-0.3553745135773216,-0.4134328358208955,-0.2771618625277162,0.418248401587954,0.2242582897033158,0.708695652173913,0.1290548659835676,0.0621931260229132,0.2234875444839857,176,0.39089764987852516,-0.19560381670454263,1.7670380669019936,0.40438866641443205
41,2020-10-23,4,0.3221190229320194,0.2076124567474048,0.46176,-0.1837485123351407,-0.2785173583920647,-0.0799597180261832,1.4533216288537203,1.1738178633975482,1.7720694645441388,0.338201391186655,0.2403776325344953,0.4373820012586532,1.0859865611147983,0.6528835690968444,1.599609375,-0.338201391186655,-0.4373820012586532,-0.2403776325344953,0.4898414289109282,0.2587354409317803,0.7643581081081081,0.1442488033678616,0.0535433070866141,0.2192548631717771,181,0.4002059015434425,-0.18667550739614835,1.7460627034366514,0.41029518165085355
42,2020-11-02,4,0.3194793263383634,0.1688311688311688,0.4254106604089842,-0.1581538900896227,-0.2611336032388664,-0.0648330058939096,1.3798013092883152,1.138655462184874,1.7068493150684931,0.3202081586787227,0.2153038259564891,0.3988919667590028,1.5225084922853864,0.8208092485549133,2.3863092388702727,-0.3202081586787227,-0.3988919667590028,-0.2153038259564891,0.4918492995924104,0.2267884322678843,0.6724137931034482,0.1507180469278962,0.0644357422570309,0.2043259945925067,191,0.4178425722567334,-0.16641621792660755,1.6913704046658395,0.4206622505496871
43,2020-11-07,4,0.3497985987629703,0.2155309033280507,0.4299928926794598,-0.1581804430251066,-0.2973874374652585,-0.0737214965685189,1.3804494303264585,1.1591778202676863,1.846518987341772,0.3546152931871444,0.2546689303904924,0.4358270418668497,1.0249899956310222,0.6493325917686319,1.4310595065312046,-0.3546152931871444,-0.4358270418668497,-0.2546689303904924,0.5431870831678943,0.2764306498545101,0.7303964757709251,0.1718751248095013,0.0768591607810552,0.2291666666666666,196,0.4261903709006264,-0.15519298040797125,1.6582319031002104,0.42517522223274895
44,2020-11-22,4,0.4521215859082195,0.2574404761904761,0.5625,0.0060035307498536,-0.2373205741626794,0.1833976833976834,0.9977448492885,0.6900489396411092,1.622333751568381,0.3438708806034474,0.2124711316397228,0.4768332725282743,-0.4175547851356527,-108.91304347826087,140.5,-0.3438708806034474,-0.4768332725282743,-0.2124711316397228,1.1048862834411397,0.5650485436893204,1.5895953757225434,0.2769383052979861,0.1285956006768189,0.377016129032258,211,0.44949506783459725,-0.11783255886828758,1.5393352645979128,0.43637801331554593
45,2020-11-27,4,0.4896009934023317,0.3121072475911186,0.5858725761772853,-0.0190090466909398,-0.1211031175059952,0.084280303030303,1.0418724802232264,0.8445414847161572,1.2755798090040928,0.4089550541150129,0.2826086956521739,0.487294950144741,2.219802205209271,1.3370423546302943,3.5821342925659474,-0.4089550541150129,-0.487294950144741,-0.2826086956521739,0.9803896397030736,0.557199211045365,1.31791221826809,0.2801064044086356,0.1695331695331695,0.3510392609699769,216,0.45672975029206997,-0.104345830507794,1.494275366369413,0.4394362368669449
46,2020-12-02,4,0.523040157473159,0.3421461897356143,0.6268088347296268,-0.0269581831378634,-0.1465614430665163,0.0668517233402729,1.0590971341825186,0.8746747614917606,1.3434610303830912,0.4668752419727991,0.3432835820895522,0.5420289855072464,1.829937274769676,1.1024805813079428,2.525008623663332,-0.4668752419727991,-0.5420289855072464,-0.3432835820895522,1.0739072567553414,0.4801548886737656,1.4696969696969695,0.2917984253359982,0.1483924154987634,0.3587786259541984,221,0.46372274672325764,-0.09044267861048283,1.4470447475298691,0.44220965072754614
48,2020-12-12,4,0.4920373315828838,0.3354735152487961,0.5827435119649478,-0.0244322984259295,-0.1233969791963522,0.0827761125201752,1.0531548324540592,0.8471039182282794,1.2815344603381014,0.4180662628856483,0.3081761006289308,0.5015384615384615,2.282615936463193,1.4257188498402558,3.9581905414667578,-0.4180662628856483,-0.5015384615384615,-0.3081761006289308,1.0216565077770408,0.480940794809408,1.5627962085308056,0.2784326175724896,0.14375,0.3564620663362562,231,0.4770482260424993,-0.06162893452775453,1.3473830361332375,0.447032594858467
49,2020-12-22,4,0.5489723831939493,0.3720588235294118,0.6493011435832274,0.0204846170389896,-0.1064143524207422,0.1264916467780429,0.9624577593276904,0.7754237288135594,1.2381738173817385,0.4689795933164678,0.348753162269606,0.5448851774530271,2.2280574636934096,1.3981698233666735,3.264367816091954,-0.4689795933164678,-0.5448851774530271,-0.348753162269606,1.2309120049338147,0.6496865203761755,1.952718676122932,0.3183686367284324,0.1862244897959183,0.4260515603799186,241,0.4896045139612719,-0.03187173810503374,1.2429551273261588,0.4511083698908216
50,2020-12-27,4,0.5443913774034486,0.3708143861099628,0.6441167040718179,0.0378155931340338,-0.1008676789587852,0.1317829457364341,0.9294702634982774,0.7671232876712328,1.224366706875754,0.4839204458594467,0.3738738738738739,0.5563097809318112,1.5637754524595702,0.8952095808383234,2.0479102956167177,-0.4839204458594467,-0.5563097809318112,-0.3738738738738739,1.076055521866103,0.6356003358522251,1.606189967982924,0.3000098856463923,0.1955150665732305,0.3734536944165831,246,0.49563686826187237,-0.016786658465136384,1.1897517457589828,0.45294700173941704
51,2021-01-06,4,0.5358748856264471,0.3597621407333994,0.6224052718286656,0.0486110076852884,-0.0724935732647815,0.136094674556213,0.909845567738157,0.7604166666666666,1.156319290465632,0.4663814962622703,0.3437268002969562,0.5291375291375291,1.6161058657673442,1.061878453038674,2.145535505038669,-0.4663814962622703,-0.5291375291375291,-0.3437268002969562,1.0878918283890695,0.5864,1.5432595573440642,0.3023429541634305,0.1923204237007613,0.3666156202143951,256,0.5072957219869214,0.013511379214649288,1.0829067852125256,0.4563832610641483
52,2021-01-26,4,0.6300722126996313,0.4654377880184331,0.7336126908111343,0.1590781421083122,0.023738062755798,0.2685489166119501,0.727937403334253,0.5766045548654244,0.9536247334754796,0.525617568682469,0.4138569840681734,0.6180904522613065,1.9637757935890183,1.3362734288864389,2.5117852018856324,-0.525617568682469,-0.6180904522613065,-0.4138569840681734,1.4470963556557728,0.8595213319458896,2.1382857142857143,0.3668016304573044,0.2582014666152065,0.4539781591263651,276,0.5294587498215,0.07312174743294708,0.8755164232022423,0.4631205752734262
53,2021-01-31,4,0.5908986359468693,0.439033060789193,0.7200488997555012,0.1193889479352487,-0.0082006753497346,0.22480957562568,0.7892509004819372,0.6329068941009239,1.016536964980545,0.4865302078496979,0.3818429105746345,0.5970488081725313,2.4418326328034383,1.5670377541142306,3.44847775175644,-0.4865302078496979,-0.5970488081725313,-0.3818429105746345,1.3453767535603345,0.7933884297520661,2.20917225950783,0.3382166353953891,0.2320169252468265,0.432741116751269,281,0.5348523127302443,0.0875299849415132,0.8265257213816923,0.4649362667319439
55,2021-02-20,4,0.6270163008623842,0.4549819927971189,0.7433414043583535,0.1684539299374394,0.0451643414518798,0.2901734104046243,0.7146151346336268,0.5501792114695341,0.913574660633484,0.5426035579381027,0.4218885359514872,0.6480121549759432,2.1475456816340524,1.5866558177379984,2.7191098965449934,-0.5426035579381027,-0.6480121549759432,-0.4218885359514872,1.5084570205135197,0.8657556270096463,2.518560179977503,0.3649594075492847,0.2496984318455971,0.4808759124087591,301,0.5562710530784161,0.14189392060865202,0.648801469866811,0.47342807746438975
56,2021-02-25,4,0.6194155150083267,0.4323090964405233,0.7407505988820867,0.1572796374877791,0.0436710263799601,0.266281310211946,0.7308442016298704,0.5794278758368837,0.9163126593033136,0.5290999631393503,0.3928994082840236,0.6228287841191067,1.8970300863398992,1.2651353276353277,2.4354657687991024,-0.5290999631393503,-0.6228287841191067,-0.3928994082840236,1.4512033427556488,0.908220271348763,2.2432432432432434,0.3612169139318026,0.2618556701030928,0.4569176406632237,306,0.5616497473132376,0.15448598339175668,0.6098696085178972,0.4759547760223972
57,2021-03-12,4,0.5884762983426527,0.4355118565644881,0.7000946073793756,0.1560211042074467,0.0352315532904941,0.2690677966101695,0.7324711290327017,0.5759599332220368,0.9319349315068494,0.4983059379013963,0.3975471133712234,0.5959147424511545,2.8234650970052564,1.8330087633885104,3.777164539496378,-0.4983059379013963,-0.5959147424511545,-0.3975471133712234,1.4222199251861285,0.830093592512599,2.073127753303965,0.3448148502886797,0.2368131868131868,0.4252026529108327,321,0.5780119593336259,0.18938996945930775,0.5086576539412277,0.48474514731081975
58,2021-03-17,4,0.5759469297545076,0.4389746577337605,0.6744186046511628,0.1638223656715472,0.0376035691523263,0.268662372110648,0.7204644714313169,0.5764635603345281,0.9275184275184276,0.5049172321866339,0.3926638604930847,0.5921680993314231,2.110819329530968,1.460837533927879,2.7057847812564795,-0.5049172321866339,-0.5921680993314231,-0.3926638604930847,1.3052443233794075,0.7847533632286996,1.9533394327538884,0.3326362563571505,0.2321377331420373,0.4181527814745808,326,0.5835689073488197,0.1999916292425663,0.480475838344006,0.48811398471138556
59,2021-03-22,4,0.5841186713614195,0.3934065934065934,0.7000247096614777,0.1470660158181774,0.0081861266695389,0.2649260544093482,0.7462807254224575,0.5811200923787528,0.9837606837606836,0.5137257304689288,0.4037192561487702,0.6051899907321594,1.943122180306531,1.1919427334776094,2.580853816300129,-0.5137257304689288,-0.6051899907321594,-0.4037192561487702,1.3294586708195908,0.7762081784386616,2.001801801801802,0.3320280556986538,0.2283419391853126,0.422776911076443,331,0.5891882885071391,0.2100470124548437,0.4552053789323054,0.49171459963586095
61,2021-04-06,4,0.4928107813094779,0.3561309233023937,0.5939226519337016,0.1187549300617764,0.0023866348448687,0.210912906610703,0.7894633035813836,0.6516464471403813,0.9952380952380953,0.4530375668445418,0.3632148377125193,0.537293434569004,1.4522355023563227,1.002751031636864,1.949836931200497,-0.4530375668445418,-0.537293434569004,-0.3632148377125193,0.9152327531489948,0.570048309178744,1.3244897959183677,0.2591165903899789,0.1791821561338289,0.3322734499205087,346,0.6064637063540514,0.23682187743615302,0.3972835479599155,0.5039388476474986
63,2021-04-26,4,0.3344850435575612,0.2768791627021884,0.403925148334094,0.0856955280604966,0.027958636537725,0.1475831648594008,0.8430586936924699,0.7427930813581037,0.9456035767511176,0.3070252363325639,0.2628650904033379,0.3643617021276595,2.506083979116051,1.4765587240212663,4.290450928381963,-0.3070252363325639,-0.3643617021276595,-0.2628650904033379,0.6034079429226347,0.4563552833078101,0.8345195729537367,0.1777169399289271,0.1376778338687471,0.2242926155969634,366,0.6305277209536939,0.2644566092731644,0.36177635083831206,0.5234936839908038
64,2021-05-01,4,0.5215064040301789,0.3913584084550823,0.653227801137769,0.1479569585091449,0.0017905102954341,0.2602223478424722,0.7451768362477716,0.5870215311004785,0.9964253798033958,0.4588614211547832,0.3759606517061174,0.5616822429906542,2.7235208375029365,1.5642023346303502,5.135435168738899,-0.4588614211547832,-0.5616822429906542,-0.3759606517061174,1.1478725913435452,0.7114523352527191,1.9928762243989315,0.2884210509879246,0.2080060805675196,0.4114845197142101,371,0.6367189416817842,0.2699455432004214,0.36006700864396635,0.5289203672733738
66,2021-05-16,4,0.6183502266132206,0.4915924826904055,0.7730090605627087,0.1750383347102766,0.0451372731503024,0.3448215227712326,0.7088475879803328,0.4871861924686193,0.9136242208370436,0.5313160468271785,0.444550974752317,0.6566942499469552,2.031524395023224,1.3522582985670235,2.9134563698261964,-0.5313160468271785,-0.6566942499469552,-0.444550974752317,1.549604958009168,0.8678485092667203,2.8963110667996013,0.3613573608464067,0.2439841608285105,0.5108510119483053,386,0.6556363738004176,0.28318723473799423,0.37067862855795397,0.546295891982691
67,2021-05-21,4,0.6509750940911799,0.5123919308357349,0.7697219361483008,0.1917545458265659,0.052714398111723,0.3345829428303655,0.683503892699225,0.4985955056179775,0.8998505231689088,0.5637969803394307,0.4711181770005299,0.6599961142413057,2.513978635512371,1.6751460335406068,3.264832022873481,-0.5637969803394307,-0.6599961142413057,-0.4711181770005299,1.855489784259828,1.11244019138756,2.951356407857811,0.3929728023983431,0.2826455624646693,0.5028982146997449,391,0.6620313493370595,0.28658518271392097,0.3790332323399923,0.5523973644335278
68,2021-06-05,4,0.7443549030218672,0.6157377049180328,0.8214936247723132,0.3049793675692374,0.0696517412935323,0.4249126891734575,0.5356078915121759,0.4035947712418301,0.8697674418604651,0.6293771058105279,0.4925041643531371,0.7096157190053903,2.87502528036923,2.175006619009796,5.4396135265700485,-0.6293771058105279,-0.7096157190053903,-0.4925041643531371,2.717289823858811,1.7492447129909363,3.714150943396226,0.4906239018346106,0.3867531264474294,0.5590682196339434,406,0.6813427867895765,0.2940500360166709,0.41632806870603645,0.5713468329563014
69,2021-06-10,4,0.7557513579537701,0.5758186397984887,0.8132264529058116,0.3038318220408376,0.1288343558282208,0.3859034860709393,0.5356676478927136,0.4431019332161687,0.7717391304347826,0.6469033271572961,0.5067437379576107,0.7093373493975904,2.906731250892163,2.310491206791996,3.363685539127299,-0.6469033271572961,-0.7093373493975904,-0.5067437379576107,2.9075310574775988,1.5554649265905385,3.849947534102833,0.4968078961457555,0.3649313649313649,0.556440281030445,411,0.6877806924211356,0.29571962022576415,0.43221831625183427,0.5777997269628408
70,2021-06-15,4,0.7680686051969218,0.62274412855377,0.8265571800520729,0.317245421356863,0.166725915392819,0.3953771289537713,0.5199370704380373,0.4333042720139494,0.7141986593540524,0.6526955764975845,0.5357978474496958,0.7113905047851379,2.538468866790178,2.0275273663876368,2.859444529691576,-0.6526955764975845,-0.7113905047851379,-0.5357978474496958,2.776095788567841,1.605868358445678,3.66900702106319,0.498203259764054,0.3771301555939738,0.557577102285334,416,0.6941954773896484,0.297030211573702,0.44949949723229565,0.5842778272410456
71,2021-06-20,4,0.7858705221368439,0.6105577689243028,0.8403755868544601,0.3154493528385143,0.1391334977104614,0.3930465527401296,0.5219789872935108,0.4357021996615905,0.7557204700061843,0.6593099903054024,0.5378031383737518,0.7136627906976745,2.753532036207545,2.081272084805654,3.129128656810318,-0.6593099903054024,-0.7136627906976745,-0.5378031383737518,3.131989360220155,1.882793017456359,4.074815595363541,0.516503751755744,0.4044554455445545,0.5760553942372124,421,0.7005714477913045,0.29801454709008723,0.4679533640164095,0.5907533606426938
72,2021-06-25,4,0.7365841882713798,0.5648890986314299,0.7931840311587147,0.3118703877805691,0.1671946497712073,0.382790208740051,0.5258548426082654,0.4463509991311902,0.7135102533172497,0.6253838409681373,0.5162322816643804,0.6784542471746263,2.79586698846587,1.932827385758114,3.154104656745079,-0.6253838409681373,-0.6784542471746263,-0.5162322816643804,2.5550799566776834,1.6631130063965889,3.259360730593607,0.4753690902434591,0.3824443912939488,0.5261791432280398,426,0.7068919114373777,0.29870675309568995,0.4873531976761285,0.5971974116291534
74,2021-07-20,4,0.7858502195429616,0.6092882382635033,0.8228487271197139,0.3516167895542054,0.1589154957451019,0.4016031408473745,0.4810641787786089,0.426937441643324,0.7257513661202186,0.6679292971815304,0.525,0.711824588880188,2.9823410703021103,2.0933055844606314,3.346243920014412,-0.6679292971815304,-0.711824588880188,-0.525,3.221244733406526,1.890365448504984,3.928492849284929,0.5213611728700697,0.399501246882793,0.5619694397283531,451,0.7370144143228075,0.29904794169081583,0.5901830873353617,0.6278712723455513
75,2021-07-25,4,0.7684491529386142,0.5835423983943804,0.8046324269889225,0.3536699943277915,0.2078071182548794,0.4048964218455744,0.4786485079126426,0.4235924932975871,0.655893536121673,0.656093777488032,0.5272199370917009,0.6927899686520376,2.623991472014929,1.877623506619309,2.8492735110969187,-0.656093777488032,-0.6927899686520376,-0.5272199370917009,2.833467316181585,1.7514124293785311,3.381143430290873,0.502430243507885,0.3975200583515682,0.5405529953917051,456,0.7426024774672904,0.2987517123200547,0.6101957310132775,0.6334734376315971
76,2021-08-14,4,0.7597362495766139,0.6184551581130119,0.8039051018265799,0.3188601265145675,0.1687748464040477,0.3734274317275238,0.5177918774070652,0.4562109025915996,0.7111935683364254,0.633183405557997,0.5330647072766058,0.684375,2.380142124824358,1.8695060047047167,2.656927163427932,-0.633183405557997,-0.684375,-0.5330647072766058,2.3813750488935286,1.5561044460127027,3.062956204379562,0.4697727883668036,0.3614240648940964,0.5264635990494707,476,0.762774580310964,0.29757149464924026,0.6802599226237476,0.6530259604773647
77,2021-08-19,4,0.7457212186458759,0.61195568152538,0.7909954564229658,0.3104174263807173,0.1595838476459178,0.3655435473617291,0.5273876571322379,0.4646182495344506,0.7247566909975669,0.6188516095742703,0.5335554497858163,0.6697468862997188,2.703610289700707,2.141955266955267,3.0853158326497128,-0.6188516095742703,-0.6697468862997188,-0.5335554497858163,2.3472923961932515,1.5134328358208955,2.9763851044504994,0.456420593264755,0.3594646271510516,0.5110915879639798,481,0.76715798863545,0.2974478392888287,0.6941240956278989,0.657041695040725
78,2021-09-08,4,0.7359072125392727,0.6034632034632035,0.780093023255814,0.3297635558618469,0.1775195032638115,0.3828292962591371,0.5049237394360704,0.4463101160862355,0.6984856679286101,0.6109719826487715,0.5265374894692502,0.6600317068874405,3.297653048600532,2.517787264318748,3.8997037663986456,-0.6109719826487715,-0.6600317068874405,-0.5265374894692502,2.4898024159496,1.5260631001371745,3.075313807531381,0.4639938964556607,0.3485254691689008,0.5144855144855145,501,0.7813551754651975,0.29851288643524754,0.7288493237849138,0.6687337638350357
79,2021-09-13,4,0.7815419870774394,0.627172195892575,0.8306092124814265,0.3316989652128431,0.1387506909894969,0.3816084588272989,0.502924056363407,0.4475881261595547,0.7563106796116504,0.6457322966617883,0.5484840892007016,0.694302554027505,2.338869285759165,1.6803047404063207,2.7543759783691475,-0.6457322966617883,-0.694302554027505,-0.5484840892007016,2.488953401227414,1.441736481340442,3.073236889692586,0.4810343020318048,0.3530426213353043,0.5314552001694556,506,0.7839551765763844,0.2992797304898076,0.731521895773426,0.6704352002073009
80,2021-09-23,4,0.7494488743699742,0.6389653274628508,0.7923784494086727,0.3054868784586386,0.1532931804934913,0.3692671394799054,0.53303173052594,0.4606353591160221,0.7341644204851752,0.6233581300853581,0.5550913838120104,0.6704,2.2895654912267767,1.7717968157695223,2.620408746605688,-0.6233581300853581,-0.6704,-0.5550913838120104,2.140181299740366,1.4240924092409242,2.681159420289855,0.451390691328067,0.3508302088912694,0.5,516,0.7878599115443308,0.30151610529100736,0.7287974491233058,0.6722205497389169
81,2021-10-03,4,0.7459125506949019,0.61617345443891,0.8091370558375635,0.3106673737631473,0.1884560794827314,0.3736750819040277,0.527008151809025,0.4559483726150393,0.682855626326964,0.6191825018099892,0.5062807209175314,0.6704980842911877,2.5398134959360346,1.8287647666016744,4.72863568215892,-0.6191825018099892,-0.6704980842911877,-0.5062807209175314,2.31361540287019,1.575024201355276,2.905013192612137,0.4639998741930258,0.3737496210973022,0.5160727635185647,526,0.7898982180565852,0.30471664349389727,0.7148893756598795,0.6717439086315338
82,2021-10-08,4,0.7727959753660024,0.658772874058127,0.8163888236675276,0.3183371063170691,0.1613707165109034,0.368976433345058,0.5180746268514758,0.460945529290853,0.7221030042918455,0.651420008190426,0.5637583892617449,0.6899696048632219,2.5736059077942794,2.1304541406945683,2.9168067226890755,-0.651420008190426,-0.6899696048632219,-0.5637583892617449,2.590305319488419,1.7289812067260135,3.134843581445523,0.4829705942311737,0.3896770298822819,0.528747433264887,531,0.7901685033991903,0.30666775411565084,0.7037008684342254,0.6706298199981617
83,2021-10-18,4,0.8048816829772493,0.7254901960784313,0.8444597384721266,0.3357322304647727,0.1924746743849493,0.3857769973661106,0.4980634544657743,0.4432336543335022,0.6771844660194175,0.6867151426424186,0.6202247191011236,0.7297535211267606,2.4896220166208827,2.1074266922444505,2.842555994729908,-0.6867151426424186,-0.7297535211267606,-0.6202247191011236,3.008517200444964,2.121475054229935,3.787878787878788,0.5180211221802766,0.4341822644983124,0.5687401986408782,541,0.7891231644038967,0.3111945323036167,0.6730894063157962,0.6666272937162745
84,2021-10-23,4,0.7903010320446839,0.6998234255444379,0.8278260869565217,0.3550011062608015,0.2503204541292803,0.4576393917451122,0.4765870068994952,0.3720814704421262,0.5995899238429994,0.6671744882289824,0.6037735849056604,0.7119067443796836,2.357183496218013,2.05143451761558,2.767648433847592,-0.6671744882289824,-0.7119067443796836,-0.6037735849056604,2.723269285534027,1.8601332064700284,3.4519131334022752,0.5041670428190574,0.4220511410503162,0.5478138882394201,546,0.787776326102005,0.3137178217536558,0.6538825111704227,0.6637423220744552
86,2021-11-02,4,0.7788128547143921,0.6820744081172492,0.8190364277320799,0.3508247827138031,0.2349973908505827,0.3943064809206541,0.4809837384494412,0.4344048653344917,0.6194366197183099,0.6556529321088476,0.5764555342290467,0.7064119051993386,2.632870126071446,2.147827321783584,3.020926090828139,-0.6556529321088476,-0.7064119051993386,-0.5764555342290467,2.621193952059589,1.927536231884058,3.1299176578225065,0.4939234912101683,0.4110953058321479,0.5380388841927304,556,0.7833682949975582,0.3190930914383756,0.608548731231167,0.6562491259737087
87,2021-11-07,4,0.7981278515893121,0.7042658989793248,0.8367985691929354,0.3575086815563879,0.2420501309390198,0.4023958157583938,0.4736775752074103,0.4261308950914341,0.6102409638554217,0.6716036546105366,0.6023622047244095,0.7152263374485597,2.525432179188316,2.1034985422740524,2.867294917348988,-0.6716036546105366,-0.7152263374485597,-0.6023622047244095,2.729919996013871,1.984186046511628,3.4021621621621625,0.5000339173707611,0.427124966693312,0.5472353087031986,561,0.7802861884332373,0.32184225979642633,0.582924913205602,0.651674227675116
89,2021-11-17,4,0.7831485409731989,0.7103329009943796,0.8162023695164905,0.3705723696988653,0.2614795918367347,0.4124230554001119,0.4596428106046715,0.4160063391442155,0.5854398382204247,0.6478566131887196,0.5816528272044287,0.68551969203435,2.6179926934535698,2.259111855886049,3.4217877094972065,-0.6478566131887196,-0.68551969203435,-0.5816528272044287,2.589376847648924,2.0991253644314867,3.11198738170347,0.4895116082358675,0.4413680781758957,0.5286671630677587,571,0.7723292810771554,0.3271339049524471,0.5274356300886893,0.6409946234417205
91,2021-11-27,4,0.7419392402514122,0.6347354138398914,0.7866606781944756,0.3262805397537193,0.2204213938411669,0.3667238421955403,0.5082692037113274,0.4633534136546184,0.6387782204515272,0.6050174467766812,0.537771129394166,0.6477150826003004,3.013146406006694,1.998462064251538,4.912997159090909,-0.6050174467766812,-0.6477150826003004,-0.537771129394166,2.270416274983388,1.851433536055604,2.587511825922422,0.4558830144435785,0.4086822501926535,0.4877039201363525,581,0.7619612780604683,0.3315861566862708,0.46922858863490546,0.6285189576910923
92,2021-12-02,4,0.781703526392181,0.7290748898678414,0.8182696955050749,0.3304690037151087,0.2526250772081532,0.3751075916681012,0.5035059820446014,0.4544316474712068,0.596646942800789,0.6431708509657945,0.6018957345971564,0.6855455937021648,2.2047555435571904,1.9289480988065504,2.5337216431637035,-0.6431708509657945,-0.6855455937021648,-0.6018957345971564,2.241165333071813,1.893805309734513,2.6251198465963568,0.4642166554384856,0.425385023898035,0.5003739715781601,586,0.7558753571383079,0.33324253615155897,0.4404562168668349,0.6217252931213153
93,2021-12-17,4,0.7651121678952872,0.7132761231701161,0.7974863647142518,0.3142490416135052,0.2367920942607373,0.3608112528622832,0.5220248709909852,0.4697115384615384,0.6170866625691457,0.6220598218267407,0.5691169671752196,0.6603940668585344,2.520110647470688,2.1660510926438907,2.9170056956875507,-0.6220598218267407,-0.6603940668585344,-0.5691169671752196,2.2810962410004856,1.912052117263844,2.609841827768014,0.4614407219122594,0.4125807223152355,0.4952695269526952,601,0.7340933359178479,0.3344028177944125,0.363693753282746,0.5998716833973532
94,2021-12-27,4,0.7375709611274873,0.6840976133011532,0.7819905213270142,0.3116027470163253,0.2319334090049186,0.3563257640430254,0.52513451758579,0.4745720040281974,0.6234643734643734,0.603737560770218,0.5655756466010529,0.637296453267901,2.6032020443653097,2.206145584725537,3.272572723838308,-0.603737560770218,-0.637296453267901,-0.5655756466010529,2.0026427419306567,1.617002629272568,2.36897458369851,0.4321588125717845,0.3785557986870897,0.4678171641791044,611,0.7167731912716491,0.3304461840785251,0.32894757907342864,0.5848725854982604
95,2022-01-01,4,0.7417195613487026,0.674892703862661,0.7817929117442669,0.2990118262306246,0.2187981510015408,0.3478032557325398,0.5399616410908182,0.4838961038961039,0.640960809102402,0.6139959021498511,0.5704225352112676,0.6496411988180667,2.050197132063972,1.715481171548117,2.3257261410788383,-0.6139959021498511,-0.6496411988180667,-0.5704225352112676,1.8878160382064448,1.4414715719063549,2.2306368330464714,0.4247457103295376,0.3726724364017834,0.4621615366813237,616,0.7073348763214611,0.326501752517558,0.3195022447746396,0.5775323116523055
96,2022-01-06,4,0.6205817396251321,0.5539568345323741,0.6637734125171311,0.2540338388437925,0.1518369080484179,0.3227750043036667,0.5957710940802575,0.5119729307652264,0.7363569321533924,0.5199263103339501,0.45707656612529,0.5675332910589728,2.5216785519739964,1.7053224292800642,5.037236243276789,-0.5199263103339501,-0.5675332910589728,-0.45707656612529,1.406873003614744,1.1072226358897987,1.6824817518248176,0.3439891140815466,0.2983479105928086,0.3863951874132346,621,0.697414703042071,0.32096516063309366,0.31689415015091527,0.5704498577027692
97,2022-01-16,4,0.6639795819498415,0.6019736842105263,0.704444961601117,0.2486362854543893,0.1706735545400357,0.2939105948609644,0.6022153539860764,0.5457018498367792,0.708418194161575,0.5823053914813081,0.5496828752642706,0.6112206881437651,1.8828120827300987,1.5823488533703962,2.230327144120248,-0.5823053914813081,-0.6112206881437651,-0.5496828752642706,1.4852436118414685,1.233025984911987,1.7226086956521738,0.3645207400205495,0.3160417254017479,0.3968253968253968,631,0.6762670042936705,0.30416502348440133,0.3374543190228678,0.557578767072684
98,2022-01-31,4,0.6553363636838585,0.577570093457944,0.7004538577912254,0.2306564857231519,0.1496763754045307,0.2816419612314709,0.6256410155877046,0.5604982206405694,0.7396199859254047,0.5749440541528986,0.5300546448087432,0.6113837095191365,1.625517355123823,1.2435322525008623,1.9065820160663385,-0.5749440541528986,-0.6113837095191365,-0.5300546448087432,1.3011126375401578,1.0975806451612904,1.4948604992657857,0.3356218259164396,0.294452347083926,0.3691588785046729,646,0.6419258866304105,0.2605831152582283,0.45534338700792887,0.5437669886483718
99,2022-02-15,4,0.6094989953817499,0.5547087642896026,0.6607056549057516,0.1846689935786848,0.0977382875605815,0.2413793103448276,0.6888767455896098,0.6111111111111112,0.8219278881530537,0.5367128109529293,0.4987860803884543,0.567284831193533,1.6836598483514935,1.347536617842876,1.992056217537428,-0.5367128109529293,-0.567284831193533,-0.4987860803884543,1.1292952962131004,0.9197247706422018,1.2980700500357396,0.3006606156631,0.2580119500271591,0.3325381679389313,661,0.6057738577337517,0.1873280448986634,0.7202400866123071,0.540854718364514
100,2022-03-02,4,0.5640285240338875,0.4761061946902655,0.6255969436485196,0.1590160744597232,0.0738522954091816,0.2159768660762696,0.726536537261278,0.6447681331747919,0.862453531598513,0.520528851180774,0.4796839729119639,0.5550479671082686,1.3299557135417142,1.0264563724243194,1.6279069767441865,-0.520528851180774,-0.5550479671082686,-0.4796839729119639,0.9619564977334076,0.7150877192982457,1.1338315217391304,0.270199163706827,0.2137931034482758,0.3106461255461025,676,0.5697596993092731,0.07416070328253,1.1896030087536928,0.5547251295866289
