Fecha,srf,srf_arima
2020-01-01,10417218.0,0.0
2020-01-02,12428916.0,8856109.865747228
2020-01-03,16870484.0,12127446.037167907
2020-01-04,15295437.0,16204877.46269857
2020-01-05,17449072.0,15531471.11672567
2020-01-06,17576704.0,17126331.577031992
2020-01-07,13546053.0,17557577.265124194
2020-01-08,16333000.0,14150080.14878632
2020-01-09,16586749.0,15915352.416463599
2020-01-10,16861648.0,16548722.565814212
2020-01-11,16341797.0,16820452.05940028
2020-01-12,16155680.0,16419701.069919154
2020-01-13,15515086.0,16183571.206867244
2020-01-14,10881237.0,15611084.429868927
2020-01-15,9471688.0,11575658.471711723
2020-01-16,10581383.0,9682920.84143048
2020-01-17,13014574.0,10415085.817020766
2020-01-18,13713254.0,12649939.74558737
2020-01-19,6348529.0,13608550.891664889
2020-01-20,4549997.5,7452195.341577405
2020-01-21,9530999.0,4819522.659570347
2020-01-22,17666060.0,8784553.789500413
2020-01-23,11243266.0,16446952.292328767
2020-01-24,10904503.0,12205776.013162108
2020-01-25,8658121.0,10955269.50124367
2020-01-26,10373374.0,8994760.34549156
2020-01-27,17174186.0,10116328.828131441
2020-01-28,17765820.0,16155026.791774884
2020-01-29,13050766.0,17677158.640297797
2020-01-30,10927018.0,13757356.727898179
2020-01-31,11770707.0,11245279.603195276
2020-02-01,10111457.0,11644273.066342043
2020-02-02,10865693.0,10360109.64857307
2020-02-03,14026845.0,10752664.355100702
2020-02-04,16197335.0,13553119.631705854
2020-02-05,14450012.0,15872068.712700699
2020-02-06,18085256.0,14711863.132657913
2020-02-07,16182947.0,17540483.935025245
2020-02-08,12786712.0,16468024.095829071
2020-02-09,19609644.0,13295666.544478869
2020-02-10,17902218.0,18587169.92265544
2020-02-11,17847894.0,18158090.229707714
2020-02-12,17139964.0,17856034.910942342
2020-02-13,7874910.5,17246053.299083523
2020-02-14,10628259.0,9263357.142727857
2020-02-15,17304498.0,10215646.435907975
2020-02-16,19526626.0,16304007.109623728
2020-02-17,19139344.0,19193621.321580004
2020-02-18,20311438.0,19197381.48382985
2020-02-19,18120098.0,20135789.799019676
2020-02-20,15041761.0,18448488.83617545
2020-02-21,6862198.5,15503075.839988237
2020-02-22,18534214.0,8087975.133897223
2020-02-23,20786178.0,16785063.740388166
2020-02-24,20458794.0,20448702.144588694
2020-02-25,17396972.0,20507855.261835434
2020-02-26,8608467.0,17855811.9275331
2020-02-27,19535154.0,9925498.818742005
2020-02-28,21963460.0,17897697.521061357
2020-02-29,15944751.0,21599557.80416099
2020-03-01,21175050.0,16846705.45764085
2020-03-02,21828482.0,20391245.450246144
2020-03-03,22419938.0,21730559.687230736
2020-03-04,22507294.0,22331303.31510355
2020-03-05,17256952.0,22494202.964430466
2020-03-06,21723148.0,18043760.162853356
2020-03-07,19914948.0,21053850.748563234
2020-03-08,12367565.0,20185922.06608397
2020-03-09,17495932.0,13498604.188033972
2020-03-10,15134697.0,16727402.822718255
2020-03-11,19254272.0,15488548.039116127
2020-03-12,22217706.0,18636918.837579984
2020-03-13,22916006.0,21773610.346559294
2020-03-14,18286248.0,22811359.83787942
2020-03-15,15418234.0,18980056.400754776
2020-03-16,15706105.0,15848030.159255475
2020-03-17,19844320.0,15662965.095466398
2020-03-18,17975542.0,19224173.475898862
2020-03-19,23182882.0,18255594.1918307
2020-03-20,16592709.0,22402518.05061293
2020-03-21,17577292.0,17580302.17221922
2020-03-22,19566628.0,17429743.908579167
2020-03-23,24556538.0,19268509.1720345
2020-03-24,24711336.0,23808757.77541585
2020-03-25,25287198.0,24688138.210219186
2020-03-26,25361796.0,25200900.207917683
2020-03-27,25097768.0,25350616.85865406
2020-03-28,24239072.0,25137334.829288807
2020-03-29,16823270.0,24367754.85955649
2020-03-30,18397018.0,17934590.662102442
2020-03-31,19231436.0,18161178.549412943
2020-04-01,21563898.0,19106391.4041181
2020-04-02,23694488.0,21214358.838332955
2020-04-03,16066966.0,23375201.065226275
2020-04-04,17741384.0,17210014.69510283
2020-04-05,11673034.0,17490458.298316453
2020-04-06,16044779.0,12582427.58141835
2020-04-07,17304910.0,15389636.029901413
2020-04-08,22788176.0,17116068.709839366
2020-04-09,24381602.0,21966462.205375522
2020-04-10,19554564.0,24142813.634651076
2020-04-11,22071444.0,20277936.477603048
2020-04-12,25536160.0,21694268.240988042
2020-04-13,26785540.0,25016942.99837065
2020-04-14,26050228.0,26598309.838135168
2020-04-15,7828624.0,26160420.723415736
2020-04-16,8786249.0,10559285.501190092
2020-04-17,24903798.0,8642740.792924643
2020-04-18,19882124.0,22488446.93936643
2020-04-19,26335384.0,20634664.328684963
2020-04-20,25095476.0,25368308.399017233
2020-04-21,26139322.0,25281286.70253846
2020-04-22,25741670.0,25982892.8467064
2020-04-23,25255706.0,25801261.516052663
2020-04-24,26409004.0,25328531.816309273
2020-04-25,24878896.0,26236172.538620446
2020-04-26,16701558.0,25108195.62742374
2020-04-27,24390484.0,17927001.273754537
2020-04-28,26931650.0,23238233.39606307
2020-04-29,24740890.0,26550834.77844578
2020-04-30,18999380.0,25069193.91826906
2020-05-01,26428354.0,19859793.842584766
2020-05-02,26768624.0,25315059.402271822
2020-05-03,25802514.0,26717631.662058182
2020-05-04,26077206.0,25947293.756102413
2020-05-05,21692046.0,26036041.080101352
2020-05-06,19322972.0,22349199.32132993
2020-05-07,24053402.0,19677997.779578485
2020-05-08,24561384.0,23344507.048431814
2020-05-09,20162994.0,24485258.60013413
2020-05-10,23223554.0,20822129.948746305
2020-05-11,20580778.0,22764903.19384252
2020-05-12,20602170.0,20976820.339602437
2020-05-13,19114466.0,20598964.22783892
2020-05-14,21699120.0,19337411.02931611
2020-05-15,24147792.0,21311787.73376828
2020-05-16,25606040.0,23780837.786779135
2020-05-17,25333706.0,25387509.20146067
2020-05-18,26414926.0,25374517.55365165
2020-05-19,27427384.0,26252896.03664898
2020-05-20,25636530.0,27275658.604026522
2020-05-21,20455164.0,25904904.621249165
2020-05-22,22311546.0,21231635.52576553
2020-05-23,22950034.0,22033351.45363063
2020-05-24,24145784.0,22854351.172046334
2020-05-25,24182194.0,23966590.747306764
2020-05-26,21878970.0,24176737.653497335
2020-05-27,19148738.0,22224127.60003439
2020-05-28,21356484.0,19557886.3610179
2020-05-29,15614111.0,21025634.58594148
2020-05-30,23340892.0,16474654.17043513
2020-05-31,24101028.0,22182968.504086737
2020-06-01,22071604.0,23987115.190190904
2020-06-02,22509076.0,22375730.353881426
2020-06-03,24366088.0,22443517.120098505
2020-06-04,24207248.0,24087799.04280128
2020-06-05,24523320.0,24231051.517673254
2020-06-06,23639682.0,24475953.937056027
2020-06-07,25694604.0,23772102.62924804
2020-06-08,26737074.0,25386656.555123657
2020-06-09,27138906.0,26580851.05194638
2020-06-10,21927588.0,27078688.075587515
2020-06-11,15770192.0,22708548.086338114
2020-06-12,26569172.0,16692929.87778408
2020-06-13,24521268.0,24950853.49532161
2020-06-14,22975988.0,24828163.73820906
2020-06-15,27480944.0,23207561.279968053
2020-06-16,24364130.0,26805838.234681245
2020-06-17,26185352.0,24831210.94392625
2020-06-18,24838578.0,25912426.477059186
2020-06-19,24667702.0,25040403.476648696
2020-06-20,24928394.0,24693309.21408924
2020-06-21,24721302.0,24889327.098531377
2020-06-22,21286380.0,24752336.488050804
2020-06-23,24594840.0,21801132.11869333
2020-06-24,18644230.0,24099039.28178511
2020-06-25,14417305.0,19535979.246421818
2020-06-26,17199006.0,15050745.468024546
2020-06-27,23445014.0,16782144.573941022
2020-06-28,24268498.0,22508996.864421524
2020-06-29,25889548.0,24145091.956511952
2020-06-30,25053874.0,25646619.94457172
2020-07-01,25034958.0,25179106.818106767
2020-07-02,26596832.0,25037792.722615886
2020-07-03,26790806.0,26362771.968758527
2020-07-04,28354416.0,26761737.355218135
2020-07-05,28363022.0,28120095.8144732
2020-07-06,25968158.0,28361732.31809937
2020-07-07,24977910.0,26327048.62924351
2020-07-08,24457538.0,25126307.0395927
2020-07-09,25484570.0,24535520.146176446
2020-07-10,26419628.0,25330660.566840865
2020-07-11,27472112.0,26279501.648775388
2020-07-12,28558676.0,27314388.369335074
2020-07-13,28550154.0,28395845.19304255
2020-07-14,28005494.0,28551431.09379005
2020-07-15,27238548.0,28087115.908435624
2020-07-16,24212490.0,27353481.345916845
2020-07-17,26621068.0,24665970.389595136
2020-07-18,25618358.0,26260122.211845815
2020-07-19,27557144.0,25768622.57571234
2020-07-20,25398020.0,27266600.51715149
2020-07-21,27007450.0,25721582.996051036
2020-07-22,27814304.0,26766263.29986864
2020-07-23,26717866.0,27693390.102689903
2020-07-24,26663852.0,26882176.509384457
2020-07-25,21552512.0,26671946.454819966
2020-07-26,14120143.0,22318489.537295453
2020-07-27,9278898.0,15233946.36719746
2020-07-28,13756650.0,10004399.51673415
2020-07-29,9624159.0,13085620.984207705
2020-07-30,23302750.0,10243447.734280173
2020-07-31,24378296.0,21252897.427513774
2020-08-01,26609344.0,24217116.33354698
2020-08-02,23122800.0,26275002.584123157
2020-08-03,26190004.0,23645288.112078678
2020-08-04,24301838.0,25730357.534239013
2020-08-05,24592266.0,24584795.647639368
2020-08-06,25906474.0,24548742.907386
2020-08-07,22884852.0,25709528.81393647
2020-08-08,21101262.0,23337667.617469735
2020-08-09,15835557.0,21368548.0494009
2020-08-10,17853006.0,16624667.438363394
2020-08-11,23523458.0,17550674.201168545
2020-08-12,24831184.0,22673692.799815297
2020-08-13,25629536.0,24635210.196469568
2020-08-14,27691108.0,25509896.19931077
2020-08-15,26048826.0,27382163.996369395
2020-08-16,24096590.0,26294935.85023588
2020-08-17,25424958.0,24389149.07912593
2020-08-18,23687920.0,25225890.818152953
2020-08-19,20100626.0,23948229.83840414
2020-08-20,23961174.0,20638212.351851914
2020-08-21,24952934.0,23382638.224713895
2020-08-22,24534484.0,24804310.374416858
2020-08-23,23884526.0,24597192.272288926
2020-08-24,24722518.0,23981927.7044817
2020-08-25,16535801.0,24596937.809984606
2020-08-26,23066588.0,17762649.796244197
2020-08-27,24118944.0,22087894.322244037
2020-08-28,25343978.0,23961239.55121786
2020-08-29,25749964.0,25160396.292184986
2020-08-30,25026962.0,25689123.563547634
2020-08-31,23512420.0,25135309.965781905
2020-09-01,24814646.0,23739386.93064647
2020-09-02,25921640.0,24619496.41799565
2020-09-03,25154930.0,25755747.5847193
2020-09-04,21799776.0,25269827.97932045
2020-09-05,8941070.0,22302574.20911287
2020-09-06,16306511.0,10868055.86959315
2020-09-07,21000520.0,15202737.359765746
2020-09-08,23092864.0,20297083.04337753
2020-09-09,21568886.0,22779308.551860195
2020-09-10,14915127.0,21797266.995068308
2020-09-11,17287766.0,15912249.072211485
2020-09-12,23167360.0,16932205.975014158
2020-09-13,22064660.0,22286253.101922955
2020-09-14,15539028.0,22229908.923056517
2020-09-15,14965735.0,16516949.157398334
2020-09-16,15844540.0,15051647.805700408
2020-09-17,18019106.0,15712843.636685697
2020-09-18,21548312.0,17693228.889620643
2020-09-19,21540748.0,21019430.62633119
2020-09-20,21314606.0,21541881.52938605
2020-09-21,23835882.0,21348495.291700233
2020-09-22,23862986.0,23458047.463201012
2020-09-23,23946214.0,23858924.236319467
2020-09-24,24068676.0,23933741.580150407
2020-09-25,24189890.0,24050324.03335871
2020-09-26,22957852.0,24171725.056715906
2020-09-27,22723506.0,23142483.316463865
2020-09-28,22014542.0,22758624.73050023
2020-09-29,23039800.0,22120786.252730425
2020-09-30,24940380.0,22886156.41574764
2020-10-01,24591648.0,24655562.009447034
2020-10-02,18495906.0,24643908.44022431
2020-10-03,23944496.0,19409404.504335158
2020-10-04,23864138.0,23127978.69730978
2020-10-05,23935416.0,23876180.326071437
2020-10-06,20399866.0,23924734.388738893
2020-10-07,23387000.0,20929698.07573453
2020-10-08,21989442.0,22939352.701074176
2020-10-09,22697122.0,22198877.88864516
2020-10-10,22420682.0,22591070.1655313
2020-10-11,22690648.0,22462108.872485485
2020-10-12,20207784.0,22650191.311179943
2020-10-13,16136295.0,20579862.17366083
2020-10-14,19184678.0,16746442.068546705
2020-10-15,21062858.0,18727852.020301268
2020-10-16,14773167.0,20781396.83893508
2020-10-17,19282454.0,15715730.402655542
2020-10-18,21604420.0,18606699.197694067
2020-10-19,21120244.0,21256453.75272164
2020-10-20,18823776.0,21192801.86938407
2020-10-21,20833606.0,19167921.156283442
2020-10-22,20171396.0,20532415.972769856
2020-10-23,20585796.0,20270633.77032489
2020-10-24,19169614.0,20523694.65447119
2020-10-25,21091796.0,19381840.852590933
2020-10-26,20341360.0,20803740.767009504
2020-10-27,20123860.0,20453819.182754003
2020-10-28,17407780.0,20156454.21489507
2020-10-29,15982760.0,17814807.56410206
2020-10-30,20842106.0,16196311.301654119
2020-10-31,20489228.0,20113891.895294286
2020-11-01,19718078.0,20542109.753396515
2020-11-02,17050018.0,19833641.350879688
2020-11-03,20538446.0,17449849.36088707
2020-11-04,20144442.0,20015675.554584023
2020-11-05,19146824.0,20203486.83239318
2020-11-06,17427678.0,19296325.49643765
2020-11-07,19406686.0,17685306.570850566
2020-11-08,19303838.0,19110114.910202023
2020-11-09,18479268.0,19319250.64282082
2020-11-10,18148242.0,18602836.789774835
2020-11-11,16172403.0,18197849.04634416
2020-11-12,17758778.0,16468499.188340496
2020-11-13,16644724.0,17521046.286647517
2020-11-14,18554852.0,16811674.416003272
2020-11-15,15434568.0,18268603.160877757
2020-11-16,13920436.0,15902168.952779977
2020-11-17,12165286.0,14147341.488678163
2020-11-18,14360091.0,12428310.074818758
2020-11-19,15025766.0,14031180.90426312
2020-11-20,14535033.0,14926008.970113678
2020-11-21,4906743.0,14608573.491301617
2020-11-22,14446294.0,6349623.704974906
2020-11-23,16781730.0,13016711.584843824
2020-11-24,17692736.0,16431745.159275034
2020-11-25,17040958.0,17556214.044438176
2020-11-26,16849730.0,17138632.446877602
2020-11-27,16805428.0,16878387.133452665
2020-11-28,15002076.0,16812067.029463362
2020-11-29,6554636.0,15272323.552273342
2020-11-30,8892836.0,7820556.343325057
2020-12-01,17124976.0,8542436.950493563
2020-12-02,17295910.0,15891320.182959579
2020-12-03,10487562.0,17270294.094120122
2020-12-04,9313376.0,11507850.541574307
2020-12-05,7940268.5,9489337.704877155
2020-12-06,5620746.5,8146040.274386348
2020-12-07,16013216.0,5968346.493203861
2020-12-08,16562794.0,14455816.532535873
2020-12-09,17072166.0,16480435.0876616
2020-12-10,16959344.0,16995832.29687572
2020-12-11,16441609.0,16976251.331093755
2020-12-12,15908264.0,16519195.969419302
2020-12-13,16316026.0,15988190.259968784
2020-12-14,12125078.0,16254919.41492394
2020-12-15,16751428.0,12753127.010234753
2020-12-16,16887588.0,16058130.316874476
2020-12-17,9260804.0,16867183.272183392
2020-12-18,14852016.0,10403742.099559873
2020-12-19,16448839.0,14014125.584129253
2020-12-20,13127060.0,16209541.56546488
2020-12-21,9627658.0,13624856.683034146
2020-12-22,13734457.0,10152072.9921482
2020-12-23,16395718.0,13119018.429255845
2020-12-24,13255534.0,15996905.526777629
2020-12-25,16751191.0,13726117.136119802
2020-12-26,16420932.0,16227337.227781832
2020-12-27,17023734.0,16470424.104905887
2020-12-28,16608738.0,16933399.021024473
2020-12-29,16507549.0,16670928.661170548
2020-12-30,16833772.0,16522713.02763686
2020-12-31,16163151.0,16784884.723835796
2021-01-01,7790861.0,16263649.22982596
2021-01-02,5807922.0,9045519.480109587
2021-01-03,15026496.0,6105082.183401439
2021-01-04,17288874.0,13645014.7035306
2021-01-05,15531376.0,16949837.518593673
2021-01-06,16849586.0,15794751.942481166
2021-01-07,14250004.0,16652041.080382397
2021-01-08,16874222.0,14639573.353311967
2021-01-09,8090294.0,16480960.733685022
2021-01-10,16999474.0,9406639.916573849
2021-01-11,6319148.0,15664358.011683453
2021-01-12,8420032.0,7919685.199050072
2021-01-13,11992103.0,8105196.760617877
2021-01-14,14780540.0,11456797.943473823
2021-01-15,17299834.0,14362669.12735926
2021-01-16,17111322.0,16922296.482667323
2021-01-17,15894015.0,17139572.117877237
2021-01-18,17187156.0,16076438.751500098
2021-01-19,12663784.0,16993367.88209828
2021-01-20,3511265.0,13341649.558704998
2021-01-21,14432884.0,4882847.39594115
2021-01-22,16278118.0,12796187.003733028
2021-01-23,15234610.0,16001594.07573477
2021-01-24,14559910.0,15390988.50113436
2021-01-25,18291220.0,14661019.502481394
2021-01-26,18496988.0,17732051.632275313
2021-01-27,17701492.0,18466151.924549293
2021-01-28,7744738.5,17820703.804929506
2021-01-29,13736354.0,9236842.239017142
2021-01-30,18619426.0,12838459.732525863
2021-01-31,17472030.0,17887656.353489228
2021-02-01,13686055.0,17643976.99675284
2021-02-02,19062678.0,14253415.380401647
2021-02-03,19217382.0,18256945.561049335
2021-02-04,19317716.0,19194198.29691436
2021-02-05,19551060.0,19302680.10134583
2021-02-06,19552322.0,19516091.427675977
2021-02-07,18933650.0,19552132.87862438
2021-02-08,19758678.0,19026363.232724424
2021-02-09,18177556.0,19635040.57505081
2021-02-10,17718774.0,18414500.506865844
2021-02-11,16055367.0,17787526.36366892
2021-02-12,8329076.0,16304642.610188328
2021-02-13,10337561.0,9486926.065268211
2021-02-14,15476512.0,10036572.532397598
2021-02-15,13907897.0,14706396.720785156
2021-02-16,14810833.0,14142967.227115532
2021-02-17,21333026.0,14675520.402204625
2021-02-18,14862983.0,20355620.205843158
2021-02-19,13866667.0,15832573.67550499
2021-02-20,21676770.0,14015973.380723657
2021-02-21,21875184.0,20506359.99754197
2021-02-22,14269215.0,21845449.983658895
2021-02-23,19635068.0,15409033.7957298
2021-02-24,21479122.0,18830949.536655866
2021-02-25,20525448.0,21202774.90871673
2021-02-26,21297436.0,20668364.116302714
2021-02-27,21194188.0,21181747.06773143
2021-02-28,21042962.0,21209660.586204533
2021-03-01,19508576.0,21065624.495364238
2021-03-02,6287462.5,19738516.721912574
2021-03-03,22040282.0,8268758.19917745
2021-03-04,22042094.0,19679588.740293194
2021-03-05,20505918.0,22041822.45647177
2021-03-06,20605780.0,20736126.9685547
2021-03-07,16550995.0,20590814.834538616
2021-03-08,8060535.0,17158638.832842764
2021-03-09,14578054.0,9332902.254243612
2021-03-10,22140950.0,13601348.644281868
2021-03-11,22309564.0,21007586.057687096
2021-03-12,19169106.0,22284295.76574567
2021-03-13,17694934.0,19639730.197337646
2021-03-14,22981502.0,17915851.144645028
2021-03-15,20969262.0,22189265.064600486
2021-03-16,23187702.0,21270813.186117027
2021-03-17,24201428.0,22855249.999577854
2021-03-18,24390628.0,24049512.583500143
2021-03-19,24860468.0,24362274.77950277
2021-03-20,23161358.0,24790058.50148828
2021-03-21,23291760.0,23415984.006760277
2021-03-22,24648178.0,23272218.15719197
2021-03-23,25256148.0,24444907.288369935
2021-03-24,25442190.0,25165038.552506875
2021-03-25,25386726.0,25414310.032517202
2021-03-26,25288114.0,25395037.74958593
2021-03-27,25343956.0,25302891.842387278
2021-03-28,19325062.0,25335587.60391646
2021-03-29,13776429.0,20227044.181455817
2021-03-30,24688644.0,14607938.592532737
2021-03-31,23952122.0,23053356.272684168
2021-04-01,11653948.0,24062496.052151475
2021-04-02,7722753.0,13496933.407691713
2021-04-03,19695392.0,8311875.825859403
2021-04-04,20086086.0,17901190.765852496
2021-04-05,25841184.0,20027537.199107062
2021-04-06,25696840.0,24978733.880670436
2021-04-07,24612012.0,25718471.16944742
2021-04-08,25140462.0,24774582.652672127
2021-04-09,25651144.0,25061269.29718943
2021-04-10,24757752.0,25574613.982294053
2021-04-11,25901064.0,24891634.348659933
2021-04-12,25198348.0,25729729.02519489
2021-04-13,25001486.0,25303655.937076796
2021-04-14,25164636.0,25030987.43601229
2021-04-15,21951230.0,25140186.592367217
2021-04-16,25672154.0,22432786.072225764
2021-04-17,16215244.0,25114542.062233478
2021-04-18,8321855.0,17632441.96222218
2021-04-19,18202458.0,9504746.114098264
2021-04-20,22940266.0,16721766.057586845
2021-04-21,14969614.0,22230265.39271919
2021-04-22,20287102.0,16164083.628238207
2021-04-23,26105844.0,19490231.441039313
2021-04-24,25642798.0,25233856.28888753
2021-04-25,26018316.0,25712189.36013932
2021-04-26,25845848.0,25962041.451085214
2021-04-27,25070538.0,25871693.788756426
2021-04-28,26389520.0,25186724.762070324
2021-04-29,24822286.0,26191859.389651828
2021-04-30,15006085.0,25057149.272583257
2021-05-01,14484039.0,16477125.75791811
2021-05-02,25898280.0,14562272.009237291
2021-05-03,28345286.0,24187759.429801814
2021-05-04,27386268.0,27978581.450972307
2021-05-05,20679756.0,27529984.959909145
2021-05-06,22164528.0,21684783.555514287
2021-05-07,21076028.0,21942022.355686523
2021-05-08,24510676.0,21239148.93293463
2021-05-09,25662978.0,23995964.942524515
2021-05-10,22681608.0,25490295.797645897
2021-05-11,20220188.0,23128391.51476649
2021-05-12,13301388.0,20589052.608859863
2021-05-13,21451562.0,14338228.708119549
2021-05-14,19613666.0,20230189.48143355
2021-05-15,21939136.0,19889090.262890976
2021-05-16,22571016.0,21590644.648680296
2021-05-17,26089860.0,22476323.436745305
2021-05-18,22612286.0,25562531.459686328
2021-05-19,26584010.0,23133429.88169887
2021-05-20,27284956.0,25988813.560644127
2021-05-21,26394408.0,27179913.312396143
2021-05-22,23697696.0,26527864.151201718
2021-05-23,23912774.0,24101821.105462577
2021-05-24,25105244.0,23880542.742293324
2021-05-25,22412512.0,24926542.28305323
2021-05-26,22183384.0,22816040.668794613
2021-05-27,24506090.0,22217720.769059666
2021-05-28,27275894.0,24158012.857461765
2021-05-29,18804076.0,26860815.440031167
2021-05-30,19168984.0,20073649.592845574
2021-05-31,22585958.0,19114299.449338254
2021-06-01,21641430.0,22073895.540933963
2021-06-02,18492634.0,21782975.510834068
2021-06-03,11712114.0,18964507.71717119
2021-06-04,19419436.0,12728232.28036925
2021-06-05,24937568.0,18264428.599846017
2021-06-06,27546252.0,24110629.240333997
2021-06-07,27189198.0,27155318.634991597
2021-06-08,26031614.0,27242705.5623225
2021-06-09,24909676.0,26205087.754736062
2021-06-10,23563798.0,25077807.900096294
2021-06-11,26402984.0,23765489.203469176
2021-06-12,21143664.0,25977507.96040887
2021-06-13,18505254.0,21931817.592100844
2021-06-14,23880658.0,18900642.057569187
2021-06-15,24557514.0,23075108.23851121
2021-06-16,23741696.0,24456081.402680382
2021-06-17,21357406.0,23863953.22853915
2021-06-18,20598410.0,21714712.025895003
2021-06-19,15891733.0,20712151.971165504
2021-06-20,25326968.0,16597068.363584729
2021-06-21,24461686.0,23913018.219882876
2021-06-22,14896197.0,24591355.827369355
2021-06-23,22051944.0,16329666.443873182
2021-06-24,24156232.0,20979594.779527616
2021-06-25,23484214.0,23840886.642422464
2021-06-26,24853230.0,23584921.582093585
2021-06-27,22561178.0,24648071.371499825
2021-06-28,17818498.0,22904661.381327227
2021-06-29,19720292.0,18529228.717694458
2021-06-30,11714808.0,19435292.08127746
2021-07-01,20766914.0,12914497.498092115
2021-07-02,24225158.0,19410379.341531303
2021-07-03,23339688.0,23706910.882319164
2021-07-04,24958098.0,23472383.169945456
2021-07-05,22520868.0,24715565.570904236
2021-07-06,18264912.0,22886107.532729693
2021-07-07,8730634.0,18902703.008956127
2021-07-08,16644286.0,10159426.21150035
2021-07-09,13609025.0,15458358.30394119
2021-07-10,21274984.0,14063884.53699596
2021-07-11,24293280.0,20126175.19529753
2021-07-12,21613512.0,23840962.811765853
2021-07-13,18486702.0,22015097.903728407
2021-07-14,24532632.0,18955280.92908529
2021-07-15,21270692.0,23626598.24523888
2021-07-16,21670932.0,21759521.30268883
2021-07-17,25022754.0,21610952.6502547
2021-07-18,25573374.0,24520455.119273473
2021-07-19,26132352.0,25490858.93514702
2021-07-20,27399772.0,26048584.418144297
2021-07-21,24458260.0,27209838.39152962
2021-07-22,22188030.0,24899070.4562962
2021-07-23,25064514.0,22528243.170028653
2021-07-24,28806266.0,24633448.53959436
2021-07-25,27921832.0,28245532.81024343
2021-07-26,27283146.0,28054371.916581634
2021-07-27,26125660.0,27378858.499928605
2021-07-28,24742432.0,26299119.06860705
2021-07-29,22868010.0,24949720.416923568
2021-07-30,23749246.0,23148907.99297492
2021-07-31,25331572.0,23617185.330771167
2021-08-01,27040268.0,25094447.063549172
2021-08-02,26207122.0,26784205.45004899
2021-08-03,24319584.0,26331975.975921687
2021-08-04,21386042.0,24602447.536526933
2021-08-05,24379832.0,21825658.084375676
2021-08-06,25849558.0,23931187.24316916
2021-08-07,25268854.0,25629307.126064967
2021-08-08,24028970.0,25355877.40674219
2021-08-09,24557376.0,24214777.105935436
2021-08-10,25040512.0,24478189.89096164
2021-08-11,26347558.0,24968109.983413592
2021-08-12,26601338.0,26151686.100221884
2021-08-13,27050056.0,26563306.920201976
2021-08-14,26577624.0,26982811.811865356
2021-08-15,24476820.0,26648421.931638192
2021-08-16,25056386.0,24791643.25070538
2021-08-17,25098184.0,24969533.13218448
2021-08-18,25243278.0,25091920.216118693
2021-08-19,25395554.0,25221534.436708115
2021-08-20,21037412.0,25372734.15325351
2021-08-21,13783249.0,21690516.445476897
2021-08-22,19668346.0,14870346.690601641
2021-08-23,25768852.0,18786414.430821497
2021-08-24,25303090.0,24854639.569964796
2021-08-25,23917194.0,25372888.375714745
2021-08-26,24696306.0,24124882.23929295
2021-08-27,27161912.0,24579549.476067465
2021-08-28,26363508.0,26792420.08362956
2021-08-29,19737146.0,26483155.593329117
2021-08-30,23700182.0,20730162.400002383
2021-08-31,23591068.0,23106287.53093842
2021-09-01,23538184.0,23607419.655926716
2021-09-02,22006750.0,23546109.11476097
2021-09-03,18861086.0,22236248.339740757
2021-09-04,18813048.0,19332490.3604767
2021-09-05,23823050.0,18820246.90066726
2021-09-06,22175282.0,23072258.819251843
2021-09-07,24670050.0,22422213.973743528
2021-09-08,22590864.0,24296187.91123981
2021-09-09,21862334.0,22902447.6105325
2021-09-10,22192906.0,21971510.383344848
2021-09-11,20113938.0,22143366.989396356
2021-09-12,20598676.0,20425488.941388376
2021-09-13,18661232.0,20526033.91016181
2021-09-14,22568890.0,18951574.372796144
2021-09-15,20826058.0,21983294.39269685
2021-09-16,15741785.0,21087236.118317254
2021-09-17,20306034.0,16503706.318377914
2021-09-18,21226520.0,19622042.6770547
2021-09-19,23669572.0,21088577.386244126
2021-09-20,23869572.0,23303459.991320334
2021-09-21,21454782.0,23839600.30814246
2021-09-22,15360479.0,21816658.70890328
2021-09-23,19473582.0,16273761.85801224
2021-09-24,17439526.0,18857198.721528497
2021-09-25,17676472.0,17744346.498264845
2021-09-26,20554784.0,17640963.637505624
2021-09-27,23711740.0,20123444.59833078
2021-09-28,21756816.0,23238643.437801026
2021-09-29,19664698.0,22049777.898664493
2021-09-30,15994822.0,19978219.580128007
2021-10-01,18992626.0,16544783.963136807
2021-10-02,8528112.0,18543379.71131358
2021-10-03,14822646.0,10096307.945234278
2021-10-04,14368995.0,13879356.832826128
2021-10-05,18428724.0,14436978.439914312
2021-10-06,22231666.0,17820339.266934518
2021-10-07,22610874.0,21661762.97111962
2021-10-08,23179682.0,22554046.47337044
2021-10-09,22513330.0,23094441.309489496
2021-10-10,22859642.0,22613188.48406326
2021-10-11,21357050.0,22807744.21724717
2021-10-12,21718190.0,21582226.12205798
2021-10-13,17997758.0,21664070.11601285
2021-10-14,17479472.0,18555296.207404554
2021-10-15,18339158.0,17557141.54143037
2021-10-16,14734945.0,18210326.780568816
2021-10-17,17773986.0,15275066.807124602
2021-10-18,21691580.0,17318559.998027932
2021-10-19,21550322.0,21104495.39904537
2021-10-20,20736950.0,21571490.70624206
2021-10-21,19112872.0,20858840.67474773
2021-10-22,18442018.0,19356253.826843005
2021-10-23,19852580.0,18542551.146846972
2021-10-24,18485918.0,19641195.35195026
2021-10-25,13147676.0,18690723.86168701
2021-10-26,19900376.0,13947656.721424744
2021-10-27,20587522.0,18888426.78196813
2021-10-28,17624710.0,20484547.359134313
2021-10-29,18945698.0,18068712.441479027
2021-10-30,20538714.0,18747736.773582496
2021-10-31,18515254.0,20299987.07661939
2021-11-01,18238400.0,18818486.598030236
2021-11-02,19473114.0,18279888.91388763
2021-11-03,19782314.0,19288081.66229908
2021-11-04,14760214.0,19735977.764388252
2021-11-05,15548030.0,15512818.16838862
2021-11-06,17575700.0,15429969.108037822
2021-11-07,18416142.0,17271836.497856166
2021-11-08,17056540.0,18290194.65675935
2021-11-09,17707894.0,17260287.86096444
2021-11-10,17409834.0,17610283.09310914
2021-11-11,18405282.0,17454500.812375285
2021-11-12,17478828.0,18256105.696419004
2021-11-13,11813861.0,17617664.9690409
2021-11-14,18333280.0,12662804.226535508
2021-11-15,18622332.0,17356289.913209222
2021-11-16,18757484.0,18579015.11262598
2021-11-17,18035600.0,18737230.329510354
2021-11-18,16180327.0,18143780.42402442
2021-11-19,12838680.0,16458355.353338018
2021-11-20,16906686.0,13339454.070903273
2021-11-21,17823110.0,16297060.888466991
2021-11-22,13193412.0,17685776.111305755
2021-11-23,12918215.0,13887211.40924722
2021-11-24,16505994.0,12959455.59842059
2021-11-25,12206677.0,15968334.966795333
2021-11-26,7605282.0,12850966.021609299
2021-11-27,15004105.0,8294839.965274001
2021-11-28,14207586.0,13895328.784677804
2021-11-29,16242997.0,14326951.110133357
2021-11-30,17045930.0,15937973.443522818
2021-12-01,16312566.0,16925603.69770877
2021-12-02,16515131.0,16422466.799137045
2021-12-03,16898456.0,16484774.921194393
2021-12-04,16699979.0,16841011.506093554
2021-12-05,16208766.0,16729722.457424037
2021-12-06,16187314.0,16282378.423362074
2021-12-07,13282145.0,16190528.76366864
2021-12-08,15761993.0,13717509.150310308
2021-12-09,16721774.0,15390366.799452383
2021-12-10,15864899.0,16577942.698086418
2021-12-11,16003421.0,15993308.967302125
2021-12-12,8784562.0,15982662.306502553
2021-12-13,16544294.0,9866369.087554948
2021-12-14,15680113.0,15381432.51799475
2021-12-15,14830763.0,15809617.833205681
2021-12-16,16059280.0,14958045.282395985
2021-12-17,15448928.0,15875176.335171286
2021-12-18,14527700.0,15540394.41034315
2021-12-19,6255661.5,14665753.808732664
2021-12-20,9954686.0,7495296.444778312
2021-12-21,16465677.0,9400355.887562647
2021-12-22,16566867.0,15489949.920304097
2021-12-23,16230964.0,16551702.82250468
2021-12-24,15842321.0,16281301.906050107
2021-12-25,16521177.0,15900562.441192938
2021-12-26,15331799.0,16419444.685761807
2021-12-27,16611054.0,15510037.354590654
2021-12-28,16529693.0,16419346.816663949
2021-12-29,17107654.0,16541885.634106105
2021-12-30,16704582.0,17021041.65501164
2021-12-31,16248837.0,16764985.748901999
2022-01-01,16756194.0,16317134.24352806
2022-01-02,16876470.0,16680162.261671184
2022-01-03,15580898.0,16858445.623950716
2022-01-04,17207172.0,15775050.423816249
2022-01-05,17089450.0,16963461.0839804
2022-01-06,16378005.0,17107091.637544263
2022-01-07,8665709.0,16484621.051567918
2022-01-08,16589861.0,9821461.796130482
2022-01-09,15168046.0,15402359.79011867
2022-01-10,8382421.5,15381117.005292103
2022-01-11,4910312.5,9399304.732874684
2022-01-12,12180897.0,5430637.405218861
2022-01-13,15077190.0,11091338.408709167
2022-01-14,17715008.0,14643155.993374329
2022-01-15,17312854.0,17319708.65863871
2022-01-16,18187882.0,17373120.178836375
2022-01-17,17963018.0,18056751.652086426
2022-01-18,17765942.0,17996715.772589263
2022-01-19,17271898.0,17795475.50572258
2022-01-20,12599439.0,17345934.67266032
2022-01-21,7087821.5,13299646.506824818
2022-01-22,6143927.5,7913784.006732974
2022-01-23,5138401.0,6285378.000570878
2022-01-24,15195572.0,5289087.6520629255
2022-01-25,13222375.0,13688419.849147338
2022-01-26,9177597.0,13518075.262291057
2022-01-27,7356953.0,9783741.199240673
2022-01-28,8178860.0,7629791.9047513455
2022-01-29,8733759.0,8055690.283302247
2022-01-30,18354186.0,8650602.69079973
2022-01-31,18656468.0,16912483.63209047
2022-02-01,18763274.0,18611168.485209603
2022-02-02,19018482.0,18747268.21739732
2022-02-03,18953742.0,18980236.922322113
2022-02-04,11209558.0,18963443.836654283
2022-02-05,14450549.0,12370089.482680248
2022-02-06,19259350.0,13964859.082174787
2022-02-07,10921434.0,18538710.491118982
2022-02-08,8284829.5,12170941.245430034
2022-02-09,19818724.0,8679946.988120943
2022-02-10,14080441.0,18090272.34064344
2022-02-11,12640041.0,14940371.249336643
2022-02-12,19123090.0,12855897.124757964
2022-02-13,14355713.0,18151550.265373513
2022-02-14,15737814.0,15070144.772063486
2022-02-15,20586682.0,15530694.473560048
2022-02-16,20626734.0,19860038.112230703
2022-02-17,20903986.0,20620731.86898861
2022-02-18,21225988.0,20862437.442445572
2022-02-19,11863345.0,21177733.276392452
2022-02-20,15894435.0,13266416.254840512
2022-02-21,21088018.0,15290342.063350055
2022-02-22,21202816.0,20309715.65343735
2022-02-23,20904200.0,21185612.548590694
2022-02-24,18659544.0,20948950.13367865
2022-02-25,10782449.0,18995924.68979083
2022-02-26,11619405.0,11962898.32036263
2022-02-27,13334465.0,11493980.063348427
2022-02-28,17278580.0,13077448.750814084
2022-03-01,22171936.0,16687521.0028466
2022-03-02,20769782.0,21438625.20909391
2022-03-03,15863527.0,20979906.63812405
2022-03-04,15553710.0,16598770.81517244
2022-03-05,22281032.0,15600138.698281128
2022-03-06,22152396.0,21272885.889947936
2022-03-07,21201036.0,22171673.192768928
2022-03-08,17578700.0,21343605.34382792
2022-03-09,13057343.0,18121537.691982273
2022-03-10,23137730.0,13734906.593909534
2022-03-11,23860068.0,21627098.735156514
2022-03-12,14537788.0,23751819.54023506
2022-03-13,23858556.0,15934810.517848285
2022-03-14,23812540.0,22461760.068142157
2022-03-15,23847872.0,23819435.88686258
2022-03-16,24291130.0,23842577.200916447
2022-03-17,24210552.0,24224704.039053064
2022-03-18,23491128.0,24222627.29493248
2022-03-19,12042398.0,23598939.772214573
2022-03-20,16803208.0,13758087.038600558
2022-03-21,24436178.0,16089760.348438656
2022-03-22,25531866.0,23292312.876010973
2022-03-23,25273750.0,25367667.88446001
2022-03-24,24206090.0,25312430.866077498
2022-03-25,25997722.0,24366087.882643078
2022-03-26,26017590.0,25729230.788869508
2022-03-27,25892696.0,26014612.612130873
2022-03-28,25459550.0,25911412.422414273
2022-03-29,25104490.0,25524460.59220662
2022-03-30,26113560.0,25157698.74455468
2022-03-31,25903362.0,25962342.324486587
2022-04-01,25480382.0,25934861.94842535
2022-04-02,24910450.0,25543769.1311095
2022-04-03,22777212.0,24995859.131418742
2022-04-04,26038980.0,23096895.759973917
2022-04-05,26157590.0,25550176.472966168
2022-04-06,26789600.0,26139815.288143888
2022-04-07,26383840.0,26694887.955145597
2022-04-08,25888954.0,26444646.568440568
2022-04-09,26224720.0,25963116.85348304
2022-04-10,26339226.0,26174402.624558814
2022-04-11,27074924.0,26322066.307260804
2022-04-12,25382766.0,26964673.431218978
2022-04-13,27138540.0,25636350.19075131
2022-04-14,26443972.0,26875422.413502645
2022-04-15,24427644.0,26548058.89035052
2022-04-16,24614972.0,24729807.807498593
2022-04-17,25155478.0,24586899.314538557
2022-04-18,22044022.0,25074478.603604257
2022-04-19,20960078.0,22510300.002301384
2022-04-20,21976576.0,21122516.177794117
2022-04-21,16957690.0,21824245.175851
2022-04-22,18870486.0,17709812.52330047
2022-04-23,25432814.0,18583837.338508375
2022-04-24,22060364.0,24449393.636579644
2022-04-25,18179520.0,22565754.161024716
2022-04-26,15140482.0,18761097.302575808
2022-04-27,21025656.0,15595907.552396692
2022-04-28,19075410.0,20143712.89172013
2022-04-29,24878518.0,19367670.860791948
2022-04-30,24600796.0,24008873.17604003
2022-05-01,16616543.0,24642414.99103029
2022-05-02,20378684.0,17813050.853142977
2022-05-03,21992284.0,19814895.346117016
2022-05-04,23757284.0,21750472.390093412
2022-05-05,24932336.0,23492783.819357257
2022-05-06,23283348.0,24756244.517697103
2022-05-07,25412990.0,23530462.80106386
2022-05-08,26723498.0,25093845.131045684
2022-05-09,26782816.0,26527107.290235832
2022-05-10,17749794.0,26773926.695911974
2022-05-11,21983194.0,19103468.759631652
2022-05-12,26257456.0,21348783.198451567
2022-05-13,26848410.0,25616921.682088155
2022-05-14,26335386.0,26759850.544050112
2022-05-15,28090152.0,26412266.9862176
2022-05-16,27762746.0,27827185.470829606
2022-05-17,28154138.0,27811810.55872154
2022-05-18,25453126.0,28095484.59790248
2022-05-19,26268468.0,25857895.496837515
2022-05-20,26475378.0,26146282.104087472
2022-05-21,27002684.0,26444370.78618879
2022-05-22,23598952.0,26923662.735266853
2022-05-23,21415680.0,24109030.033348147
2022-05-24,20905394.0,21742861.778125916
2022-05-25,25210892.0,20981864.67375607
2022-05-26,23092874.0,24565676.703253843
2022-05-27,26605242.0,23410276.91422356
2022-05-28,26895044.0,26078883.943068676
2022-05-29,27230248.0,26851614.718781512
2022-05-30,26775304.0,27180014.845012933
2022-05-31,24401550.0,26843481.206902172
2022-06-01,23822336.0,24757277.11716795
2022-06-02,23836270.0,23909136.11763785
2022-06-03,26271920.0,23834181.872228287
2022-06-04,26764468.0,25906917.243635982
2022-06-05,27908482.0,26690655.515594777
2022-06-06,28191254.0,27737041.824556474
2022-06-07,28281668.0,28148878.22375031
2022-06-08,27722042.0,28268118.697261963
2022-06-09,21037294.0,27805906.690137323
2022-06-10,27081166.0,22039060.03600635
2022-06-11,25815850.0,26175440.653948095
2022-06-12,26287152.0,26005468.30627204
2022-06-13,23158072.0,26216523.4084208
2022-06-14,20081618.0,23626991.10778787
2022-06-15,19804528.0,20542650.656509396
2022-06-16,22514552.0,19846052.28048402
2022-06-17,26364078.0,22108431.978727385
2022-06-18,24407940.0,25787193.964652162
2022-06-19,23643604.0,24701083.826834068
2022-06-20,23861830.0,23758146.215338103
2022-06-21,19783144.0,23829126.98786349
2022-06-22,17755692.0,20394369.5998782
2022-06-23,26462478.0,18059522.83299971
2022-06-24,27527198.0,25157692.46469252
2022-06-25,26674316.0,27367640.70122723
2022-06-26,26447080.0,26802127.582474187
2022-06-27,26562942.0,26481133.236854695
2022-06-28,26680174.0,26545579.09919001
2022-06-29,23170014.0,26662605.79310079
2022-06-30,25379000.0,23696041.16945322
2022-07-01,28162046.0,25047964.76145196
2022-07-02,24325314.0,27744983.01431328
2022-07-03,24531176.0,24900280.74621971
2022-07-04,24013128.0,24500325.83785412
2022-07-05,24286746.0,24090761.87511706
2022-07-06,27852622.0,24245742.028086625
2022-07-07,25268416.0,27318245.31662911
2022-07-08,26437982.0,25655681.12964196
2022-07-09,27113556.0,26262712.641204756
2022-07-10,27988418.0,27012315.52122519
2022-07-11,27602862.0,27857312.528590668
2022-07-12,25876628.0,27660640.828129116
2022-07-13,25855554.0,26135318.767609995
2022-07-14,23578960.0,25858712.117171027
2022-07-15,18313940.0,23920126.86926356
2022-07-16,23922648.0,19102947.78531878
2022-07-17,26204304.0,23082135.660525557
2022-07-18,26434678.0,25862378.547215525
2022-07-19,27156750.0,26400154.50730006
2022-07-20,27757704.0,27048541.40258523
2022-07-21,27467738.0,27667645.959457237
2022-07-22,24039772.0,27511191.85800581
2022-07-23,25510474.0,24553481.703250527
2022-07-24,24336486.0,25290076.864208702
2022-07-25,22369018.0,24512418.032902215
2022-07-26,25694910.0,22663859.723177798
2022-07-27,23134078.0,25196496.949122805
2022-07-28,24225024.0,23517840.33801457
2022-07-29,23154238.0,24061536.51327395
2022-07-30,24693080.0,23314704.34018681
2022-07-31,24427142.0,24462471.50879284
2022-08-01,23749006.0,24466995.058946047
2022-08-02,22422864.0,23850630.416147504
2022-08-03,25075240.0,22621597.59691667
2022-08-04,26226700.0,24677759.0191884
2022-08-05,25040574.0,26054143.978468616
2022-08-06,24694624.0,25218325.01488105
2022-08-07,25242748.0,24746467.53399057
2022-08-08,26248882.0,25160606.981861405
2022-08-09,26079936.0,26098104.30892306
2022-08-10,26788008.0,26105253.987262815
2022-08-11,26233188.0,26681897.42101526
2022-08-12,25633460.0,26316332.470381986
2022-08-13,21377142.0,25723334.314071678
2022-08-14,19861270.0,22014987.257718388
2022-08-15,22808472.0,20088436.242397323
2022-08-16,20335148.0,22366808.849070452
2022-08-17,24570538.0,20705796.523959223
2022-08-18,25816534.0,23935828.980117586
2022-08-19,25244776.0,25629810.959161397
2022-08-20,24032384.0,25330458.7729654
2022-08-21,19071856.0,24214071.1971727
2022-08-22,25730232.0,19815233.083333362
2022-08-23,26366762.0,24732418.031281985
2022-08-24,26283296.0,26271372.59490962
2022-08-25,25903256.0,26295804.086162906
2022-08-26,24678838.0,25960208.208867688
2022-08-27,25146264.0,24862327.395004094
2022-08-28,24602114.0,25076216.259809
2022-08-29,22671026.0,24683659.480621386
2022-08-30,22469558.0,22960415.872428913
2022-08-31,24576840.0,22499749.68407577
2022-09-01,22679310.0,24261045.966195356
2022-09-02,21070236.0,22963670.922252137
2022-09-03,16056634.0,21311369.35051985
2022-09-04,19975040.0,16807964.671201594
2022-09-05,18305896.0,19387833.713976428
2022-09-06,16183934.0,18556031.348169263
2022-09-07,14815830.0,16501927.955986988
2022-09-08,22601944.0,15020851.957585301
2022-09-09,22736214.0,21435128.95212182
2022-09-10,20591750.0,22716092.504671443
2022-09-11,22048220.0,20913116.07103788
2022-09-12,24367586.0,21829955.649801284
2022-09-13,23629428.0,24020009.384715788
2022-09-14,21134548.0,23740047.22059087
2022-09-15,17562470.0,21508426.872907627
2022-09-16,17372890.0,18097776.10553539
2022-09-17,17517570.0,17401300.16671176
2022-09-18,17680500.0,17495888.47811026
2022-09-19,18525084.0,17656083.56122826
2022-09-20,19350776.0,18398515.94302098
2022-09-21,20802530.0,19227039.069033843
2022-09-22,17737346.0,20584972.382295284
2022-09-23,22009148.0,18196689.751673225
2022-09-24,22887442.0,21368982.333898
2022-09-25,22261900.0,22755822.214358393
2022-09-26,18469616.0,22355642.76033973
2022-09-27,15847529.0,19037921.83742129
2022-09-28,18021642.0,16240470.917938238
2022-09-29,20693270.0,17695832.7755027
2022-09-30,24340770.0,20292903.944130193
2022-10-01,23953288.0,23794161.269748215
2022-10-02,19759694.0,24011355.455521706
2022-10-03,19883754.0,20388139.535718028
2022-10-04,12384669.0,19865162.55954077
2022-10-05,13470475.0,13508470.324167296
2022-10-06,10261078.0,13307757.78575469
2022-10-07,14448355.0,10742033.289662478
2022-10-08,12769861.0,13820856.120169291
2022-10-09,17424664.0,13021397.524763603
2022-10-10,14016779.0,16727102.394132365
2022-10-11,17252474.0,14527479.39552957
2022-10-12,21170182.0,16767577.732575174
2022-10-13,20143082.0,20583080.31518101
2022-10-14,18936232.0,20297001.62353437
2022-10-15,20019598.0,19117088.68159133
2022-10-16,21765860.0,19857246.44039535
2022-10-17,17583414.0,21504167.86716739
2022-10-18,7337730.0,18210188.91361389
2022-10-19,7481476.0,8873132.418588359
2022-10-20,21636598.0,7459934.445911234
2022-10-21,21498722.0,19515333.22605096
2022-10-22,19800946.0,21519383.88493275
2022-10-23,19141032.0,20055372.09557559
2022-10-24,20364652.0,19239925.695302367
2022-10-25,15195671.0,20181282.19204642
2022-10-26,18023794.0,15970286.528747253
2022-10-27,20578934.0,17599975.84454397
2022-10-28,20188728.0,20196024.656335697
2022-10-29,15198239.0,20247203.669964805
2022-10-30,18776088.0,15946105.992632078
2022-10-31,11041021.0,18239917.06129606
2022-11-01,14257587.0,12200186.22310692
2022-11-02,14524725.0,13775557.375042887
2022-11-03,19099412.0,14484692.11090281
2022-11-04,19450158.0,18413856.454456653
2022-11-05,16410027.0,19397595.744838685
2022-11-06,19736148.0,16865616.34769269
2022-11-07,14828905.0,19237700.631535627
2022-11-08,17396412.0,15564296.875330217
2022-11-09,16750395.0,17011649.356769685
2022-11-10,18561652.0,16847206.112293646
2022-11-11,18669232.0,18290219.81660599
2022-11-12,8529669.0,18653110.226949833
2022-11-13,10086149.0,10049168.289030291
2022-11-14,18761090.0,9852897.305287924
2022-11-15,9493676.0,17461076.70732854
2022-11-16,7539455.0,10882476.383621007
2022-11-17,4111977.2,7832311.548167616
2022-11-18,7593404.0,4625613.742350701
2022-11-19,11966913.0,7071682.743629187
2022-11-20,4747108.5,11311505.67957923
2022-11-21,5329537.0,5829057.278728207
2022-11-22,6383181.0,5242255.16234477
2022-11-23,16671862.0,6225283.5335222995
2022-11-24,16918338.0,15130016.11723765
2022-11-25,10259476.0,16881401.486388613
2022-11-26,8156629.5,11257362.799929231
2022-11-27,17670426.0,8471758.836608473
2022-11-28,15584137.0,16244703.114533547
2022-11-29,17053682.0,15896785.055168819
2022-11-30,14912255.0,16833458.250446096
2022-12-01,6515413.5,15233165.950897023
2022-12-02,16301235.0,7773751.23007279
2022-12-03,14356990.0,14834746.867145818
2022-12-04,13574019.0,14648351.56017776
2022-12-05,16577098.0,13691353.827726929
2022-12-06,16005936.0,16127061.207940836
2022-12-07,12360623.0,16091529.457323665
2022-12-08,15392304.0,12906903.989801325
2022-12-09,15038600.0,14937980.95628829
2022-12-10,15905401.0,15091605.536483888
2022-12-11,15786362.0,15775503.537630986
2022-12-12,16396821.0,15804201.001135144
2022-12-13,16367694.0,16305338.554801706
2022-12-14,16580549.0,16372058.927343672
2022-12-15,15865130.0,16548650.877648322
2022-12-16,14940211.0,15972341.589085128
2022-12-17,8464992.0,15078817.936305895
2022-12-18,5397974.5,9435358.342890264
2022-12-19,16535715.0,5857593.0171583295
2022-12-20,16127168.0,14866630.368724087
2022-12-21,13551919.0,16188392.2239666
2022-12-22,16652518.0,13937841.84742212
2022-12-23,6376536.5,16187867.010991102
2022-12-24,6111515.0,7916479.255258627
2022-12-25,3789371.5,6151230.713668108
2022-12-26,15886530.0,4137364.3471548837
2022-12-27,15990022.0,14073668.465431226
2022-12-28,16961504.0,15974512.8483314
2022-12-29,16624255.0,16815919.204254292
2022-12-30,16228083.0,16674794.61553631
2022-12-31,15698021.0,16287452.725532915
2023-01-01,16525891.0,15777455.274646942
2023-01-02,15061170.0,16401827.677309515
2023-01-03,17375608.0,15280670.8323463
2023-01-04,16999876.0,17028769.887203157
2023-01-05,17035252.0,17056182.618625075
2023-01-06,16346424.0,17029950.60714424
2023-01-07,16640442.0,16449650.702794207
2023-01-08,14046477.0,16596380.915517157
2023-01-09,12224827.0,14435204.598346148
2023-01-10,16352687.0,12497816.662361389
2023-01-11,16798644.0,15734092.260244787
2023-01-12,16466795.0,16731813.571071448
2023-01-13,18140378.0,16516525.379856154
2023-01-14,18175318.0,17889577.43012996
2023-01-15,18030126.0,18170081.945432488
2023-01-16,18149008.0,18051884.249420896
2023-01-17,17287528.0,18131192.526642963
2023-01-18,17494610.0,17416628.065507144
2023-01-19,15623760.0,17463577.01053379
2023-01-20,16848686.0,15904122.698558342
2023-01-21,17560648.0,16665120.476898588
2023-01-22,8229002.0,17453954.47160863
2023-01-23,5176006.0,9627428.092177972
2023-01-24,18282212.0,5633523.276771426
2023-01-25,15435124.0,16318136.161733149
2023-01-26,10932406.0,15861784.221136421
2023-01-27,6241373.0,11607176.382086871
2023-01-28,17166176.0,6944363.977847629
2023-01-29,18504288.0,15529001.854398657
2023-01-30,17202528.0,18303760.597325653
2023-01-31,14621914.0,17397607.747962322
2023-02-01,4697393.0,15008640.838056197
2023-02-02,9710289.0,6184666.426228153
2023-02-03,14452122.0,8959064.128870662
2023-02-04,19676594.0,13741518.212420557
2023-02-05,19736440.0,18893662.675488412
2023-02-06,19656274.0,19727471.57064547
2023-02-07,17938974.0,19668287.553247254
2023-02-08,14600806.0,18196325.93213472
2023-02-09,11551960.0,15101058.71332341
2023-02-10,6001627.0,12008855.364165382
2023-02-11,17948058.0,6833391.351913527
2023-02-12,20380570.0,16157784.25635351
2023-02-13,20225046.0,20016037.499481224
2023-02-14,20445908.0,20248352.587022256
2023-02-15,20418270.0,20412809.960964806
2023-02-16,20694842.0,20422411.78809779
2023-02-17,15778095.0,20653395.34619789
2023-02-18,20479222.0,16514911.130127287
2023-02-19,16865970.0,19774718.35086432
2023-02-20,20100226.0,17407446.377738103
2023-02-21,21366820.0,19615545.378898088
2023-02-22,20051036.0,21177010.17461699
2023-02-23,21241688.0,20248217.36299537
2023-02-24,20465708.0,21063258.725732215
2023-02-25,17076274.0,20581995.16723805
2023-02-26,20247338.0,17584209.357097253
2023-02-27,21593210.0,19772127.234657396
2023-02-28,21562172.0,21391519.695681583
2023-03-01,21947426.0,21566823.30685937
2023-03-02,22889620.0,21889692.42912559
2023-03-03,23217468.0,22748424.25880991
2023-03-04,23037062.0,23168337.203839455
2023-03-05,22479974.0,23064097.365206253
2023-03-06,22469858.0,22563458.349367652
2023-03-07,19306694.0,22471373.968174156
2023-03-08,20444898.0,19780720.883514233
2023-03-09,20784460.0,20274328.502204932
2023-03-10,21929662.0,20733573.76184736
2023-03-11,22936458.0,21758043.79270684
2023-03-12,22611396.0,22785581.10262301
2023-03-13,17334470.0,22660109.29049297
2023-03-14,6974086.5,18125262.00013506
2023-03-15,10880670.0,8526677.608939426
2023-03-16,22137684.0,10295235.415611356
2023-03-17,23717062.0,20450725.22578024
2023-03-18,19273076.0,23480378.846287154
2023-03-19,5580101.5,19939044.895055987
2023-03-20,10936992.0,7632109.561635391
2023-03-21,24506106.0,10134216.64309723
2023-03-22,21092636.0,22472659.48206121
2023-03-23,19567800.0,21604173.35502469
2023-03-24,24536832.0,19796309.573626377
2023-03-25,23878490.0,23792180.520328857
2023-03-26,24235050.0,23977148.117804363
2023-03-27,23586794.0,24181616.467756387
2023-03-28,16278352.0,23683940.64538399
2023-03-29,12757249.0,17373583.857913315
2023-03-30,17666610.0,13284916.070573203
2023-03-31,23906224.0,16930900.724453013
2023-04-01,19077668.0,22971165.059410207
2023-04-02,21442836.0,19801267.962744247
2023-04-03,24834064.0,21088395.567563493
2023-04-04,23667284.0,24325859.796826784
2023-04-05,22657650.0,23842135.85312767
2023-04-06,11503755.0,22808952.19568445
2023-04-07,7632638.5,13175260.519756474
2023-04-08,8752872.0,8212758.054413088
2023-04-09,8122453.0,8584995.533647563
2023-04-10,12409182.0,8216926.620045675
2023-04-11,16042668.0,11766779.396676214
2023-04-12,19864770.0,15498159.386196671
2023-04-13,23504972.0,19291995.68303967
2023-04-14,23553754.0,22959456.936784096
2023-04-15,23896000.0,23546443.604639027
2023-04-16,22984894.0,23844711.54174263
2023-04-17,14961450.0,23121430.941407755
2023-04-18,25733112.0,16163830.956020921
2023-04-19,20824382.0,24118887.32871243
2023-04-20,23752974.0,21559996.714859176
2023-04-21,23417314.0,23314099.714997794
2023-04-22,21754774.0,23467615.4904445
2023-04-23,23593204.0,22003919.682904128
2023-04-24,17494114.0,23317699.712691765
2023-04-25,26698354.0,18408114.23045685
2023-04-26,25212168.0,25319020.77468603
2023-04-27,24395608.0,25434885.54417491
2023-04-28,26221282.0,24517976.423515942
2023-04-29,25494942.0,25947689.30719844
2023-04-30,28011452.0,25603790.193319008
2023-05-01,28038606.0,27634331.68861798
2023-05-02,27222122.0,28034536.743396502
2023-05-03,20075264.0,27344479.034273036
2023-05-04,24665978.0,21146281.128627777
2023-05-05,25591286.0,23978020.672929652
2023-05-06,26674668.0,25452620.768753443
2023-05-07,25093382.0,26512314.04266
2023-05-08,23473436.0,25330351.083653167
2023-05-09,23437872.0,23716198.61168923
2023-05-10,24597264.0,23443201.566246107
2023-05-11,24128978.0,24423519.30116955
2023-05-12,20777528.0,24199154.618465986
2023-05-13,17228296.0,21279771.13337967
2023-05-14,16533020.0,17760178.439174507
2023-05-15,25769818.0,16637212.990139695
2023-05-16,23123374.0,24385605.682968542
2023-05-17,23977674.0,23519966.020431105
2023-05-18,24124516.0,23849649.91823054
2023-05-19,22111436.0,24102510.484121278
2023-05-20,17270608.0,22413113.067222826
2023-05-21,19899934.0,17996047.025756627
2023-05-22,24976872.0,19505907.256674983
2023-05-23,27549414.0,24216049.89342096
2023-05-24,26367686.0,27163896.819427174
2023-05-25,25506462.0,26544777.937377103
2023-05-26,25764122.0,25635523.701741565
2023-05-27,24133308.0,25725509.46937994
2023-05-28,25205560.0,24377699.273424767
2023-05-29,22936304.0,25044873.967311874
2023-05-30,25853932.0,23276371.207889307
2023-05-31,26615636.0,25416700.76314543
2023-06-01,20332010.0,26501488.212126743
2023-06-02,15820424.0,21273664.51109996
2023-06-03,15104692.0,16496523.326903835
2023-06-04,21256424.0,15211950.494782886
2023-06-05,25438696.0,20334534.92052933
2023-06-06,26657104.0,24811947.161758028
2023-06-07,26305756.0,26474515.254336227
2023-06-08,22705088.0,26358408.469953805
2023-06-09,24747288.0,23244678.558886427
2023-06-10,22912510.0,24441247.054442715
2023-06-11,25175008.0,23187467.004214916
2023-06-12,27113920.0,24835953.53557856
2023-06-13,28089068.0,26823357.634985622
2023-06-14,29222072.0,27942933.823142543
2023-06-15,29056858.0,29052281.76619323
2023-06-16,29095618.0,29081616.715492755
2023-06-17,28796092.0,29089809.48611801
2023-06-18,28665778.0,28840978.5048766
2023-06-19,29055902.0,28685306.655263614
2023-06-20,29033822.0,28997438.618428856
2023-06-21,28992044.0,29037130.874781072
2023-06-22,28462782.0,28998304.78671212
2023-06-23,27803956.0,28542096.387879513
2023-06-24,27053832.0,27902686.64929866
2023-06-25,27105754.0,27166244.426914707
2023-06-26,27231302.0,27097973.049076866
2023-06-27,28030152.0,27212487.570153352
2023-06-28,26579746.0,27910437.56979804
2023-06-29,24164148.0,26797101.608501595
2023-06-30,22009730.0,24526145.794538382
2023-07-01,22871222.0,22332587.76214163
2023-07-02,26564162.0,22742120.136191346
2023-07-03,26398616.0,26010743.701358184
2023-07-04,26662756.0,26423424.468501236
2023-07-05,25700890.0,26623172.386563756
2023-07-06,20395902.0,25845033.756801195
2023-07-07,14757059.0,21190899.328219593
2023-07-08,23120750.0,15602087.324145079
2023-07-09,24564866.0,21867380.152781826
2023-07-10,23737488.0,24348453.001207322
2023-07-11,26153362.0,23861477.592328515
2023-07-12,26995174.0,25791322.844526853
2023-07-13,27906136.0,26869021.350670125
2023-07-14,27223558.0,27769620.638210382
2023-07-15,27384226.0,27325848.08742366
2023-07-16,27289166.0,27360148.541063167
2023-07-17,26889392.0,27303411.545139886
2023-07-18,26515578.0,26949301.51570327
2023-07-19,26115378.0,26571597.190100163
2023-07-20,27384620.0,26175351.355406925
2023-07-21,27155182.0,27194413.349416796
2023-07-22,26496216.0,27189565.225182045
2023-07-23,25793860.0,26594967.629482962
2023-07-24,20128280.0,25899113.988031454
2023-07-25,17488658.0,20977315.08977105
2023-07-26,26233496.0,17884227.686021846
2023-07-27,25358950.0,24923008.05059971
2023-07-28,24152746.0,25490008.116136197
2023-07-29,24003024.0,24333505.873026628
2023-07-30,23403514.0,24025461.10824147
2023-07-31,27029276.0,23493355.644927554
2023-08-01,27265252.0,26485924.89293621
2023-08-02,26739758.0,27229889.00021113
2023-08-03,26416246.0,26818507.721204914
2023-08-04,23613594.0,26464727.00988107
2023-08-05,26223558.0,24033595.110639513
2023-08-06,27726390.0,25832432.816163708
2023-08-07,28128198.0,27501177.91191179
2023-08-08,27061992.0,28067983.67219054
2023-08-09,27474448.0,27221771.988443274
2023-08-10,26746726.0,27412637.979316045
2023-08-11,25866738.0,26855781.297709744
2023-08-12,25633958.0,25998611.64587164
2023-08-13,24512776.0,25668842.052152984
2023-08-14,25456944.0,24680794.60710107
2023-08-15,24710722.0,25315452.438211277
2023-08-16,26952032.0,24822549.679206565
2023-08-17,26265246.0,26616152.736613948
2023-08-18,20639400.0,26368166.691820342
2023-08-19,17004608.0,21482480.613749716
2023-08-20,23729942.0,17549312.328951158
2023-08-21,24705402.0,22722093.808565
2023-08-22,25672614.0,24559221.067303248
2023-08-23,18217154.0,25527669.09987545
2023-08-24,24728956.0,19334417.748880874
2023-08-25,20510922.0,23753107.385093614
2023-08-26,20428032.0,21143030.076463018
2023-08-27,23142304.0,20440453.767690357
2023-08-28,25140834.0,22735547.379992332
2023-08-29,23865234.0,24841337.373359807
2023-08-30,22169472.0,24056393.450667355
2023-08-31,24816644.0,22423596.280638583
2023-09-01,26261262.0,24419942.882610533
2023-09-02,26304918.0,26044773.772260763
2023-09-03,26529232.0,26298375.77910134
2023-09-04,25600030.0,26495616.649563346
2023-09-05,26115732.0,25739278.780087024
2023-09-06,25183310.0,26038449.692828428
2023-09-07,24057792.0,25323041.32432593
2023-09-08,24230224.0,24226460.39338054
2023-09-09,23791316.0,24204383.60614811
2023-09-10,25546794.0,23857090.076649033
2023-09-11,25051368.0,25283720.771606594
2023-09-12,25788546.0,25125611.777051054
2023-09-13,26325496.0,25678073.64069923
2023-09-14,25028314.0,26245029.500285484
2023-09-15,23894586.0,25222707.6959357
2023-09-16,23836640.0,24064484.731331293
2023-09-17,20905336.0,23845323.698281884
2023-09-18,21591992.0,21344616.701143794
2023-09-19,23683032.0,21489090.789779365
2023-09-20,23249956.0,23369671.967291106
2023-09-21,24518832.0,23314856.10211447
2023-09-22,23245442.0,24328680.197612897
2023-09-23,24131752.0,23436270.26347233
2023-09-24,24086658.0,23998930.948948745
2023-09-25,23303858.0,24093415.71736312
2023-09-26,21403996.0,23421167.20193039
2023-09-27,22561328.0,21688706.392179195
2023-09-28,21541924.0,22387892.009595677
2023-09-29,21203290.0,21694690.31283169
2023-09-30,22089536.0,21254037.169502422
2023-10-01,21700678.0,21956724.539890137
2023-10-02,22227374.0,21758951.660761684
2023-10-03,21119944.0,22148444.148927018
2023-10-04,21122548.0,21285901.753568947
2023-10-05,22685196.0,21122157.768572014
2023-10-06,14081421.0,22451019.978311036
2023-10-07,7076399.5,15370769.465557797
2023-10-08,7156441.0,8126161.229267023
2023-10-09,15886499.0,7144446.104130926
2023-10-10,6693974.5,14578225.95862798
2023-10-11,12233611.0,8071552.058534184
2023-10-12,22446986.0,11403449.609096244
2023-10-13,20892140.0,20916425.358372767
2023-10-14,18374098.0,21125146.8259896
2023-10-15,13959495.0,18751447.89454165
2023-10-16,20858016.0,14621060.603946738
2023-10-17,21467816.0,19824214.271576345
2023-10-18,22243838.0,21376432.311526377
2023-10-19,19866008.0,22127544.53870666
2023-10-20,21683992.0,20222345.940248005
2023-10-21,21509002.0,21411551.71875036
2023-10-22,20810892.0,21535225.73179075
2023-10-23,15204334.0,20915509.689013317
2023-10-24,14833278.0,16044524.143786976
2023-10-25,9205735.0,14888883.880469447
2023-10-26,9002712.0,10049069.923555126
2023-10-27,14377015.0,9033136.713979961
2023-10-28,16366417.0,13571630.232674884
2023-10-29,17557120.0,16068288.281376185
2023-10-30,17598792.0,17378683.08295079
2023-10-31,9121090.0,17592547.098284565
2023-11-01,10310513.0,10391545.360020023
2023-11-02,10742431.0,10132267.90177868
2023-11-03,14133019.0,10677704.433981387
2023-11-04,19504610.0,13624910.706240728
2023-11-05,19701918.0,18699631.64881647
2023-11-06,19659934.0,19672349.727114867
2023-11-07,18766264.0,19666225.657554734
2023-11-08,19233478.0,18900188.009311613
2023-11-09,18176268.0,19163462.02980237
2023-11-10,10851431.0,18334699.86174352
2023-11-11,5559928.5,11949119.787353339
2023-11-12,6702967.5,6352904.911966867
2023-11-13,6105721.5,6531673.436554277
2023-11-14,9757321.0,6195223.865375726
2023-11-15,11845280.0,9210097.924994364
2023-11-16,14860970.0,11532381.68120417
2023-11-17,18198692.0,14409043.34291076
2023-11-18,17953368.0,17698506.12354943
2023-11-19,17850110.0,17990131.87666629
2023-11-20,17179882.0,17865584.084789127
2023-11-21,13184951.0,17280321.335451458
2023-11-22,9675512.0,13783625.20462056
2023-11-23,10417833.0,10201431.12150407
2023-11-24,17894684.0,10306589.918643115
2023-11-25,17992280.0,16774214.628816506
2023-11-26,17473766.0,17977654.41380736
2023-11-27,4936812.0,17551469.709159087
2023-11-28,3799331.8,6815580.610600425
2023-11-29,8437834.0,3969792.830242234
2023-11-30,16929732.0,7742715.20690552
2023-12-01,15548088.0,15657149.249291932
2023-12-02,13777868.0,15755139.041124057
2023-12-03,7716819.5,14043150.441800224
2023-12-04,7705844.0,8625118.88987786
2023-12-05,9603470.0,7707488.7715199115
2023-12-06,3448006.0,9319094.691335771
2023-12-07,5797839.5,4370454.3512407355
2023-12-08,16688456.0,5445697.072107441
2023-12-09,15778268.0,15056404.990617095
2023-12-10,15541181.0,15914667.371342128
2023-12-11,9597767.0,15576710.492537137
2023-12-12,9688634.0,10488437.864948783
2023-12-13,6643102.5,9675016.811379908
2023-12-14,4133412.2,7099501.158302074
2023-12-15,12862232.0,4509510.521647218
2023-12-16,9488013.0,11554144.513372269
2023-12-17,14749181.0,9993668.26063919
2023-12-18,16190618.0,13960750.469466394
2023-12-19,12835763.0,15974606.472019754
2023-12-20,15263625.0,13338516.401433544
2023-12-21,13615570.0,14899789.341316912
2023-12-22,9617087.0,13862544.983121345
2023-12-23,11598612.0,10216293.501867952
2023-12-24,16655277.0,11301663.716459995
2023-12-25,13950384.0,15897492.973966101
2023-12-26,5441380.5,14355735.09751801
2023-12-27,6811439.5,6716526.654583415
2023-12-28,9825141.0,6606124.56912679
2023-12-29,3608109.0,9373512.336457051
2023-12-30,13897816.0,4539783.836862159
2023-12-31,16588060.0,12355816.362458423
