Fecha,RH12,Dia,Reconstruida,Ajustados
2020-01-01,67.580284,1,55.32402463035092,43.6069486431509
2020-01-02,67.84901,2,51.740726491355105,43.593062450740796
2020-01-03,43.002438,3,48.8611879611661,43.58039378389095
2020-01-04,35.675102,4,46.55728650241232,43.56894568418446
2020-01-05,40.526485,5,44.55543774301584,43.55872090016208
2020-01-06,44.422684,6,42.6361857294473,43.54972188666225
2020-01-07,35.23704,7,40.79484287840929,43.54195080423177
2020-01-08,43.684826,8,39.29583746395091,43.535409518607054
2020-01-09,49.902107,9,38.596507826073505,43.53009960026621
2020-01-10,52.313377,10,39.16823222679974,43.52602232405199
2020-01-11,22.602865,11,41.28425776874055,43.5231786688657
2020-01-12,37.03615,12,44.858745832569795,43.52156931743217
2020-01-13,46.518257,13,49.404598434382045,43.52119465613588
2020-01-14,56.794,14,54.13473189570469,43.52205477492818
2020-01-15,64.58712,15,58.17841491132273,43.52414946730564
2020-01-16,66.49382,16,60.84067044609479,43.52747823035972
2020-01-17,65.24917,17,61.81472519657653,43.53204026489745
2020-01-18,58.2748,18,61.27191680834616,43.5378344756333
2020-01-19,58.849613,19,59.79536716352865,43.5448594714522
2020-01-20,48.215664,20,58.17815431889154,43.55311356574347
2020-01-21,58.542416,21,57.15419531674538,43.562594776805796
2020-01-22,53.446304,22,57.15364422350633,43.57330082832297
2020-01-23,63.370518,23,58.165982996328054,43.58522914991045
2020-01-24,53.267365,24,59.75633947835825,43.59837687773243
2020-01-25,71.19503,25,61.22738490795861,43.61274085518945
2020-01-26,83.77485,26,61.86926615447886,43.62831763367623
2020-01-27,48.655476,27,61.21081090066695,43.64510347340964
2020-01-28,58.293556,28,59.18652356152965,43.66309434432658
2020-01-29,31.304445,29,56.16457191956191,43.68228592705155
2020-01-30,52.18863,30,52.82967230527347,43.70267361393365
2020-01-31,55.8072,31,49.96412874356998,43.72425251015285
2020-02-01,53.8916,32,48.20317591756637,43.747017434895156
2020-02-02,57.272118,33,47.8464368306444,43.77096292259647
2020-02-03,58.74593,34,48.78485526146639,43.79608322425476
2020-02-04,52.833607,35,50.56087081144093,43.82237230881038
2020-02-05,40.145805,36,52.53413277030294,43.849823864594015
2020-02-06,39.909966,37,54.09159161837444,43.87843130084203
2020-02-07,56.94563,38,54.830237573061204,43.90818774927885
2020-02-08,55.656242,39,54.655322688825265,43.939086065765906
2020-02-09,51.656902,40,53.769885883321486,43.9711188320169
2020-02-10,56.98512,41,52.57000797584374,44.00427835737878
2020-02-11,61.324154,42,51.490534820490325,44.03855668067823
2020-02-12,57.342533,43,50.85804848120277,44.073945572133
2020-02-13,42.069366,44,50.798966765100694,44.11043653532778
2020-02-14,52.572445,45,51.22591345846928,44.14802080925409
2020-02-15,45.113453,46,51.89537844895362,44.18668937041368
2020-02-16,51.99462,47,52.5057152606806,44.226432934984956
2020-02-17,51.1843,48,52.794919551084156,44.267241961051894
2020-02-18,53.457314,49,52.60442651972422,44.30910665089493
2020-02-19,50.39393,50,51.893890543143726,44.352016953343316
2020-02-20,53.406624,51,50.71382814348662,44.395962566188196
2020-02-21,52.638813,52,49.15887690934886,44.44093293865608
2020-02-22,45.00684,53,47.32826611447535,44.48691727394196
2020-02-23,49.38282,54,45.31143296343808,44.533904531801454
2020-02-24,54.28299,55,43.20047740790236,44.581883431201426
2020-02-25,39.69143,56,41.115322966320896,44.63084245302844
2020-02-26,25.087706,57,39.21955832277539,44.68076984285434
2020-02-27,21.647282,58,37.70874557166929,44.73165361375832
2020-02-28,35.85173,59,36.766883926220984,44.78348154920485
2020-02-29,45.93892,60,36.50439048358454,44.8362412059767
2020-03-01,49.762264,61,36.904076389830415,44.88991991716239
2020-03-02,46.738445,62,37.803452111846504,44.94450479519737
2020-03-03,46.80162,63,38.930239345872394,44.999982734958124
2020-03-04,23.925322,64,39.98695955358616,45.05634041690859
2020-03-05,35.009483,65,40.75821208627099,45.11356431029796
2020-03-06,29.96288,66,41.200337257479674,45.17164067640926
2020-03-07,42.982586,67,41.4744827065077,45.23055557185784
2020-03-08,48.997257,68,41.901778189962684,45.290294851939
2020-03-09,43.70631,69,42.84782208921464,45.350844174023955
2020-03-10,50.91978,70,44.57253496752436,45.412189001003284
2020-03-11,48.432316,71,47.099143260499574,45.47431460477714
2020-03-12,51.63206,72,50.15460280851449,45.53720606979128
2020-03-13,46.942547,73,53.212040682101076,45.60084829661804
2020-03-14,56.936214,74,55.63047723262166,45.66522600558158
2020-03-15,60.008423,75,56.8506040360308,45.73032374042631
2020-03-16,53.65249,76,56.58145218447626,45.79612587202771
2020-03-17,47.186024,77,54.911235513471496,45.862616602144726
2020-03-18,49.16218,78,52.29850937935666,45.929779967212696
2020-03-19,48.11936,79,49.44004138722096,45.99759984217601
2020-03-20,55.48587,80,47.05558135593968,46.06605994435951
2020-03-21,58.065678,81,45.661162215480005,46.13514383737777
2020-03-22,46.99106,82,45.40957438896881,46.20483493508124
2020-03-23,40.584106,83,46.055584376610966,46.275116505538364
2020-03-24,42.608334,84,47.060801435140036,46.34597167505275
2020-03-25,43.77679,85,47.803475008377134,46.41738343221426
2020-03-26,43.304333,86,47.81966336624549,46.489334631983255
2020-03-27,44.600315,87,46.988606619312854,46.56180799980691
2020-03-28,44.32046,88,45.59256394086499,46.6347861357666
2020-03-29,52.809254,89,44.22459098151467,46.7082515187554
2020-03-30,53.663128,90,43.57201293841812,46.78218651068467
2020-03-31,45.86739,91,44.149528909622354,46.85657336071872
2020-04-01,45.658497,92,46.07714661779709,46.9313942095366
2020-04-02,37.21954,93,48.986122673871435,47.00663109361984
2020-04-03,54.36978,94,52.09405147078402,47.08226594956529
2020-04-04,48.634502,95,54.432229156910296,47.1582806184219
2020-04-05,53.617474,96,55.1544244858783,47.234656850050456
2020-04-06,56.647892,97,53.825231873410964,47.311376307505185
2020-04-07,51.913643,98,50.589563853888194,47.38842057143624
2020-04-08,46.566517,99,46.16206379855101,47.46577114451193
2020-04-09,47.071804,100,41.634030265984315,47.54340945585972
2020-04-10,46.77495,101,38.15600082302352,47.62131686552481
2020-04-11,44.004692,102,36.595870828679026,47.69947466894538
2020-04-12,18.535957,103,37.281135331074495,47.77786410144331
2020-04-13,26.554907,104,39.90663087557685,47.85646634272935
2020-04-14,35.023754,105,43.635333882396345,47.93526252142157
2020-04-15,64.39085,106,47.35758149242069,48.01423371957622
2020-04-16,64.14016,107,50.02432488740282,48.09336097722961
2020-04-17,48.01233,108,50.94892469708215,48.172625296950194
2020-04-18,54.143806,109,49.985748898561624,48.2520076483996
2020-04-19,39.699398,110,47.53674443928119,48.33148897290155
2020-04-20,34.038414,111,44.39393469563901,48.41105018801763
2020-04-21,46.37573,112,41.477092889179964,48.49067219212872
2020-04-22,43.443928,113,39.554999444056385,48.57033586902103
2020-04-23,38.368877,114,39.03732616661896,48.6500220924757
2020-04-24,34.3233,115,39.894677923221835,48.72971173086072
2020-04-25,42.928177,116,41.7184301770133,48.8093856517242
2020-04-26,50.95563,117,43.886304516068755,48.88902472638782
2020-04-27,47.21541,118,45.769473181398126,48.96860983453938
2020-04-28,45.64101,119,46.911220810057,49.04812186882336
2020-04-29,41.68045,120,47.125483763815055,49.12754173942831
2020-04-30,50.52339,121,46.497191347185975,49.206850378670104
2020-05-01,41.06195,122,45.301845339254314,49.28602874556981
2020-05-02,44.002186,123,43.886337454378996,49.365057830425215
2020-05-03,44.01991,124,42.55897965878329,49.443918659374795
2020-05-04,40.637497,125,41.52412085733315,49.522592298953086
2020-05-05,42.913845,126,40.872606728509034,49.60105986063637
2020-05-06,38.766243,127,40.61457133233379,49.679302505377585
2020-05-07,43.781,128,40.72577336028024,49.757301448129304
2020-05-08,45.405624,129,41.178339654643665,49.83503796235379
2020-05-09,40.1413,130,41.94015339285835,49.912493384519024
2020-05-10,37.183994,131,42.94721572356989,49.98964911857954
2020-05-11,40.73638,132,44.070460032386045,50.06648664044111
2020-05-12,41.561806,133,45.10456552723352,50.14298750240816
2020-05-13,51.890396,134,45.79814494665133,50.21913333761278
2020-05-14,51.27674,135,45.925470395046744,50.29490586442441
2020-05-15,51.702564,136,45.37792994337914,50.370286890839004
2020-05-16,42.05114,137,44.238613586708226,50.445258318846705
2020-05-17,34.805813,138,42.8032233352674,50.51980214877693
2020-05-18,38.344143,139,41.5265192683613,50.59390048361987
2020-05-19,38.63099,140,40.900614672166924,50.66753553332333
2020-05-20,43.373676,141,41.29946263831071,50.740689619063886
2020-05-21,46.98558,142,42.84151851169156,50.81334517749133
2020-05-22,49.219418,143,45.32184301357408,50.88548476494543
2020-05-23,46.956345,144,48.244569058704904,50.95709106164393
2020-05-24,52.95179,145,50.95301720756335,51.02814687584075
2020-05-25,49.889515,146,52.8196617473095,51.09863514795357
2020-05-26,49.87879,147,53.43469874166136,51.16853895465959
2020-05-27,54.383415,148,52.729498700713904,51.23784151295857
2020-05-28,45.41216,149,50.99164023197862,51.30652618420226
2020-05-29,59.872066,150,48.764946497260524,51.37457647808912
2020-05-30,39.074345,151,46.66809824127354,51.44197605662336
2020-05-31,41.799084,152,45.19439095878131,51.50870873803759
2020-06-01,50.91187,153,44.562155918109454,51.57475850067777
2020-06-02,48.46103,154,44.66726215766098,51.640109486849816
2020-06-03,45.33074,155,45.15215056006642,51.704746006626856
2020-06-04,44.028408,156,45.56333990974353,51.76865254161618
2020-06-05,44.63834,157,45.53693705615194,51.83181374868494
2020-06-06,42.655838,158,44.9415728570321,51.89421446364392
2020-06-07,39.589905,159,43.92448019349978,51.955839704888234
2020-06-08,40.404606,160,42.84343392278424,52.016674676994185
2020-06-09,39.952488,161,42.111392834021395,52.07670477427149
2020-06-10,47.763725,162,42.015338469221476,52.13591558426991
2020-06-11,63.45422,163,42.58256896818838,52.194292891239485
2020-06-12,36.058838,164,43.551429953526885,52.251822679543544
2020-06-13,38.07162,165,44.464443269024486,52.30849113702372
2020-06-14,39.427517,166,44.85408984795269,52.364284658316016
2020-06-15,37.495308,167,44.45295262292615,52.419189848117306
2020-06-16,42.94073,168,43.345598254374835,52.473193524401374
2020-06-17,46.16932,169,41.99605768267352,52.526282721583755
2020-06-18,46.24433,170,41.12740431447249,52.57844469363456
2020-06-19,48.39871,171,41.484147098707524,52.6296669171387
2020-06-20,43.71253,172,43.55445220642114,52.67993709430256
2020-06-21,47.99244,173,47.35012653197212,52.72924315590651
2020-06-22,46.2395,174,52.32887909651464,52.777573264202644
2020-06-23,47.926258,175,57.49872552844819,52.824915815756796
2020-06-24,56.792477,176,61.68299629852344,52.87125944423442
2020-06-25,76.36773,177,63.867305140757,52.91659302312948
2020-06-26,74.010414,178,63.51735659928334,52.9609056684358
2020-06-27,55.819904,179,60.760974825741386,53.004186741260135
2020-06-28,47.363617,180,56.3689975914051,53.04642585037647
2020-06-29,50.38037,181,51.53463510868153,53.08761285472082
2020-06-30,48.42822,182,47.51788849269163,53.12773786582592
2020-07-01,48.80859,183,45.26777298243522,53.166791250195374
2020-07-02,52.816433,184,45.14421132386244,53.20476363161651
2020-07-03,46.96252,185,46.82979629049428,53.24164589341148
2020-07-04,43.94204,186,49.45933342458873,53.27742918062607
2020-07-05,45.44175,187,51.92293779159851,53.31210490215565
2020-07-06,53.802685,188,53.240828348011064,53.3456647328078
2020-07-07,51.19103,189,52.88445476134633,53.37810061530105
2020-07-08,52.648228,190,50.937318745941035,53.409404762199394
2020-07-09,53.688824,191,48.043585379882906,53.43956965778186
2020-07-10,48.083694,192,45.164811796179464,53.46858805984703
2020-07-11,45.485382,193,43.23034648197907,53.49645300145173
2020-07-12,39.103615,194,42.80301478277948,53.52315779258374
2020-07-13,41.703045,195,43.87634184840452,53.54869602176797
2020-07-14,42.514084,196,45.874571971492166,53.57306155760577
2020-07-15,47.05756,197,47.85735752191805,53.596248550247
2020-07-16,49.620037,198,48.86069248863744,53.6182514327945
2020-07-17,46.055424,199,48.25821894373251,53.63906492264066
2020-07-18,50.904976,200,46.01846895095446,53.65868402273563
2020-07-19,40.901302,201,42.76685851848999,53.67710402278715
2020-07-20,41.409206,202,39.62526312931977,53.69432050039134
2020-07-21,44.847404,203,37.875511011774755,53.71032932209453
2020-07-22,38.856018,204,38.551829262076566,53.72512664438559
2020-07-23,43.56104,205,42.09192255691016,53.738708914618755
2020-07-24,40.55756,206,48.159058509659644,53.75107287186655
2020-07-25,39.7787,207,55.69416769005866,53.76221554770267
2020-07-26,58.18844,208,63.185058297524236,53.772134266914726
2020-07-27,87.22951,209,69.0726078256433,53.78082664814646
2020-07-28,76.74971,210,72.17247392651322,53.78829060446953
2020-07-29,89.012405,211,71.98793014362414,53.79452434388451
2020-07-30,58.63762,212,68.82480438599511,53.79952636975118
2020-07-31,53.11751,213,63.68099117794678,53.80329548114778
2020-08-01,50.75654,214,57.95064973611908,53.8058307731594
2020-08-02,55.34252,215,53.03589746656584,53.8071316370952
2020-08-03,51.046005,216,49.98109418962779,53.80719776063459
2020-08-04,52.460697,217,49.231464890390804,53.806029127902136
2020-08-05,54.50383,218,50.57496393592264,53.80362601947146
2020-08-06,52.264824,219,53.26885342600091,53.79998901229783
2020-08-07,54.75929,220,56.29890619140643,53.79511897957964
2020-08-08,58.120247,221,58.685405175724625,53.78901709054879
2020-08-09,60.84649,222,59.74480968951587,53.78168481018994
2020-08-10,63.664036,223,59.23821005289794,53.773123898888805
2020-08-11,55.21553,224,57.37814950398817,53.763336412009515
2020-08-12,52.4664,225,54.709915628043646,53.75232469940113
2020-08-13,47.2232,226,51.917961128729914,53.740091404833464
2020-08-14,47.595074,227,49.62322709385772,53.7266394653624
2020-08-15,49.604195,228,48.23045968661532,53.711972110624686
2020-08-16,52.863132,229,47.86092966121363,53.69609286206255
2020-08-17,49.96946,230,48.37491538690867,53.67900553207829
2020-08-18,53.083862,231,49.460697649616264,53.66071422311891
2020-08-19,48.94038,232,50.75094269637901,53.641223326691204
2020-08-20,51.264084,233,51.926576551064954,53.62053752230742
2020-08-21,49.365166,234,52.780469558335625,53.598661776361745
2020-08-22,51.918423,235,53.232269944802795,53.57560134093796
2020-08-23,50.215054,236,53.30391795432455,53.55136175254846
2020-08-24,49.197414,237,53.07649738403883,53.52594883080503
2020-08-25,66.402794,238,52.650319963098475,53.49936867702163
2020-08-26,47.915493,239,52.12268292758024,53.471627672749534
2020-08-27,50.358223,240,51.58587922432725,53.442732478245205
2020-08-28,53.552086,241,51.13720532798274,53.412690030871275
2020-08-29,51.777756,242,50.88730041620413,53.38150754343094
2020-08-30,48.662315,243,50.9549331136716,53.349192502436296
2020-08-31,52.723392,244,51.44400936804076,53.31575266631088
2020-09-01,52.48795,245,52.40844805980046,53.28119606352702
2020-09-02,50.928402,246,53.818253793051134,53.24553099067826
2020-09-03,48.74041,247,55.542240957461466,53.2087660104875
2020-09-04,49.81652,248,57.35839184664271,53.170909949751156
2020-09-05,83.29204,249,58.99339670702631,53.13197189721998
2020-09-06,60.953274,250,60.18213255093357,53.09196120141696
2020-09-07,55.21139,251,60.72984847859604,53.050887468392865
2020-09-08,54.672092,252,60.55775344509899,53.00876055941998
2020-09-09,55.468353,253,59.71745705446768,52.965590588624494
2020-09-10,65.59924,254,58.36968124316594,52.92138792055825
2020-09-11,58.190216,255,56.734324411671494,52.87616316771039
2020-09-12,53.38063,256,55.02820501862421,52.829927187959356
2020-09-13,48.00362,257,53.410419865406865,52.78269108196612
2020-09-14,51.077732,258,51.952038877608516,52.734466190509025
2020-09-15,53.77847,259,50.63805759595774,52.68526409176103
2020-09-16,50.72254,260,49.39830736622457,52.63509659850991
2020-09-17,54.077225,261,48.15432028934589,52.58397575532221
2020-09-18,45.50341,262,46.86427082434903,52.53191383565144
2020-09-19,43.538696,263,45.54960712258484,52.47892333889142
2020-09-20,42.795353,264,44.29412370405823,52.42501698737532
2020-09-21,45.555603,265,43.21635504480737,52.3702077233212
2020-09-22,39.421906,266,42.42567697775399,52.314508705724755
2020-09-23,33.798332,267,41.978114912343635,52.257933307199984
2020-09-24,41.463596,268,41.84776331480853,52.20049511076862
2020-09-25,45.89249,269,41.92414982460197,52.142207906599026
2020-09-26,50.445972,270,42.03694654240469,52.08308568869535
2020-09-27,46.352783,271,42.000334258147824,52.023142651537725
2020-09-28,48.46838,272,41.66317615696098,51.96239318667439
2020-09-29,29.955574,273,40.94990267666701,51.900851879266455
2020-09-30,30.878645,274,39.880795442057526,51.83853350458616
2020-10-01,34.60186,275,38.567561850186976,51.77545302446958
2020-10-02,39.155342,276,37.1879802053449,51.711625583724434
2020-10-03,39.469204,277,35.9491636208585,51.647066506494035
2020-10-04,37.382523,278,35.05078951641656,51.58179129257817
2020-10-05,38.061256,279,34.65721764717464,51.515815613711766
2020-10-06,39.77502,280,34.88214496075729,51.44915530980234
2020-10-07,38.48198,281,35.783728256202586,51.38182638512703
2020-10-08,30.222746,282,37.36441202701159,51.313845004490155
2020-10-09,35.662678,283,39.56955807913154,51.24522748934232
2020-10-10,37.881012,284,42.282346136233706,51.17599031386176
2020-10-11,45.860855,285,45.31767759736493,51.10615010099915
2020-10-12,50.28053,286,48.42238563094552,51.03572361848668
2020-10-13,53.476612,287,51.290437309287455,50.964727774812246
2020-10-14,54.716484,288,53.598672268512445,50.89317961516005
2020-10-15,54.160187,289,55.061468484788044,50.82109631731819
2020-10-16,68.04345,290,55.49391426206089,50.74849518755452
2020-10-17,46.718662,291,54.86605251798876,50.67539365646167
2020-10-18,47.984764,292,53.328847581326634,50.60180927477215
2020-10-19,49.82829,293,51.19751195977783,50.52775970914463
2020-10-20,53.77256,294,48.88912630096597,50.45326273792247
2020-10-21,44.35926,295,46.826001211436385,50.3783362468653
2020-10-22,41.76539,296,45.3292193707841,50.30299822485493
2020-10-23,44.38261,297,44.53340954269377,50.2272667595764
2020-10-24,46.745483,298,44.3508467510611,50.15116003317542
2020-10-25,47.71329,299,44.50025721578632,50.07469631789305
2020-10-26,49.131706,300,44.59645431099274,49.99789397167872
2020-10-27,44.46626,301,44.27699467231877,49.920771433782825
2020-10-28,48.248272,302,43.328109862156815,49.84334722032961
2020-10-29,27.944456,303,41.769502904289965,49.765639919871724
2020-10-30,34.651203,304,39.868076211967136,49.68766818892735
2020-10-31,37.594444,305,38.07181833862069,49.60945074750102
2020-11-01,41.58973,306,36.88061747391549,49.531006374589154
2020-11-02,41.885868,307,36.69241365353053,49.452353903671515
2020-11-03,41.32623,308,37.67330631013886,49.37351221818949
2020-11-04,40.16922,309,39.69484111435617,49.294500247012444
2020-11-05,42.165783,310,42.361602595908394,49.21533695989312
2020-11-06,42.685917,311,45.12340531360212,49.13604136291328
2020-11-07,43.13581,312,47.43811365946195,49.05663249392058
2020-11-08,44.82924,313,48.933064498508344,48.97712941795779
2020-11-09,51.433964,314,49.51186914455299,48.89755122268558
2020-11-10,52.779522,315,49.37022437957929,48.8179170137998
2020-11-11,51.837288,316,48.914283929647475,48.73824591044442
2020-11-12,45.39974,317,48.60837372856912,48.65855704062132
2020-11-13,51.04666,318,48.803991608635,48.578869536597864
2020-11-14,45.854076,319,49.60999783116135,48.499202530313504
2020-11-15,55.29851,320,50.85113992943763,48.419575148786464
2020-11-16,55.6401,321,52.1321358478809,48.340006509521565
2020-11-17,51.297733,322,52.98725315691674,48.26051571592038
2020-11-18,45.645317,323,53.06354456351425,48.18112185269472
2020-11-19,52.079994,324,52.27120304266768,48.101843981284695
2020-11-20,43.494343,325,50.84299017400046,48.022701135282276
2020-11-21,65.21101,326,49.27455901731889,47.94371231586155
2020-11-22,49.160492,327,48.159232918811355,47.86489648721685
2020-11-23,43.814156,328,47.9701704111411,47.78627257200965
2020-11-24,43.178715,329,48.86565466171871,47.707859446825466
2020-11-25,55.865406,330,50.59038852810387,47.629675937641885
2020-11-26,52.96768,331,52.51663133842817,47.55174081530864
2020-11-27,50.66511,332,53.82249410691177,47.47407279104102
2020-11-28,52.73335,333,53.756089704027225,47.396690511927474
2020-11-29,59.944664,334,51.90049037503631,47.31961255645278
2020-11-30,45.05893,335,48.34827347746413,47.242857430037525
2020-12-01,36.865097,336,43.71957467458502,47.16644356059521
2020-12-02,41.96788,337,39.00702461925157,47.090389294107965
2020-12-03,29.488253,338,35.28890229097283,47.01471289022188
2020-12-04,34.101574,339,33.39873133003611,46.939432517863125
2020-12-05,47.434425,340,33.65869105935414,46.86456625087583
2020-12-06,42.65773,341,35.76773274226566,46.79013206368277
2020-12-07,33.91976,342,38.887233387795995,46.71614782696995
2020-12-08,29.936707,343,41.90247325368568,46.64263130339608
2020-12-09,37.479603,344,43.77856178241643,46.569600143328
2020-12-10,40.534092,345,43.89519156127617,46.497071880603045
2020-12-11,47.617874,346,42.24835276541686,46.42506392831938
2020-12-12,48.54127,347,39.4488997534331,46.35359357465539
2020-12-13,50.2517,348,36.51461754475997,46.28267797871898
2020-12-14,23.397907,349,34.52219674090949,46.21233416642786
2020-12-15,36.136326,350,34.234585110280264,46.14257902642191
2020-12-16,21.012533,351,35.83021472303738,46.07342930600842
2020-12-17,40.9382,352,38.828798251485054,46.00490160714123
2020-12-18,49.16977,353,42.243472510218325,45.93701238243485
2020-12-19,47.848602,354,44.91236565864082,45.869777931214436
2020-12-20,31.687548,355,45.900093718112856,45.803214395602446
2020-12-21,56.042824,356,44.83299162421161,45.737337756643214
2020-12-22,46.623966,357,42.05105816358025,45.67216383046604
2020-12-23,48.151012,358,38.51920004150078,45.607708264488
2020-12-24,16.669834,359,35.521011288095515,45.54398653365713
2020-12-25,27.922604,360,34.23300925380483,45.48101393673719
2020-12-26,40.41446,361,35.32040130856455,45.418805592634534
2020-12-27,44.329887,362,38.69171686353778,45.3573764367683
2020-12-28,52.16258,363,43.49929549898555,45.29674121748461
2020-12-29,44.99194,364,48.391806126742765,45.23691449251569
2020-12-30,45.472507,365,51.94045200159111,45.17791062548471
2020-12-31,49.86183,366,53.10077431669414,45.11974378245729
2021-01-01,55.08214,367,51.557558071983735,45.062427928540444
2021-01-02,40.08104,368,47.83681303132239,45.00597682452966
2021-01-03,45.706116,369,43.144609072575996,44.95040402360517
2021-01-04,45.886166,370,38.98275799256193,44.89572286807799
2021-01-05,46.835064,371,36.665902463514925,44.84194648618661
2021-01-06,44.040085,372,36.89840693287721,44.78908778894505
2021-01-07,20.086239,373,39.550897651494004,44.73715946704313
2021-01-08,30.974136,374,43.71116957153388,44.68617398779957
2021-01-09,52.359226,375,47.99386111567502,44.636143592168764
2021-01-10,53.809753,376,51.00767942769667,44.58708029180187
2021-01-11,59.01751,377,51.82644578443163,44.53899586616297
2021-01-12,51.948895,378,50.308272418272864,44.491901859701
2021-01-13,56.42324,379,47.156466604710616,44.445809579078045
2021-01-14,43.513664,380,43.70002582764939,44.400730090454765
2021-01-15,26.072449,381,41.463095193050336,44.35667421683356
2021-01-16,40.494293,382,41.66152722020716,44.31365253546009
2021-01-17,49.962334,383,44.78841731823418,44.271675375283856
2021-01-18,44.671387,384,50.42183260649693,44.23075281447829
2021-01-19,49.284706,385,57.3167260826209,44.19089467802117
2021-01-20,87.18095,386,63.752747777909335,44.152110535335744
2021-01-21,65.03805,387,68.02961378184578,44.11440969799324
2021-01-22,65.62136,388,68.95726089081458,44.07780121747728
2021-01-23,60.32675,389,66.19252485088992,44.04229388301073
2021-01-24,64.74524,390,60.32479244009291,44.00789621944554
2021-01-25,51.665623,391,52.69254850745563,43.974616485216
2021-01-26,46.45048,392,44.99494518629716,43.94246267035606
2021-01-27,33.819252,393,38.821564315499536,43.91144249458093
2021-01-28,25.849413,394,35.24198498423486,43.88156340543377
2021-01-29,44.389233,395,34.570853728529286,43.852832576497605
2021-01-30,48.039585,396,36.364365749448055,43.82525690567298
2021-01-31,40.89446,397,39.63100900653223,43.79884301352197
2021-02-01,27.934587,398,43.176656103544325,43.77359724167856
2021-02-02,47.511665,399,45.9703907200454,43.74952565132618
2021-02-03,47.23404,400,47.42112231195174,43.72663402174246
2021-02-04,48.70157,401,47.49196091215449,43.70492784891171
2021-02-05,52.099804,402,46.63521117844006,43.684412344205384
2021-02-06,49.695923,403,45.58663951748936,43.66509243313092
2021-02-07,34.763557,404,45.09605346910576,43.646972754149196
2021-02-08,43.948803,405,45.68205017969778,43.63005765756087
2021-02-09,52.02249,406,47.4816333525653,43.61435120446193
2021-02-10,48.993114,407,50.228758062813995,43.59985716576871
2021-02-11,49.259624,408,53.35343293310673,43.58657902131251
2021-02-12,67.46858,409,56.15864828139055,43.57451995900415
2021-02-13,54.771557,410,58.01559946197826,43.56368287406856
2021-02-14,63.438168,411,58.52102126296754,43.554070368349755
2021-02-15,44.450287,412,57.57971944061866,43.54568474968605
2021-02-16,60.6583,413,55.401951187822704,43.538528031356094
2021-02-17,47.808956,414,52.42971446932792,43.53260193159542
2021-02-18,52.05446,415,49.22131744680222,43.52790787318396
2021-02-19,50.13886,416,46.32731307429917,43.52444698310446
2021-02-20,42.013763,417,44.18493619558758,43.52222009227188
2021-02-21,43.8136,418,43.047287908903165,43.521227735333916
2021-02-22,45.56798,419,42.952742643834874,43.52147015054264
2021-02-23,42.139,420,43.732705749658116,43.52294727969729
2021-02-24,45.50879,421,45.052477389240934,43.52565876815826
2021-02-25,43.610912,422,46.47883517869483,43.52960396493222
2021-02-26,47.89893,423,47.566484956529216,43.53478192282844
2021-02-27,45.937878,424,47.95215057016614,43.541191398686166
2021-02-28,45.84174,425,47.44027247083386,43.54883085367312
2021-03-01,50.94668,426,46.0606020684635,43.55769845365491
2021-03-02,46.84603,427,44.078782570161394,43.567792069635445
2021-03-03,39.248066,428,41.948644318802664,43.57910927826802
2021-03-04,40.042423,429,40.209129321355476,43.59164736243716
2021-03-05,46.66853,430,39.34601678914206,43.60540331191095
2021-03-06,24.55186,431,39.6531438771788,43.62037382406378
2021-03-07,38.924126,432,41.13354834921685,43.63655530466923
2021-03-08,60.08038,433,43.474108873739645,43.653943868763
2021-03-09,46.3786,434,46.10820977223037,43.67253534157568
2021-03-10,43.476753,435,48.35473283492259,43.692325259535004
2021-03-11,40.623695,436,49.596597057539825,43.713308871337524
2021-03-12,46.536343,437,49.44696400457084,43.73548113908935
2021-03-13,57.251972,438,47.852209496300105,43.758836739515644
2021-03-14,45.267624,439,45.09871351875434,43.7833700652387
2021-03-15,46.580616,440,41.720361821475315,43.80907522612421
2021-03-16,42.289978,441,38.33577363949638,43.83594605069536
2021-03-17,34.72674,442,35.46771405025686,43.863976087614596
2021-03-18,22.291777,443,33.40347724232792,43.893158607232444
2021-03-19,20.399464,444,32.14145959238561,43.92348660320322
2021-03-20,34.79652,445,31.43979694567596,43.95495279416721
2021-03-21,43.472355,446,30.947630412525385,43.98754962549878
2021-03-22,38.876358,447,30.370497296035268,44.021269271120154
2021-03-23,24.553926,448,29.608857044608882,44.05610363538038
2021-03-24,29.157242,449,28.817604051872763,44.09204435499896
2021-03-25,22.82387,450,28.361925418750754,44.12908280107378
2021-03-26,25.81178,451,28.68173551188503,44.1672100811528
2021-03-27,29.40334,452,30.110384963143755,44.206417041369015
2021-03-28,34.65282,453,32.71158936296628,44.24669426863816
2021-03-29,42.58603,454,36.19487373789136,44.28803209291871
2021-03-30,33.407383,455,39.94513991753852,44.3304205895335
2021-03-31,40.153236,456,43.164399146900486,44.37384958155252
2021-04-01,51.84439,457,45.08594756211893,44.418308642236276
2021-04-02,47.767025,458,45.19610331136492,44.46378709753908
2021-04-03,43.95323,459,43.39458555221886,44.510274028671816
2021-04-04,36.897896,460,40.04301541341777,44.55775827472333
2021-04-05,30.601477,461,35.88560100749069,44.60622843534003
2021-04-06,34.632206,462,31.865255136303162,44.65567287346304
2021-04-07,30.648365,463,28.889340806229796,44.70607971812201
2021-04-08,22.649294,464,27.61223354968711,44.757436867285236
2021-04-09,34.79106,465,28.29354286548315,44.80973199076518
2021-04-10,23.299837,466,30.76498138943249,44.86295253317882
2021-04-11,41.792698,467,34.50492261950817,44.91708571696198
2021-04-12,40.807888,468,38.789127390539164,44.972118545437105
2021-04-13,42.299423,469,42.86843448315792,45.0280378059336
2021-04-14,40.693954,470,46.12375911834198,45.084830072959974
2021-04-15,52.410618,471,48.163618209337194,45.142481711427166
2021-04-16,41.36706,472,48.852617412434554,45.20097887992215
2021-04-17,53.83557,473,48.28177583441047,45.26030753403105
2021-04-18,47.65524,474,46.70551137576005,45.32045342971108
2021-04-19,43.3716,475,44.47199931853345,45.38140212671027
2021-04-20,34.487587,476,41.96501747106272,45.443138992034484
2021-04-21,43.356754,477,39.56191464638101,45.50564920346053
2021-04-22,46.85185,478,37.60100451210669,45.568917753094816
2021-04-23,39.320396,479,36.347846993365465,45.63292945097656
2021-04-24,34.23684,480,35.95496479425608,45.697668928724696
2021-04-25,20.940939,481,36.42052575472864,45.76312064322761
2021-04-26,41.363785,482,37.56230659110386,45.82926888037486
2021-04-27,41.518257,483,39.02741172027948,45.896097758829924
2021-04-28,41.6125,484,40.35194677797779,45.96359123384309
2021-04-29,40.361183,485,41.068897808857,46.03173310110361
2021-04-30,35.01478,486,40.84224391958189,46.10050700063016
2021-05-01,60.436874,487,39.588978637340745,46.169896420698606
2021-05-02,36.921413,488,37.5459315059873,46.23988470180631
2021-05-03,21.088934,489,35.24905969175219,46.31045504067185
2021-05-04,20.19693,490,33.41749307030962,46.381590494269226
2021-05-05,39.88931,491,32.7657265822724,46.453273983895734
2021-05-06,41.817074,492,33.79432655932707,46.525488299272304
2021-05-07,43.680477,493,36.62218508997774,46.59821610267543
2021-05-08,40.43966,494,40.91586258529263,46.67143993309981
2021-05-09,40.09179,495,45.94483815823093,46.745142210450446
2021-05-10,42.29234,496,50.753372917077456,46.819305239763416
2021-05-11,50.83842,497,54.40249564815427,46.893911215454224
2021-05-12,74.58338,498,56.211971840971565,46.96894222559266
2021-05-13,54.901657,499,55.930500379007825,47.04438025620326
2021-05-14,47.68184,500,53.78399615772235,47.12020719559018
2021-05-15,46.10744,501,50.389925882758405,47.19640483868562
2021-05-16,46.42274,502,46.56774885988945,47.27295489142062
2021-05-17,46.089653,503,43.107517397762905,47.3498389751172
2021-05-18,47.0914,504,40.56988563156819,47.42703863090089
2021-05-19,35.317383,505,39.177530463025164,47.50453532413242
2021-05-20,34.56697,506,38.825077205741636,47.5823104488577
2021-05-21,38.80803,507,39.19358077338009,47.66034533227479
2021-05-22,42.147865,508,39.920705653817194,47.73862123921708
2021-05-23,41.320934,509,40.76096408235356,47.81711937665135
2021-05-24,42.212154,510,41.6772239492644,47.89582089818964
2021-05-25,43.60794,511,42.832316024602676,47.974706908614166
2021-05-26,49.66846,512,44.48777219583667,48.053758468413726
2021-05-27,41.776257,513,46.85167985362691,48.13295659833082
2021-05-28,41.48568,514,49.936800244763496,48.21228228391842
2021-05-29,55.16411,515,53.48667594603957,48.29171648010498
2021-05-30,66.767296,516,57.0027826810237,48.37124011576697
2021-05-31,57.626,517,59.868807457339614,48.450834098307624
2021-06-01,57.51103,518,61.53217392738921,48.530479318240786
2021-06-02,56.361736,519,61.68090281675394,48.61015665377884
2021-06-03,75.4468,520,60.353710224272795,48.68984697542366
2021-06-04,57.08069,521,57.94304854477176,48.76953115055934
2021-06-05,48.219963,522,55.08694288410996,48.8491900480456
2021-06-06,49.289005,523,52.48330925546803,48.92880454281107
2021-06-07,50.79238,524,50.68678612686664,49.00835552044488
2021-06-08,50.149555,525,49.953916667136255,49.087823881785766
2021-06-09,49.170307,526,50.18597428049126,49.16719054750761
2021-06-10,57.517895,527,50.985780651557235,49.24643646270008
2021-06-11,49.319614,528,51.807026552997456,49.325542601443495
2021-06-12,51.899822,529,52.14481337478145,49.40448997137667
2021-06-13,57.0251,530,51.70424888916814,49.483259618256795
2021-06-14,49.592014,531,50.49340769173139,49.56183263051002
2021-06-15,45.710594,532,48.81385732990145,49.64019014377197
2021-06-16,41.550827,533,47.15652640452399,49.718313345416774
2021-06-17,46.367092,534,46.04101933503202,49.79618347907374
2021-06-18,44.9025,535,45.85263710490854,49.873781849130545
2021-06-19,52.00028,536,46.72875004122125,49.9510898252218
2021-06-20,46.40071,537,48.52683587191186,50.02808884670191
2021-06-21,49.71504,538,50.87805179681519,50.104760427101354
2021-06-22,66.22952,539,53.302842898085004,50.18108615856491
2021-06-23,53.160233,540,55.34785710926068,50.25704771627126
2021-06-24,53.55467,541,56.70117763284296,50.332626862832505
2021-06-25,50.679443,542,57.25483950483058,50.40780545267267
2021-06-26,51.660526,543,57.10414034738941,50.482565436384306
2021-06-27,52.50852,544,56.49432542578458,50.55688886506189
2021-06-28,62.89368,545,55.73947207997829,50.630757894611094
2021-06-29,52.855995,546,55.141808868062384,50.70415479003295
2021-06-30,73.64221,547,54.93277995946464,50.777061929681814
2021-07-01,55.706043,548,55.24426499606357,50.849461809496034
2021-07-02,50.917118,549,56.10560858626067,50.92133704720051
2021-07-03,52.093754,550,57.4547429481739,50.992670386479936
2021-07-04,49.92126,551,59.15196809303762,51.06344470112178
2021-07-05,56.18511,552,60.9914455535769,51.13364299912814
2021-07-06,60.16745,553,62.71389335084546,51.203248426795234
2021-07-07,87.301094,554,64.0293103577971,51.27224427275978
2021-07-08,55.365574,555,64.65737880498821,51.3406139720112
2021-07-09,73.93758,556,64.38531524390132,51.40834110986863
2021-07-10,59.69133,557,63.131652649119935,51.4754094259219
2021-07-11,59.195984,558,60.995169798272734,51.541802817935434
2021-07-12,50.773705,559,58.26615802542112,51.6075053457142
2021-07-13,56.158897,560,55.385030251683204,51.672501234930714
2021-07-14,51.79508,561,52.84947143703471,51.7367748809123
2021-07-15,50.73565,562,51.09056602658038,51.80031085238753
2021-07-16,53.51068,563,50.3532411615101,51.8630938951911
2021-07-17,54.015644,564,50.62035992098162,51.925108935926126
2021-07-18,51.309742,565,51.60986429647025,51.986341085583106
2021-07-19,53.302578,566,52.85258311578936,52.046775643114565
2021-07-20,52.965828,567,53.831521793307516,52.10639809896459
2021-07-21,50.931595,568,54.14100013563569,52.16519413855235
2021-07-22,59.68363,569,53.614423766781925,52.22314964570892
2021-07-23,49.483685,570,52.37717643671501,52.280250706066326
2021-07-24,44.266712,571,50.80448554687912,52.336483610398204
2021-07-25,48.898155,572,49.395721018985455,52.39183485791125
2021-07-26,53.51815,573,48.605621046062,52.44629115948657
2021-07-27,49.278202,574,48.68896974275932,52.49983944087018
2021-07-28,48.83387,575,49.61206359835662,52.552466845812056
2021-07-29,55.996006,576,51.062328785678375,52.60416073915267
2021-07-30,53.703045,577,52.553878185161196,52.65490870985656
2021-07-31,52.397057,578,53.593212798452925,52.70469857399207
2021-08-01,47.667645,579,53.84762311848792,52.75351837765655
2021-08-02,49.957336,580,53.25713549106382,52.801356399846306
2021-08-03,53.361526,581,52.050137149422135,52.8482011552707
2021-08-04,53.554134,582,50.65665061654922,52.8940413971096
2021-08-05,51.601982,583,49.54978773626479,52.9388661197136
2021-08-06,49.002945,584,49.07212973067749,52.982664561246324
2021-08-07,50.21581,585,49.31002783701999,53.02542620626822
2021-08-08,50.55923,586,50.062460271703465,53.06714078826117
2021-08-09,50.247272,587,50.91756051041033,53.10779829209336
2021-08-10,51.77471,588,51.41098232050586,53.147388956423754
2021-08-11,48.26667,589,51.2098110241655,53.18590327604572
2021-08-12,48.745407,590,50.2549135340701,53.22333200416906
2021-08-13,47.96877,591,48.80775199000213,53.259666154640044
2021-08-14,50.13943,592,47.38056967491201,53.2948970040989
2021-08-15,45.325005,593,46.57014196171272,53.32901609407418
2021-08-16,49.978287,594,46.85040580737426,53.36201523301348
2021-08-17,50.14245,595,48.395614910917466,53.393886498250176
2021-08-18,53.812428,596,50.99706152864221,53.42462223790556
2021-08-19,50.941322,597,54.10545944525972,53.454215072725894
2021-08-20,44.91037,598,56.9883344973858,53.482657897854146
2021-08-21,64.45089,599,58.95204946872869,53.50994388453573
2021-08-22,70.08486,600,59.5553123592165,53.53606648175802
2021-08-23,53.97594,601,58.74325313741148,53.56101941782315
2021-08-24,50.453114,602,56.857751487655655,53.584796701853776
2021-08-25,58.337208,603,54.52147435768808,53.60739262523143
2021-08-26,54.584824,604,52.435542879955776,53.62880176296702
2021-08-27,50.109043,605,51.15919183374611,53.6490189750034
2021-08-28,48.249695,606,50.94448108413527,53.668039407449314
2021-08-29,57.786148,607,51.678718076208824,53.68585849374486
2021-08-30,52.42392,608,52.949211809540635,53.702471955757794
2021-08-31,49.8016,609,54.20286477533445,53.71787580481067
2021-09-01,55.325047,610,54.94172797963167,53.73206634263848
2021-09-02,50.268894,611,54.8857759493001,53.745040162276574
2021-09-03,59.847137,612,54.04876177051975,53.756794148878576
2021-09-04,54.76842,613,52.70626013851755,53.76732548046428
2021-09-05,49.11084,614,51.274490598024826,53.776631628597116
2021-09-06,47.31101,615,50.149802813268636,53.78471035899125
2021-09-07,51.643436,616,49.5706052959413,53.79155973204794
2021-09-08,54.862804,617,49.55211496537737,53.797178103321286
2021-09-09,48.26999,618,49.91433312501917,53.80156412391298
2021-09-10,43.10625,619,50.386693127228135,53.80471674079618
2021-09-11,56.000328,620,50.74297953629236,53.80663519706834
2021-09-12,49.041924,621,50.90876274754115,53.8073190321329
2021-09-13,50.79598,622,50.99511347079015,53.80676808180991
2021-09-14,46.762306,623,51.242465026361444,53.80498247837542
2021-09-15,52.20851,624,51.89572597634191,53.801962650529724
2021-09-16,63.91301,625,53.061707534700005,53.797709323294455
2021-09-17,56.163906,626,54.61063959160829,53.79222351783848
2021-09-18,55.913685,627,56.17002721872643,53.78550655123277
2021-09-19,46.608685,628,57.225443673900806,53.77756003613416
2021-09-20,53.622227,629,57.300996457113165,53.7683858803982
2021-09-21,58.617825,630,56.157721458277024,53.75798628662106
2021-09-22,64.6599,631,53.934630339611076,53.74636375161076
2021-09-23,39.872517,632,51.17101625639894,53.733521065787684
2021-09-24,51.610302,633,48.68657562529831,53.71946131251466
2021-09-25,52.2273,634,47.34558625250352,53.70418786735668
2021-09-26,53.433884,635,47.77552475597872,53.68770439727045
2021-09-27,44.877075,636,50.13291124877322,53.67001485972404
2021-09-28,50.969444,637,54.000545404840096,53.6511235017467
2021-09-29,54.462383,638,58.46184823235612,53.631034858909246
2021-09-30,62.841824,639,62.34145164978875,53.6097537542351
2021-10-01,60.236515,640,64.54500824619761,53.587285297042364
2021-10-02,77.55464,641,64.39459609393752,53.56363488171711
2021-10-03,59.211876,642,61.85229599735405,53.53880818641829
2021-10-04,59.01561,643,57.55608474895228,53.51281117171447
2021-10-05,50.195236,644,52.64983168179498,53.48565007915277
2021-10-06,42.19329,645,48.454603811570955,53.45733142976036
2021-10-07,49.72252,646,46.080315104287735,53.427862022478834
2021-10-08,48.650536,647,46.09768366352901,53.39724893253187
2021-10-09,46.95495,648,48.37307987819488,53.36549950972659
2021-10-10,53.93376,649,52.11827262083474,53.33262137668892
2021-10-11,55.888535,650,56.139395757517114,53.29862242703353
2021-10-12,52.943134,651,59.206496950513326,53.263510823468664
2021-10-13,60.534103,652,60.42720171983003,53.22729499583641
2021-10-14,61.451614,653,59.507577225499446,53.18998363908874
2021-10-15,63.065582,654,56.82026416638374,53.15158571120001
2021-10-16,62.160694,655,53.262213825942105,53.1121104310163
2021-10-17,37.240223,656,49.95160218370002,53.071567276041996
2021-10-18,42.025486,657,47.86391256850679,53.029965980164434
2021-10-19,49.149555,658,47.52468472413182,52.987316531316914
2021-10-20,51.044094,659,48.85582276447677,52.9436291690807
2021-10-21,56.35721,660,51.22091327321277,52.89891438222663
2021-10-22,52.61483,661,53.64993140286764,52.853182906196935
2021-10-23,49.66387,662,55.16636136145606,52.80644572052775
2021-10-24,54.959263,663,55.10857730251756,52.758714046213115
2021-10-25,62.372406,664,53.34188023465458,52.709999343010914
2021-10-26,51.828323,665,50.29557678721522,52.660313306691556
2021-10-27,41.428772,666,46.8177703773076,52.609667866230005
2021-10-28,41.28646,667,43.89965064423117,52.55807518094172
2021-10-29,36.72788,668,42.36175000688229,52.50554763756342
2021-10-30,42.82319,669,42.6041320381128,52.45209784727915
2021-10-31,50.771248,670,44.49855930221386,52.39773864269252
2021-11-01,51.759,671,47.452123497019514,52.34248307474574
2021-11-02,51.333176,672,50.615199626417564,52.28634440958632
2021-11-03,48.338985,673,53.160668309721686,52.22933612538195
2021-11-04,57.86288,674,54.54084194981352,52.17147190908461
2021-11-05,52.08071,675,54.639362643906466,52.11276565314454
2021-11-06,50.94849,676,53.77296768439927,52.05323145217479
2021-11-07,50.388855,677,52.54921788118223,51.9928835995673
2021-11-08,52.207592,678,51.63375640262486,51.93173658406127
2021-11-09,56.111572,679,51.50885676326242,51.86980508626457
2021-11-10,54.02711,680,52.305194174135316,51.80710397512911
2021-11-11,53.510704,681,53.761705330577676,51.743648304381054
2021-11-12,47.841286,682,55.32383690082785,51.67945330890653
2021-11-13,68.30449,683,56.34367999229416,51.614534401093984
2021-11-14,52.25396,684,56.31202638073209,51.54890716713388
2021-11-15,51.83958,685,55.043018437422376,51.482587363276615
2021-11-16,50.843395,686,52.749317579205844,51.41559091204965
2021-11-17,46.058193,687,49.98325845943014,51.34793389843475
2021-11-18,52.32649,688,47.46442867806944,51.27963256600617
2021-11-19,48.068428,689,45.851519605768665,51.21070331303078
2021-11-20,45.27829,690,45.533973852258605,51.14116268853104
2021-11-21,49.216278,691,46.511499367857404,51.07102738831182
2021-11-22,52.398304,692,48.399869905660765,51.00031425095195
2021-11-23,41.993195,693,50.55971163458415,50.929040253761485
2021-11-24,48.29478,694,52.3050212135795,50.85722250870565
2021-11-25,57.589836,695,53.12292942795038,50.78487825829654
2021-11-26,52.00544,696,52.83361589664508,50.71202487145334
2021-11-27,52.210995,697,51.639701776028055,50.63867983933233
2021-11-28,55.009697,698,50.05086400753564,50.564860771127485
2021-11-29,44.307735,699,48.70979502609469,50.49058538984268
2021-11-30,46.621822,700,48.17693402853668,50.41587152803666
2021-12-01,51.66509,701,48.743771532378695,50.34073712354172
2021-12-02,51.854362,702,50.33439397646114,50.26520021515697
2021-12-03,50.827106,703,52.52596013275654,50.18927893831751
2021-12-04,55.589806,704,54.68056652906208,50.11299152074036
2021-12-05,54.617226,705,56.1457700187692,50.03635627804817
2021-12-06,56.72726,706,56.45995889719062,49.959391609371906
2021-12-07,47.80152,707,55.49816224416306,49.882115992933485
2021-12-08,57.86177,708,53.51352855307195,49.80454798160932
2021-12-09,50.90297,709,51.06299689735621,49.72670619847607
2021-12-10,60.758446,710,48.84189909168494,49.64860933233949
2021-12-11,53.46584,711,47.47996896004503,49.57027613324743
2021-12-12,26.6091,712,47.36200588052639,49.49172540798824
2021-12-13,47.418987,713,48.5272516775549,49.41297601557551
2021-12-14,54.706818,714,50.675704555494846,49.33404686272021
2021-12-15,57.721024,715,53.27555360927825,49.2549568992915
2021-12-16,54.364902,716,55.73450380331768,49.175725113767065
2021-12-17,55.76926,717,57.57877099867458,49.09637052867423
2021-12-18,62.64415,718,58.582690818047205,49.016912196022936
2021-12-19,57.646397,719,58.80915709469277,48.93736919273156
2021-12-20,60.644314,720,58.55076774277919,48.85776061604678
2021-12-21,56.292725,721,58.19407888394796,48.778105578958645
2021-12-22,57.9218,722,58.05442098221282,48.69842320561171
2021-12-23,53.459682,723,58.23840006362828,48.618732626713616
2021-12-24,57.6649,724,58.58243633852445,48.539052974942074
2021-12-25,59.350548,725,58.69120521531447,48.45940338035131
2021-12-26,66.088684,726,58.06728518978008,48.379802965779206
2021-12-27,58.328457,727,56.292880604391115,48.30027084225619
2021-12-28,55.518696,728,53.20578403994526,48.22082610441686
2021-12-29,30.703192,729,49.01083583884479,48.14148782591564
2021-12-30,40.52832,730,44.28566504221826,48.062275054847476
2021-12-31,60.155693,731,39.87043968225355,47.98320680917457
2022-01-01,40.747543,732,36.666528103023595,47.90430207216044
2022-01-02,29.665926,733,35.39777424818458,47.82557978781234
2022-01-03,28.31075,734,36.4016937489621,47.747058856332934
2022-01-04,33.39653,735,39.511929063986756,47.668758129582706
2022-01-05,47.124138,736,44.069181905111094,47.59069640655382
2022-01-06,53.468952,737,49.06240018267842,47.51289242885672
2022-01-07,61.63617,738,53.365467315722825,47.435364876220575
2022-01-08,57.262733,739,56.007630252343574,47.35813236200842
2022-01-09,60.776337,740,56.406246032816696,47.28121342874839
2022-01-10,35.343117,741,54.5008778103894,47.20462654368192
2022-01-11,44.317318,742,50.75520343359714,47.12839009432992
2022-01-12,50.758595,743,46.0295682384944,47.05252238407826
2022-01-13,51.457993,744,41.36177661436979,46.97704162778328
2022-01-14,52.908524,745,37.71698027909792,46.901965947398715
2022-01-15,25.80038,746,35.772956053498994,46.82731336762476
2022-01-16,23.07342,747,35.79371783467296,46.75310181158069
2022-01-17,34.394924,748,37.616862637985385,46.67934909650164
2022-01-18,47.96171,749,40.74692807200574,46.60607292946096
2022-01-19,53.2297,750,44.51829178547891,46.533290903118996
2022-01-20,43.862568,751,48.27501506263209,46.4610204914993
2022-01-21,48.076294,752,51.51560589772592,46.38927904579332
2022-01-22,51.142223,753,53.96676704766111,46.31808379019466
2022-01-23,64.356766,754,55.575901061457415,46.247451817763725
2022-01-24,54.058064,755,56.438855203324735,46.17740008632389
2022-01-25,48.919434,756,56.69858066053365,46.10794541439023
2022-01-26,56.482998,757,56.4563107671566,46.039104477131495
2022-01-27,65.04759,758,55.7283100188497,45.97089380236668
2022-01-28,61.91547,759,54.461754372055786,45.903329766596954
2022-01-29,39.04139,760,52.59989555864818,45.83642859107376
2022-01-30,46.85779,761,50.16745432029253,45.770206337904405
2022-01-31,47.86621,762,47.338705739966095,45.7046789061957
2022-02-01,45.891094,763,44.45578653115081,45.63986202823682
2022-02-02,47.911266,764,41.98161960131448,45.57577126572215
2022-02-03,48.177773,765,40.39483082689979,45.51242200601518
2022-02-04,37.19818,766,40.05541655047563,45.449829458454104
2022-02-05,32.842472,767,41.08251273536327,45.388008650700385
2022-02-06,31.518362,768,43.28507616985177,45.32697442513068
2022-02-07,46.164917,769,46.17250955169273,45.26674143527346
2022-02-08,72.40545,770,49.049378386834476,45.20732414229085
2022-02-09,41.96447,771,51.17339530226595,45.14873681150671
2022-02-10,52.291946,772,51.93644332430101,45.09099350898169
2022-02-11,56.57996,773,51.02047245432044,45.034108098136194
2022-02-12,49.88616,774,48.48598652798741,44.9780942364219
2022-02-13,28.959076,775,44.76871442940683,44.92296537204282
2022-02-14,34.63294,776,40.58460451600431,44.86873474072654
2022-02-15,40.99842,777,36.767386654430986,44.81541536254652
2022-02-16,47.063385,778,34.07990668430256,44.763020038796085
2022-02-17,40.11452,779,33.045892172442024,44.71156134891508
2022-02-18,26.675589,780,33.841863480279294,44.66105164746966
2022-02-19,32.352398,781,36.272154601592,44.61150306118609
2022-02-20,37.550144,782,39.82852684150314,44.56292748603936
2022-02-21,46.891373,783,43.815556764443606,44.51533658439702
2022-02-22,45.69551,784,47.508890694207416,44.46874178221927
2022-02-23,45.199768,785,50.308463128146684,44.42315426631571
2022-02-24,49.802364,786,51.853104490706116,44.37858498165953
2022-02-25,62.655693,787,52.07450279748748,44.33504462875972
2022-02-26,56.367058,788,51.18369083892895,44.29254366109211
2022-02-27,51.00515,789,49.59826592581537,44.25109228258955
2022-02-28,37.441628,790,47.830259342766446,44.21070044519211
2022-03-01,42.172478,791,46.36106352173087,44.17137784645773
2022-03-02,46.497444,792,45.53056431207975,44.13313392723397
2022-03-03,48.056274,793,45.46318565691374,44.09597786939139
2022-03-04,51.12071,794,46.04520432976016,44.05991859361911
2022-03-05,44.08388,795,46.95704423337104,44.02496475728302
2022-03-06,49.021,796,47.753060810276864,43.99112475234734
2022-03-07,46.252968,797,47.971381930692374,43.958406703359735
2022-03-08,45.873314,798,47.24947472047249,43.92681846550076
2022-03-09,46.081024,799,45.41884630195894,43.89636762269794
2022-03-10,46.37598,800,42.55568201316511,43.867061485804925
2022-03-11,39.11882,801,38.973277850401445,43.838907090846305
2022-03-12,25.349024,802,35.155459129584784,43.81191119732831
2022-03-13,36.991386,803,31.645017075410454,43.78608028661594
2022-03-14,36.340385,804,28.91381650518542,43.761420560376905
2022-03-15,21.082712,805,27.247886478745666,43.73793793909265
2022-03-16,23.865854,806,26.678902455546098,43.715638060636955
2022-03-17,32.295128,807,26.982581430085414,43.69452627892232
2022-03-18,22.249268,808,27.746886607845532,43.674607662614584
2022-03-19,22.210417,809,28.49315850776745,43.655886993916006
2022-03-20,42.2954,810,28.817106391947167,43.638368767417106
2022-03-21,38.328564,811,28.50920874140955,43.62205718901757
2022-03-22,16.277689,812,27.61839411469957,43.60695617491649
2022-03-23,20.328365,813,26.43836140354321,43.59306935067212
2022-03-24,23.97944,814,25.418435541755493,43.580400050331406
2022-03-25,23.282986,815,25.02381469714302,43.568951315629576
2022-03-26,26.066843,816,25.586293979903303,43.55872589525981
2022-03-27,32.387592,817,27.190666533996332,43.54972624421334
2022-03-28,38.623314,818,29.632249185171364,43.54195452319002
2022-03-29,40.936615,819,32.459976555136514,43.535412598079596
2022-03-30,23.765965,820,35.09358030960992,43.53010203951371
2022-03-31,20.496304,821,36.980614235888524,43.526024122488806
2022-04-01,37.81587,822,37.746765044032614,43.52317982606005
2022-04-02,43.32041,823,37.29502641177595,43.521569833106234
2022-04-03,41.232548,824,35.82530000505643,43.52119453016585
2022-04-04,40.409275,825,33.7707074805719,43.52205400734429
2022-04-05,34.104355,826,31.672377077888243,43.52414805829219
2022-04-06,24.344624,827,30.0325043131841,43.52747618025499
2022-04-07,21.006947,828,29.190383748854835,43.53203757419364
2022-04-08,27.41049,829,29.256585330110553,43.537831144976415
2022-04-09,33.218166,830,30.120041075467288,43.54485550164189
2022-04-10,36.758713,831,31.518629252087084,43.55310895773284
2022-04-11,33.358578,832,33.14411293092392,43.562589531701164
2022-04-12,38.860897,833,34.74349196194372,43.573294947383616
2022-04-13,29.826792,834,36.183492330492406,43.585222634548316
2022-04-14,31.911253,835,37.46080750699569,43.59836972951177
2022-04-15,40.728683,836,38.6616956638545,43.612733075826455
2022-04-16,46.09425,837,39.89286125068526,43.62830922503862
2022-04-17,41.065365,838,41.21463122775998,43.645094437516235
2022-04-18,41.916298,839,42.60425341099261,43.663084683346774
2022-04-19,42.113285,840,43.96329285595904,43.68227564330481
2022-04-20,43.236286,841,45.16415871879533,43.70266270988898
2022-04-21,48.88314,842,46.11420876334702,43.72424098842818
2022-04-22,50.77133,843,46.80816704371475,43.74700529825669
2022-04-23,39.175858,844,47.343858600313155,43.770950173958056
2022-04-24,45.434147,845,47.89099415329554,43.796069866677186
2022-04-25,50.2733,846,48.62229592077388,43.822358345500625
2022-04-26,60.468075,847,49.63297672352543,43.84980929890449
2022-04-27,49.824844,848,50.88166334532806,43.87841613626978
2022-04-28,51.202908,849,52.17999063357874,43.90817198946468
2022-04-29,48.28517,850,53.240879137911485,43.93906971449355
2022-04-30,45.99103,851,53.773016420705595,43.97110189321207
2022-05-01,58.370865,852,53.58970924487667,44.00426083510828
2022-05-02,56.36579,853,52.69173257191016,44.038538579148934
2022-05-03,51.58609,854,51.290057766236224,44.073926895690846
2022-05-04,52.930145,855,49.75401606163627,44.11041728845674
2022-05-05,47.787792,856,48.49704702972349,44.14800099657509
2022-05-06,46.731304,857,47.836244186706004,44.18666899668349
2022-05-07,45.09183,858,47.874386536241495,44.226412005095035
2022-05-08,46.884277,859,48.4487313307825,44.26722048002725
2022-05-09,45.975266,860,49.170111355646526,44.30908462389287
2022-05-10,53.863743,861,49.545352400798386,44.35199438565224
2022-05-11,55.9312,862,49.146094717718775,44.39593946322632
2022-05-12,46.220257,863,47.768459534079284,44.44090930597012
2022-05-13,41.08569,864,45.52782529070808,44.48689311720583
2022-05-14,42.69959,865,42.85222359011909,44.53387985681486
2022-05-15,38.872124,866,40.37068018808323,44.58185824388852
2022-05-16,40.56477,867,38.72836646830894,44.63081675943638
2022-05-17,34.722298,868,38.38649527036263,44.68074364915181
2022-05-18,45.161415,869,39.47217713806998,44.73162692623409
2022-05-19,44.763252,870,41.72885901819626,44.783454374266256
2022-05-20,42.074356,871,44.58588095476023,44.83621355014809
2022-05-21,44.938072,872,47.326629660270186,44.88989178708357
2022-05-22,46.730515,873,49.30189221579168,44.94447619762201
2022-05-23,48.98986,874,50.1195998732798,44.99995367675214
2022-05-24,54.378708,875,49.74967987646917,45.05631090504847
2022-05-25,47.13633,876,48.510896676861464,45.11353435186913
2022-05-26,51.38589,877,46.9459632115922,45.17161027860434
2022-05-27,43.357655,878,45.62850419355659,45.23052474197495
2022-05-28,43.9598,879,44.96794745923262,45.29026359738002
2022-05-29,44.196354,880,45.07840766881283,45.35081250229267
2022-05-30,42.83379,881,45.75510624419451,45.412156919703676
2022-05-31,47.891056,882,46.56457274144985,45.47428212161153
2022-06-01,48.124672,883,47.01561838753895,45.537173192558434
2022-06-02,52.60379,884,46.750361292201404,45.60081503321136
2022-06-03,43.64032,885,45.68792790033433,45.6651923639872
2022-06-04,40.654568,886,44.07009421340213,45.73028972872112
2022-06-05,40.49152,887,42.3922554628088,45.79609149837749
2022-06-06,39.46054,888,41.24289095122752,45.862581874802146
2022-06-07,43.710102,889,41.10637031461444,45.92974489451534
2022-06-08,42.93124,890,42.19662447476309,45.99756443254439
2022-06-09,53.72745,891,44.37858744198304,46.066024206295005
2022-06-10,41.304325,892,47.20418247194229,46.135107779460625
2022-06-11,48.24835,893,50.05047763922974,46.2047985659685
2022-06-12,47.733772,894,52.31301738359321,46.27507983396179
2022-06-13,49.874805,895,53.589127969549935,46.34593470981671
2022-06-14,58.23868,896,53.790307089247925,46.417346182193626
2022-06-15,59.739117,897,53.147912492445556,46.48929710612127
2022-06-16,54.78865,898,52.113362041468825,46.56177020711306
2022-06-17,47.54889,899,51.190031917527214,46.63474808531442
2022-06-18,47.13856,900,50.75658007017907,46.7082132196803
2022-06-19,51.60918,901,50.94292559995497,46.78214797218177
2022-06-20,48.57726,902,51.60037382304508,46.85653459204063
2022-06-21,51.04137,903,52.373565449712146,46.93135521999116
2022-06-22,61.230263,904,52.84602048665193,47.00659189256794
2022-06-23,51.90192,905,52.70559234802654,47.0822265464186
2022-06-24,47.84974,906,51.86989333276341,47.1582410226406
2022-06-25,48.99602,907,50.5266444897066,47.23461707114099
2022-06-26,53.199413,908,49.074486869074875,47.31133635501795
2022-06-27,49.354225,909,47.98520114278331,47.38838045496331
2022-06-28,45.277256,910,47.63608838669824,47.465730873684755
2022-06-29,46.547413,911,48.1718176871627,47.5433690403468
2022-06-30,48.969017,912,49.44480320128574,47.62127631502939
2022-07-01,52.449726,913,51.055857658623886,47.699433993203115
2022-07-02,52.047905,914,52.48209288835524,47.777823310219915
2022-07-03,53.896202,915,53.248898905484886,47.85642544581826
2022-07-04,55.524166,916,53.087698153206205,47.93522152864163
2022-07-05,51.534443,917,52.026116785256754,48.01419264076924
2022-07-06,43.307716,918,50.38034672692045,48.09331982225809
2022-07-07,52.620888,919,48.652678621149704,48.17258407569492
2022-07-08,53.14652,920,47.36901778314397,48.25196637075725
2022-07-09,44.81776,921,46.91084793373882,48.33144764878236
2022-07-10,45.569286,922,47.397108041321395,48.41100882734299
2022-07-11,43.620075,923,48.653788704365354,48.490630804828776
2022-07-12,52.69519,924,50.279070226450365,48.57029446503235
2022-07-13,51.975845,925,51.77989959696504,48.64998068173885
2022-07-14,55.34897,926,52.732848593312625,48.729670323317876
2022-07-15,56.253532,927,52.91545961168954,48.80934425731677
2022-07-16,50.458412,928,52.36587121811608,48.88898335505408
2022-07-17,48.09816,929,51.353909124397795,48.96856849621205
2022-07-18,49.872883,930,50.27706457767566,49.048080573427235
2022-07-19,49.64666,931,49.5195079685095,49.127500496877886
2022-07-20,49.649998,932,49.323311141232054,49.20680919886717
2022-07-21,49.290684,933,49.715067133397845,49.28598763840111
2022-07-22,53.494076,934,50.51065162692203,49.365016805760064
2022-07-23,51.33715,935,51.393342829726,49.44387772706266
2022-07-24,52.088676,936,52.03546778566747,49.5225514688213
2022-07-25,50.853645,937,52.219618840432176,49.60101914248773
2022-07-26,47.37111,938,51.9167884570555,49.679261908987975
2022-07-27,56.020397,939,51.29465845000745,49.7572609832454
2022-07-28,48.59581,940,50.65399471631605,49.83499763869069
2022-07-29,55.919487,941,50.31605210290914,49.91245321175791
2022-07-30,48.083138,942,50.50063212797495,49.98960910636538
2022-07-31,47.71238,943,51.237470618168935,50.06644679838031
2022-08-01,53.661648,944,52.34219380166692,50.142947840066284
2022-08-02,55.86632,945,53.46624701984703,50.21909386451226
2022-08-03,50.470802,946,54.20540699788205,50.29486659004221
2022-08-04,53.112022,947,54.23198237869664,50.370247824604405
2022-08-05,57.417442,948,53.407906087794075,50.44521947013901
2022-08-06,53.772644,949,51.84200231524757,50.5197635269232
2022-08-07,47.35059,950,49.87254323035738,50.59386209789271
2022-08-08,46.57173,951,47.97982714801799,50.667497392938664
2022-08-09,49.796658,952,46.65524445336254,50.740651733178716
2022-08-10,46.307842,953,46.266306284883946,50.813307555201575
2022-08-11,45.375942,954,46.95753641420089,50.885447415283735
2022-08-12,42.402813,955,48.61522508822408,50.95705399357744
2022-08-13,50.094303,956,50.903955185563746,51.02811009826903
2022-08-14,61.753345,957,53.361103129388674,51.09859866970645
2022-08-15,56.377777,958,55.519012010130496,51.16850278449501
2022-08-16,62.05982,959,57.01814195609498,51.23780565956053
2022-08-17,54.18096,960,57.67974186687079,51.30649065617872
2022-08-18,50.938705,961,57.52123724859827,51.37454128396986
2022-08-19,53.6365,962,56.71648074501449,51.44194120485806
2022-08-20,50.436756,963,55.51999840975735,51.50867423699369
2022-08-21,66.81448,964,54.18400578171737,51.57472435863853
2022-08-22,56.379425,965,52.89646824573507,51.64007571201231
2022-08-23,49.31677,966,51.75845742993931,51.70471260709998
2022-08-24,50.66567,967,50.803256323099774,51.768619525418714
2022-08-25,44.47873,968,50.043683415629104,51.83178112374365
2022-08-26,50.80988,969,49.52351720513489,51.89418223779165
2022-08-27,48.910244,970,49.34742150647937,51.95580788586198
2022-08-28,47.79058,971,49.67200983094068,52.0166432724333
2022-08-29,57.097473,972,50.65591085576152,52.07667379171579
2022-08-30,52.364403,973,52.383680705724814,52.135885031157905
2022-08-31,50.702827,974,54.791118690291114,52.194262774906576
2022-09-01,58.037228,975,57.62314268500073,52.251793007220286
2022-09-02,59.128117,976,60.44790431823277,52.30846191583405
2022-09-03,66.8529,977,62.73398800759972,52.36425589527557
2022-09-04,60.68591,978,63.97636916577064,52.41916155013171
2022-09-05,69.13337,979,63.83816735131964,52.47316569826461
2022-09-06,59.03545,980,62.26564973652007,52.52625537397651
2022-09-07,58.326115,981,59.53742835528735,52.57841783112265
2022-09-08,50.892307,982,56.225340446099665,52.62964054617147
2022-09-09,54.000427,983,53.06979641323535,52.67991122121134
2022-09-10,59.073257,984,50.79893252777644,52.72921778690309
2022-09-11,53.38167,985,49.940272985268365,52.777548405377786
2022-09-12,47.332993,986,50.679089962374164,52.82489147307879
2022-09-13,48.76397,987,52.80659886213966,52.871235623547626
2022-09-14,47.808067,988,55.77605926064146,52.91656973015295
2022-09-15,69.13627,989,58.85296261005718,52.96088290876186
2022-09-16,55.640434,990,61.31657219529262,53.00416452035309
2022-09-17,66.57052,991,62.653487414879635,53.04640417357128
2022-09-18,64.66238,992,62.68544627952134,53.0875917272218
2022-09-19,64.05507,993,61.59343973425689,53.12771729270551
2022-09-20,58.16237,994,59.832596853400645,53.166771236392925
2022-09-21,54.834373,995,57.967070226295164,53.204744181937066
2022-09-22,55.758163,996,56.47998101955133,53.24162701252466
2022-09-23,52.532196,997,55.62158880812481,53.27741087306493
2022-09-24,56.422512,998,55.3460448670412,53.3120871723156
2022-09-25,54.437855,999,55.35709480280241,53.34564758494554
2022-09-26,60.63519,1000,55.245591061813585,53.37808405353358
2022-09-27,55.402718,1001,54.6692445060926,53.40938879050295
2022-09-28,61.248524,1002,53.50901172866973,53.43955427999106
2022-09-29,46.60641,1003,51.943005980337176,53.46857327965387
2022-09-30,42.870316,1004,50.40642430268029,53.49643882240475
2022-10-01,45.876408,1005,49.445909719533546,53.52314421808715
2022-10-02,50.50085,1006,49.515552988901696,53.54868305508083
2022-10-03,51.347404,1007,50.78570767875384,53.57304920184121
2022-10-04,59.86582,1008,53.03579675304827,53.59623680837148
2022-10-05,56.801395,1009,55.67710072491296,53.6182403076271
2022-10-06,62.096786,1010,57.908632263540554,53.63905441685237
2022-10-07,55.554985,1011,58.962648671360014,53.65867413884877
2022-10-08,58.496002,1012,58.36213273379161,53.67709476317471
2022-10-09,44.905933,1013,56.10320091609936,53.69431186727644
2022-10-10,54.885998,1014,52.69541258145619,53.710321317549855
2022-10-11,54.128593,1015,49.03697961737256,53.72511927033294
2022-10-12,45.801342,1016,46.156038381963626,53.73870217282854
2022-10-13,43.0027,1017,44.89548091583806,53.75106676395738
2022-10-14,46.759926,1018,45.6412950962795,53.762210075140985
2022-10-15,53.09258,1019,48.18436531672372,53.77212943101441
2022-10-16,49.75608,1020,51.765364548870345,53.780822450068555
2022-10-17,54.96717,1021,55.29420039166878,53.788287045221935
2022-10-18,69.283325,1022,57.67837264581126,53.794521424321765
2022-10-19,43.257576,1023,58.15766443167917,53.799524090574224
2022-10-20,48.16187,1024,56.53863476639742,53.80329384290381
2022-10-21,53.840576,1025,53.25341248966357,53.80582977624175
2022-10-22,51.13546,1026,49.22357783836501,53.80713128174322
2022-10-23,54.663128,1027,45.57305433118552,53.80719804693358
2022-10-24,59.456894,1028,43.28293612898043,53.80603005578337
2022-10-25,27.454142,1029,42.899571758162736,53.80362758871216
2022-10-26,41.158146,1030,44.38871661946425,53.79999122252124
2022-10-27,50.908653,1031,47.179294272283215,53.79512183025513
2022-10-28,57.261974,1032,50.37687287407374,53.78902058099193
2022-10-29,33.78614,1033,53.07084168491552,53.78168893956273
2022-10-30,47.28681,1034,54.629482809784164,53.77312866619983
2022-10-31,67.91155,1035,54.883697999868296,53.76334181611421
2022-11-01,58.40767,1036,54.140607733779575,53.75233073900203
2022-11-02,60.430458,1037,53.028451449617805,53.74009807848056
2022-11-03,56.96865,1038,52.23322728929049,53.72664677145342
2022-11-04,53.43327,1039,52.22479492700374,53.71198004740553
2022-11-05,35.314503,1040,53.07277474445411,53.69610142762771
2022-11-06,48.865467,1041,54.4196617541004,53.67901472437127
2022-11-07,59.29909,1042,55.6217146661174,53.66072403993277
2022-11-08,55.71047,1043,56.0073783136479,53.64123376566906
2022-11-09,58.95979,1044,55.15969554079405,53.620548580942994
2022-11-10,55.863575,1045,53.11874748933585,53.59867345200001
2022-11-11,58.271904,1046,50.426543827034365,53.575613630775734
2022-11-12,49.567223,1047,47.99099858987445,53.55137465363512
2022-11-13,39.082653,1048,46.808914132169704,53.52596234004319
2022-11-14,49.6183,1049,47.638231670720025,53.4993827911679
2022-11-15,42.32569,1050,50.72958284972564,53.4716423884153
2022-11-16,45.104454,1051,55.709341045851644,53.44274779189742
2022-11-17,76.86143,1052,61.65688619746472,53.41270593883332
2022-11-18,73.66685,1053,67.35455283458978,53.38152404188352
2022-11-19,60.507046,1054,71.63165694934044,53.34920958741835
2022-11-20,83.9545,1055,73.69344541767704,53.31577033372053
2022-11-21,71.347336,1056,73.33188560439386,53.28121430912254
2022-11-22,72.82893,1057,70.95536971899676,53.245549810079126
2022-11-23,59.516094,1058,67.43449557088036,53.20878539917542
2022-11-24,59.88319,1059,63.820403913252825,53.17092990307114
2022-11-25,64.26401,1060,61.03072833585464,53.1319924103815
2022-11-26,67.45382,1061,59.60369298207857,53.09198226949508
2022-11-27,56.717125,1062,59.59264726211466,53.05090908632941
2022-11-28,62.279026,1063,60.622364261718516,53.00878272202476
2022-11-29,57.68159,1064,62.07322604988486,52.96561329057655
2022-11-30,51.901646,1065,63.319214530043546,52.92141115640714
2022-12-01,80.86992,1066,63.933624707081485,52.876186931877484
2022-12-02,64.811615,1067,63.79531155003294,52.82995147473919
2022-12-03,58.25797,1068,63.06965645412351,52.78271588552776
2022-12-04,64.24497,1069,62.08617717591979,52.73449150489745
2022-12-05,56.980816,1070,61.17108071372229,52.685289910898575
2022-12-06,61.547966,1071,60.505251841831175,52.63512291619773
2022-12-07,61.489956,1072,60.0628164501024,52.584002565241775
2022-12-08,55.617207,1073,59.649571055458765,52.53194113136604
2022-12-09,56.539883,1074,59.01878308245507,52.47895111384771
2022-12-10,60.50338,1075,58.01055140907776,52.42504523490489
2022-12-11,61.91696,1076,56.65209605505578,52.37023643664217
2022-12-12,57.2848,1077,55.1731498814621,52.31453787794344
2022-12-13,57.978638,1078,53.926192444186526,52.257962931312505
2022-12-14,50.413242,1079,53.241438659529486,52.20052517966262
2022-12-15,37.40092,1080,53.27527553302549,52.14223841305535
2022-12-16,60.996567,1081,53.91655151829012,52.08311662538979
2022-12-17,50.43842,1082,54.79494417693572,52.02317401104277
2022-12-18,64.905716,1083,55.3967924311427,51.962424961461046
2022-12-19,62.577633,1084,55.250938550065456,51.900884061705995
2022-12-20,38.292206,1085,54.11688686059568,51.838566086952
2022-12-21,59.549046,1086,52.102192642474776,51.77548599893912
2022-12-22,54.70799,1087,49.65855319224438,51.71165894238092
2022-12-23,42.398407,1088,47.44914009904532,51.64710024132849
2022-12-24,41.28979,1089,46.127817130251366,51.58182539549129
2022-12-25,48.94393,1090,46.10612625029795,51.515850076515896
2022-12-26,49.0249,1091,47.39258570736425,51.4491901242234
2022-12-27,48.312943,1092,49.566642150314266,51.381861542806526
2022-12-28,52.432423,1093,51.90354788479743,51.313880496987196
2022-12-29,55.67396,1094,53.61250736929382,51.245263308135584
2022-12-30,50.458813,1095,54.1080519036109,51.176026450351635
2022-12-31,46.52677,1096,53.21953870623851,51.10618654650975
2023-01-01,58.797577,1097,51.262254257632854,51.03576036426789
2023-01-02,67.11782,1098,48.94017316332492,50.964764812041885
2023-01-03,34.831886,1099,47.10910438232231,50.89321693494594
2023-01-04,34.4678,1100,46.47913563422006,50.82113391070035
2023-01-05,48.424965,1101,47.35891263925747,50.748533045507266
2023-01-06,51.811035,1102,49.532370418466286,50.6754317698958
2023-01-07,54.72393,1103,52.3145020671446,50.601847634537116
2023-01-08,54.916145,1104,54.77145116012301,50.52779830603076
2023-01-09,58.344727,1105,56.03282279267252,50.45330156266312
2023-01-10,57.06607,1106,55.59074640464059,50.378375290139175
2023-01-11,58.03976,1107,53.48286817118232,50.30303747728824
2023-01-12,52.71409,1108,50.29465120412405,50.22730621174515
2023-01-13,30.44922,1109,46.97729061037417,50.15119967560765
2023-01-14,41.116062,1110,44.54039157837654,50.07473614107112
2023-01-15,45.338284,1111,43.72170569117881,49.99793396604159
2023-01-16,53.136963,1112,44.744767483633666,49.92081158972838
2023-01-17,56.993595,1113,47.24617945436231,49.84338752821693
2023-01-18,54.151268,1114,50.39742800154856,49.765680370023404
2023-01-19,37.10115,1115,53.18082643078389,49.68770877163183
2023-01-20,50.59626,1116,54.727625962740525,49.60949145301492
2023-01-21,54.84399,1117,54.605863897993544,49.531047193139585
2023-01-22,54.55158,1118,52.96280098153311,49.45239482545849
2023-01-23,65.01143,1119,50.47567261683604,49.37355323338822
2023-01-24,50.045055,1120,48.12820297386288,49.294541345775706
2023-01-25,29.271004,1121,46.88743077368843,49.215378132353635
2023-01-26,46.875587,1122,47.386997132555685,49.136082599186075
2023-01-27,61.23863,1123,49.719184615523886,49.05667378410533
2023-01-28,50.106003,1124,53.4007568553304,48.977170752141284
2023-01-29,52.253704,1125,57.520147194909796,48.897592590944015
2023-01-30,61.43895,1126,61.01522379970682,48.817958406201186
2023-01-31,58.128284,1127,62.990792403447614,48.73828731705098
2023-02-01,76.762344,1128,62.97556141006875,48.65859845149185
2023-02-02,72.737495,1129,61.04131782326307,48.578910941790156
2023-02-03,47.60813,1130,57.753677206886174,48.499243919886716
2023-02-04,40.77758,1131,53.977836426700264,48.41961651280349
2023-02-05,45.748707,1132,50.606550877953474,48.34004783805145
2023-02-06,49.27932,1133,48.29768679247195,48.26055699904066
2023-02-07,53.111164,1134,47.300241239222636,48.181163080493846
2023-02-08,58.028336,1135,47.41529132559508,48.10188514386442
2023-02-09,41.717907,1136,48.09391059067256,48.02274222275999
2023-02-10,70.82659,1137,48.632562363094365,47.94375331837269
2023-02-11,28.36988,1138,48.4005584378569,47.86493739491725
2023-02-12,35.95967,1139,47.03044882411072,47.78631337507788
2023-02-13,44.76454,1140,44.519593434954295,47.70790013546523
2023-02-14,41.44315,1141,41.222023073701585,47.629716502084385
2023-02-15,50.11271,1142,37.74304354599709,47.55178124581489
2023-02-16,39.709038,1143,34.77451119968706,47.47411307790415
2023-02-17,22.880695,1144,32.91985415304577,47.39673064547515
2023-02-18,25.136703,1145,32.55372819630376,47.31965252704945
2023-02-19,40.57396,1146,33.745611006074746,47.242897228086754
2023-02-20,46.366856,1147,36.2563793294806,47.166483176542016
2023-02-21,44.187695,1148,39.598733154917014,47.09042871844106
2023-02-22,33.069843,1149,43.14070858298652,47.014752113476
2023-02-23,32.106483,1150,46.22762884674794,46.939471530621276
2023-02-24,50.42302,1151,48.29997154413459,46.86460504377153
2023-02-25,54.323605,1152,48.98967631530824,46.79017062740237
2023-02-26,49.752396,1153,48.18264022856761,46.71618615225479
2023-02-27,48.190945,1154,46.039383654910395,46.64266938104477
2023-02-28,50.704956,1155,42.969708353841064,46.56963796419858
2023-03-01,47.137722,1156,39.56212241400517,46.4971094356152
2023-03-02,29.646215,1157,36.47594793242804,46.42510120845664
2023-03-03,17.278551,1158,34.312847968680046,46.35363057096729
2023-03-04,25.869368,1159,33.49260561805342,46.28271468232317
2023-03-05,42.13689,1160,34.16182137192666,46.21237056851229
2023-03-06,44.14928,1161,36.160651799954124,46.142615118246916
2023-03-07,46.54204,1162,39.060790411458086,46.07346507890881
2023-03-08,43.67976,1163,42.26971736680586,46.004937052528376
2023-03-09,43.870472,1164,45.1768629715298,45.9370474917988
2023-03-10,41.38523,1165,47.30318795614771,45.86981269612588
2023-03-11,43.403896,1166,48.412302491163295,45.80324880771478
2023-03-12,40.074722,1167,48.55095700460613,45.73737180769453
2023-03-13,46.658314,1168,48.0074181337275,45.67219751228112
2023-03-14,71.57323,1169,47.20165444307993,45.60774156898026
2023-03-15,47.413822,1170,46.54299636487056,45.544019452830625
2023-03-16,44.48353,1171,46.30136645280595,45.48104646268843
2023-03-17,34.420662,1172,46.53327821149549,45.41883771755446
2023-03-18,31.729145,1173,47.084841900960875,45.357408152944146
2023-03-19,56.28697,1174,47.66734162951926,45.29677251730171
2023-03-20,66.67102,1175,47.97587719213395,45.23694536845938
2023-03-21,39.688908,1176,47.80707523325224,45.17794107014207
2023-03-22,47.973644,1177,47.13329418252582,45.11977378851897
2023-03-23,50.714993,1178,46.10767790745685,45.06245748880236
2023-03-24,38.84117,1179,45.00072393018033,45.00600593189477
2023-03-25,39.81113,1180,44.09499525759975,44.95043267108517
2023-03-26,42.220898,1181,43.580440223049365,44.895751048795
2023-03-27,44.350094,1182,43.492330582645835,44.841974193374796
2023-03-28,43.42702,1183,43.71696015780891,44.789115015952284
2023-03-29,49.03915,1184,44.063095417985465,44.73718620733256
2023-03-30,48.779243,1185,44.36998704162375,44.6862002349512
2023-03-31,42.695377,1186,44.606151475303065,44.63616933988098
2023-04-01,44.17547,1187,44.91406898439828,44.58710553389298
2023-04-02,45.029343,1188,45.574934887718214,44.53902059657268
2023-04-03,43.987236,1189,46.898262363887255,44.491926072491864
2023-04-04,48.851894,1190,49.07230896467615,44.44583326843688
2023-04-05,48.608997,1191,52.031037689020295,44.400753250694066
2023-04-06,49.66398,1192,55.393334346966746,44.356696842392836
2023-04-07,69.8432,1193,58.50910805406427,44.31367462090726
2023-04-08,62.226727,1194,60.61107136136593,44.271696915316475
2023-04-09,63.29022,1195,61.03256606661296,44.230773803924876
2023-04-10,61.720985,1196,59.42450371399836,44.190915111842436
2023-04-11,53.253574,1197,55.89875676698999,44.15213040862579
2023-04-12,43.775135,1198,51.044415078250275,44.11442900598073
2023-04-13,42.188892,1199,45.8018483269421,44.077819955526635
2023-04-14,45.09806,1200,41.225112915219384,44.04231204662318
2023-04-15,36.894222,1201,38.20065558142157,44.00791380426024
2023-04-16,30.900938,1202,37.20660597460352,43.97463348701107
2023-04-17,54.116142,1203,38.186216308555196,43.94247908504956
2023-04-18,40.445427,1204,40.574279149195924,43.91145831823194
2023-04-19,44.71494,1205,43.46785718165462,43.88157863424322
2023-04-20,43.49135,1206,45.88798344888086,43.85284720680925
2023-04-21,43.892387,1207,47.05179459236593,43.82527093397428
2023-04-22,42.779327,1208,46.57357739664808,43.79885643644491
2023-04-23,37.934547,1209,44.538316018060044,43.77361005600046
2023-04-24,40.366875,1210,41.433673278138556,43.749537853970494
2023-04-25,43.726658,1211,37.971483707935704,43.726645609779496
2023-04-26,39.92692,1212,34.86276797719418,43.704938819559324
2023-04-27,41.866844,1213,32.62055195386968,43.684422694829664
2023-04-28,36.018097,1214,31.4499661786582,43.66510216124683
2023-04-29,20.18562,1215,31.251417315625034,43.646981857421125
2023-04-30,26.01952,1216,31.722485621040097,43.63006613380324
2023-05-01,22.381327,1217,32.511741196096324,43.61435905163971
2023-05-02,35.680103,1218,33.36373698826312,43.5998643819979
2023-05-03,42.735367,1219,34.202909685394765,43.58658560486057
2023-05-04,38.110928,1220,35.13079299816493,43.57452590829046
2023-05-05,38.73302,1221,36.34530585370054,43.56368818766479
2023-05-06,40.150654,1222,38.02007393111075,43.55407504498016
2023-05-07,38.817253,1223,40.19529424102539,43.54568878822784
2023-05-08,40.269615,1224,42.72515495060295,43.53853143083967
2023-05-09,43.43313,1225,45.303371632236065,43.532604691204604
2023-05-10,40.73645,1226,47.55725995293667,43.527909992256205
2023-05-11,46.595856,1227,49.17382351150352,43.52444846113101
2023-05-12,55.011463,1228,50.00868772582307,43.52222092889787
2023-05-13,54.76562,1229,50.134971332934064,43.52122793035849
2023-05-14,59.423283,1230,49.81187514920418,43.521469703918974
2023-05-15,42.187958,1231,49.383307867986375,43.52294619153262
2023-05-16,49.43249,1232,49.143808152940366,43.52565703871383
2023-05-17,44.37222,1233,49.22226389040896,43.52960159462325
2023-05-18,46.32621,1234,49.52843020381874,43.53477891222401
2023-05-19,47.713493,1235,49.78484837542014,43.54118774850909
2023-05-20,58.568493,1236,49.63550978631465,43.54882656479975
2023-05-21,51.51022,1237,48.793810997349254,43.55769352711495
2023-05-22,40.830036,1238,47.176512322748046,43.5677865066117
2023-05-23,44.806812,1239,44.97345301639128,43.57910308009609
2023-05-24,44.507732,1240,42.62389026754975,43.591640530605154
2023-05-25,41.703465,1241,40.70228747001137,43.6053958480591
2023-05-26,38.267097,1242,39.74808346163403,43.62036572998406
2023-05-27,39.523193,1243,40.094373366168654,43.63654658230492
2023-05-28,46.399914,1244,41.75237223862612,43.65393452020824
2023-05-29,44.99556,1245,44.39123226280037,43.672525369074926
2023-05-30,39.585976,1246,47.42205357157576,43.69231466548253
2023-05-31,45.22989,1247,50.16111606638354,43.71329765827682
2023-06-01,53.600048,1248,52.02176644414564,43.73546930971252
2023-06-02,62.245213,1249,52.67542984085314,43.75882429666278
2023-06-03,55.63683,1250,52.13261271024212,43.78335701189717
2023-06-04,54.028423,1251,50.72078599687628,43.809061565427946
2023-06-05,43.305725,1252,48.968885221955404,43.83593178592413
2023-06-06,37.12245,1253,47.437038034378446,43.863961222193176
2023-06-07,45.674095,1254,46.545864493898954,43.89314314472983
2023-06-08,49.103794,1255,46.457714925769764,43.92347054733177
2023-06-09,49.51039,1256,47.04384600917949,43.95493614878173
2023-06-10,52.527145,1257,47.94333652602837,43.9875323945956
2023-06-11,50.399387,1258,48.69090206392053,44.02125145883619
2023-06-12,48.413944,1259,48.87073342086671,44.056085245992136
2023-06-13,49.755775,1260,48.247866103722096,44.09202539292149
2023-06-14,39.780552,1261,46.83828290958901,44.129063270859646
2023-06-15,43.006916,1262,44.89996378159973,44.16718998749094
2023-06-16,41.712368,1263,42.85214840483878,44.20639638908365
2023-06-17,44.258564,1264,41.151153380208854,44.24667306268765
2023-06-18,41.756714,1265,40.16202926163649,44.28801033839432
2023-06-19,41.551155,1266,40.06363936168123,44.33039829165822
2023-06-20,42.30268,1267,40.81199462457071,44.37382674567979
2023-06-21,39.05336,1268,42.167726727170916,44.418285273848674
2023-06-22,45.76488,1269,43.77468120711218,44.46376320224707
2023-06-23,45.822895,1270,45.263354746023815,44.510249612212334
2023-06-24,43.369114,1271,46.34856380785649,44.55773334295845
2023-06-25,47.68669,1272,46.895547388107616,44.60620299425556
2023-06-26,46.108635,1273,46.94016740569097,44.65564692916706
2023-06-27,42.99463,1274,46.66285003503907,44.7060532768434
2023-06-28,44.29951,1275,46.32813319293396,44.7574099353722
2023-06-29,50.44989,1276,46.20902257520424,44.809704574683735
2023-06-30,55.855747,1277,46.51657841447092,44.86292463951119
2023-07-01,47.75655,1278,47.35095849800071,44.9170573524051
2023-07-02,46.41949,1279,48.682605300436656,44.97208971680094
2023-07-03,47.9107,1280,50.363963376499434,45.02800852013951
2023-07-04,43.876244,1281,52.165278450274414,45.084800337039106
2023-07-05,43.584946,1282,53.82399074408123,45.142451532518734
2023-07-06,65.27723,1283,55.09626927734347,45.20094826527171
2023-07-07,68.1968,1284,55.800777209316465,45.260276490988815
2023-07-08,54.64289,1285,55.847815228785485,45.320421965730056
2023-07-09,55.00332,1286,55.25054994359644,45.38137024934456
2023-07-10,51.282722,1287,54.118349475022015,45.44310670893743
2023-07-11,49.512054,1288,52.63491806659064,45.50561652238288
2023-07-12,48.087032,1289,51.02581695988945,45.56888468188288
2023-07-13,49.459213,1290,49.52108137500758,45.632895997570316
2023-07-14,50.17967,1291,48.31900638065483,45.69763510115587
2023-07-15,48.695133,1292,47.556763936097475,45.76308644961776
2023-07-16,46.547432,1293,47.292328031919205,45.829234328933424
2023-07-17,50.164177,1294,47.500310303916216,45.89606285785226
2023-07-18,48.31699,1295,48.08197140573252,45.96355599170847
2023-07-19,50.12278,1296,48.88723680830328,46.031697526273234
2023-07-20,49.794533,1297,49.7444423557777,46.10047110164506
2023-07-21,47.250175,1298,50.49216701580273,46.169860206177674
2023-07-22,49.48107,1299,51.00715548662377,46.239848180444184
2023-07-23,48.437923,1300,51.22308827812481,46.31041822123683
2023-07-24,55.08993,1301,51.13672548465763,46.38155338560121
2023-07-25,51.780376,1302,50.80046375875542,46.45323659490401
2023-07-26,49.190563,1303,50.30319365417868,46.525450638933485
2023-07-27,53.180683,1304,49.74400929933302,46.598178180031276
2023-07-28,47.04842,1305,49.2052282544933,46.67140175725506
2023-07-29,49.23681,1306,48.73177614817434,46.74510379057062
2023-07-30,50.072636,1307,48.32288927991451,46.819266585072654
2023-07-31,45.467815,1308,47.93923111198694,46.893872335233
2023-08-01,44.997974,1309,47.52432708093729,46.968903129175615
2023-08-02,45.204643,1310,47.03464009102053,47.04434095297693
2023-08-03,49.374027,1311,46.46896496016951,47.12016769499077
2023-08-04,46.93097,1312,45.88648956949455,47.19636515019671
2023-08-05,48.69425,1313,45.40480203786228,47.27291502457091
2023-08-06,43.77413,1314,45.17437720652341,47.349798939478205
2023-08-07,44.876472,1315,45.333568096049646,47.426998436084645
2023-08-08,45.12637,1316,45.955741093766264,47.504494979789186
2023-08-09,45.46907,1317,47.005305777036995,47.582269964673614
2023-08-10,45.355602,1318,48.319719018201795,47.660304717969595
2023-08-11,51.582504,1319,49.62904547241327,47.738580504541765
2023-08-12,55.147514,1320,50.61415306049925,47.81707853138575
2023-08-13,52.100807,1321,50.99185075243903,47.895779952140195
2023-08-14,48.711075,1322,50.60425169089597,47.974665871611485
2023-08-15,49.389023,1323,49.484440587566226,48.05371735031025
2023-08-16,41.680202,1324,47.87383340365853,48.132915408998514
2023-08-17,44.233463,1325,46.178590737359656,48.21224103324628
2023-08-18,50.190517,1326,44.870274429814756,48.29167517799675
2023-08-19,51.07736,1327,44.35442852736759,48.371198772138776
2023-08-20,46.117672,1328,44.84384671918343,48.45079272308552
2023-08-21,43.32309,1329,46.27599352153802,48.53043792135843
2023-08-22,37.49618,1330,48.304350559356514,48.61011524517511
2023-08-23,55.982445,1331,50.3732788081136,48.68980556504022
2023-08-24,52.170544,1332,51.86091529253906,48.76948974833826
2023-08-25,49.563007,1333,52.25236781224327,48.84914866392704
2023-08-26,55.179974,1334,51.293438319344055,48.92876318673081
2023-08-27,52.863735,1335,49.07788513733495,49.008314202331974
2023-08-28,44.219685,1336,46.03887084670978,49.08778261156019
2023-08-29,38.851894,1337,42.84293368543596,49.167149335077795
2023-08-30,46.25137,1338,40.21423941742948,49.2463953179606
2023-08-31,35.764576,1339,38.738753601067586,49.325501534272654
2023-09-01,36.05921,1340,38.705143326971125,49.40444899163418
2023-09-02,37.736748,1341,40.029027789171025,49.48321873578135
2023-09-03,42.664326,1342,42.28254387484861,49.561791855117
2023-09-04,47.150513,1343,44.819687377874324,49.640149485251
2023-09-05,50.58171,1344,46.959431648666445,49.71827281352944
2023-09-06,48.39078,1345,48.172162849943724,49.79614308355122
2023-09-07,46.80572,1346,48.21554862252356,49.87374159967129
2023-09-08,46.666748,1347,47.18305637306857,49.95104973148917
2023-09-09,45.625824,1348,45.45609639359209,50.02804891832193
2023-09-10,40.35156,1349,43.58000284980301,50.10472067366027
2023-09-11,44.25888,1350,42.10541226423806,50.18104658960703
2023-09-12,41.54304,1351,41.44363827099206,50.257008341296576
2023-09-13,38.00877,1352,41.77597519630102,50.33258769129443
2023-09-14,44.432724,1353,43.03639243422924,50.40776649397581
2023-09-15,49.40281,1354,44.96243878953172,50.48252669988212
2023-09-16,47.5379,1355,47.188904404384026,50.55685036005451
2023-09-17,48.477978,1356,49.34930831903513,50.63071963034307
2023-09-18,52.4023,1357,51.15373982024594,50.70411677569105
2023-09-19,48.84475,1358,52.42534430618216,50.77702417439278
2023-09-20,52.635983,1359,53.095651033069956,50.84942432232444
2023-09-21,54.043674,1360,53.17382516732599,50.92129983714653
2023-09-22,49.993717,1361,52.71139802519784,50.992633462477215
2023-09-23,52.379158,1362,51.7804507567844,51.06340807203531
2023-09-24,52.06942,1363,50.47215815950932,51.13360667375208
2023-09-25,51.827698,1364,48.90956195699854,51.20321241385083
2023-09-26,49.463387,1365,47.259526496632915,51.2722085808933
2023-09-27,43.159645,1366,45.72811508378938,51.34057860979178
2023-09-28,43.674614,1367,44.53146389735801,51.40830608578628
2023-09-29,41.292576,1368,43.84708625386148,51.475374748385455
2023-09-30,43.814053,1369,43.76246906920501,51.541768495270524
2023-10-01,44.022945,1370,44.243010411692524,51.607471386161244
2023-10-02,46.343307,1371,45.136668978367766,51.672467646642986
2023-10-03,45.140846,1372,46.21924569445089,51.736741671953894
2023-10-04,51.576244,1373,47.26710693392083,51.800278030731484
2023-10-05,46.81989,1374,48.13060418485563,51.86306146871747
2023-10-06,50.431858,1375,48.777831712630075,51.92507691242009
2023-10-07,44.39168,1376,49.28744892590925,51.98630947273311
2023-10-08,52.935608,1377,49.78870837248967,52.04674444851044
2023-10-09,42.729385,1378,50.36958389258224,52.106367330095736
2023-10-10,60.480404,1379,50.9908253099765,52.165163802806
2023-10-11,56.840775,1380,51.447089417622884,52.223119750368284
2023-10-12,40.827595,1381,51.40290127819109,52.28022125830888
2023-10-13,42.815655,1382,50.50437190117373,52.336454617293995
2023-10-14,59.54714,1383,48.53635822942479,52.39180632642113
2023-10-15,48.83301,1384,45.57087537218497,52.446263096460584
2023-10-16,34.979374,1385,42.04628088282736,52.4998118530459
2023-10-17,42.060932,1386,38.73263135245868,52.55243973981296
2023-10-18,37.26429,1387,36.573338229605426,52.60413412148655
2023-10-19,37.433613,1388,36.43612460552967,52.654882586914
2023-10-20,38.954056,1389,38.842579228735545,52.70467295204483
2023-10-21,45.040867,1390,43.76165226468959,52.753493262856125
2023-10-22,44.29124,1391,50.54070199484858,52.80133179822245
2023-10-23,53.22627,1392,58.009941475359426,52.84817707272993
2023-10-24,56.770218,1393,64.74339719489632,52.894017839433836
2023-10-25,87.836296,1394,69.40875854142242,52.938843092558734
2023-10-26,81.30522,1395,71.10701503239062,52.98264207014087
2023-10-27,67.504814,1396,69.60202086322501,53.025404256612
2023-10-28,55.34899,1397,65.37152912935177,53.06711938532401
2023-10-29,53.63012,1398,59.46531582749457,53.10777744101384
2023-10-30,53.45086,1399,53.21529778141303,53.14736866220795
2023-10-31,47.965546,1400,47.88742756919111,53.18588354356601
2023-11-01,40.332134,1401,44.38062078591974,53.22331283816294
2023-11-02,48.12787,1402,43.05893203953707,53.25964755970904
2023-11-03,52.998158,1403,43.75634497918278,53.29487898470742
2023-11-04,48.238464,1404,45.93515706204654,53.32899865454843
2023-11-05,46.477806,1405,48.92924086766628,53.36199837754047
2023-11-06,48.737934,1406,52.179511228145635,53.3938702308767
2023-11-07,54.24032,1407,55.378580004011326,53.42460656253719
2023-11-08,53.210842,1408,58.48068555753683,53.45419999312609
2023-11-09,53.27186,1409,61.58685091828352,53.482643417643324
2023-11-10,69.62853,1410,64.76389730829275,53.5099300071904
2023-11-11,74.92758,1411,67.88141026137232,53.53605321060995
2023-11-12,75.93234,1412,70.54352930187407,53.561006756058575
2023-11-13,81.42328,1413,72.15505676391467,53.584784652512624
2023-11-14,65.41527,1414,72.10762359342516,53.607381191206585
2023-11-15,63.632042,1415,70.0215663494814,53.62879094700365
2023-11-16,57.007442,1416,65.95181412158729,53.64900877969827
2023-11-17,60.06971,1417,60.472479519059924,53.6680298352502
2023-11-18,51.178703,1418,54.59378663876427,53.68584954694991
2023-11-19,60.08194,1419,49.52321460611408,53.70246363651502
2023-11-20,58.74567,1420,46.339616997122235,53.71786811511741
2023-11-21,37.54285,1421,45.683870111845195,53.73205928434095
2023-11-22,48.147236,1422,47.569052968521696,53.745033737069356
2023-11-23,54.380802,1423,51.3764282120198,53.7567883583043
2023-11-24,52.885933,1424,56.042678539545115,53.767320325913175
2023-11-25,49.72536,1425,60.37987254004834,53.77662711130672
2023-11-26,55.48281,1426,63.42485482147392,53.78470648004611
2023-11-27,66.74964,1427,64.70502923014185,53.79155649237934
2023-11-28,82.75217,1428,64.33645021400179,53.79717550370704
2023-11-29,70.264755,1429,62.927759265081534,53.80156216497721
2023-11-30,59.71511,1430,61.32966669572386,53.804715423009206
2023-12-01,53.586575,1431,60.32123500886843,53.806634520746535
2023-12-02,62.422516,1432,60.343233437646944,53.80731899743866
2023-12-03,43.251705,1433,61.368963777569,53.806768688751546
2023-12-04,59.730343,1434,62.95169835357979,53.80498372680722
2023-12-05,62.991825,1435,64.42382911113127,53.80196454015196
2023-12-06,78.03361,1436,65.16902162601932,53.79771185365344
2023-12-07,85.91659,1437,64.86425588558834,53.79222668832672
2023-12-08,63.541195,1438,63.60204559583111,53.78551036108907
2023-12-09,66.49588,1439,61.849078320827076,53.77756448444382
2023-12-10,29.53861,1440,60.25899212367023,53.768390966093236
2023-12-11,48.90019,1441,59.41145371691918,53.75799200848047
2023-12-12,58.976727,1442,59.57724291468367,53.74637010826079
2023-12-13,65.55404,1443,60.59965963760014,53.733528055702195
2023-12-14,88.97042,1444,61.93971395669925,53.71946893401546
2023-12-15,68.66327,1445,62.87189582101978,53.70419611861394
2023-12-16,58.734997,1446,62.761002976018595,53.68771327630316
2023-12-17,47.445667,1447,61.31913187982754,53.67002436440045
2023-12-18,54.15902,1448,58.74707699276605,53.651133629784866
2023-12-19,53.47185,1449,55.70438878931773,53.63104560787755
2023-12-20,49.71907,1450,53.112943742086074,53.60976512155286
2023-12-21,50.749332,1451,51.85836349319818,53.587297279980426
2023-12-22,67.17212,1452,52.49066411823452,53.563647477398526
2023-12-23,65.685745,1453,55.02687192753415,53.538821391819006
2023-12-24,49.128757,1454,58.92356993664884,53.512824983664046
2023-12-25,52.565845,1455,63.22890214945566,53.485664494335126
2023-12-26,74.32725,1456,66.86227394243893,53.4573464447146
2023-12-27,74.35498,1457,68.92748209339345,53.427877633600055
2023-12-28,53.350655,1458,68.95598699464401,53.39726513607206
2023-12-29,81.3164,1459,67.00407774826482,53.36551630179547
2023-12-30,52.96694,1460,63.58046417890447,53.33263875325494
2023-12-31,51.517525,1461,59.440045064196674,53.298640383924806
