Fecha,Evapotranspiration,holtwinters_predicts
2020-01-01,1.8572602,2.114493791264227
2020-01-02,2.4557428,1.8520298177879093
2020-01-03,3.4035633,2.7439813349907247
2020-01-04,2.7061808,2.830583791532468
2020-01-05,2.9438274,2.77483784036985
2020-01-06,2.8961813,2.739678648029984
2020-01-07,2.6596496,3.0439297968197843
2020-01-08,2.7828617,2.581122289791873
2020-01-09,3.2734227,3.016065904148963
2020-01-10,3.2493734,2.7591522840119183
2020-01-11,4.126957,3.9925259181977824
2020-01-12,2.9483938,2.833497047748821
2020-01-13,2.8582828,3.2595775225412122
2020-01-14,2.174305,2.8481691445092574
2020-01-15,2.1442962,2.6483729051070015
2020-01-16,2.041279,2.6741285992020503
2020-01-17,2.4095683,1.968273276154429
2020-01-18,2.6017697,2.312018753518231
2020-01-19,2.1545637,2.660994998452366
2020-01-20,1.6285237,2.0340654047972384
2020-01-21,1.9008578,1.2656518099709344
2020-01-22,3.1665616,2.1804807312648253
2020-01-23,2.2027812,2.309857198073497
2020-01-24,2.2675707,1.992002508136511
2020-01-25,2.0308557,3.202658817134939
2020-01-26,2.0603745,2.4459689381816743
2020-01-27,3.3907015,1.8752920631813115
2020-01-28,3.4792085,2.7764023103307514
2020-01-29,2.9646928,3.396544766209262
2020-01-30,2.4709017,3.1421020805677196
2020-01-31,2.707667,3.2009924578199502
2020-02-01,2.2486782,2.7671625603438215
2020-02-02,2.4112675,1.7803187855805496
2020-02-03,2.9273164,2.7418508390733445
2020-02-04,3.6801975,3.238185104841421
2020-02-05,3.786643,3.423080978857022
2020-02-06,3.5313346,3.667778810165238
2020-02-07,3.0314994,3.767774270329398
2020-02-08,2.7757647,3.0043277448514507
2020-02-09,3.927263,2.8378336484557942
2020-02-10,3.6259353,3.5271384810284667
2020-02-11,3.593346,3.6238141451522887
2020-02-12,3.9860225,3.69450411952353
2020-02-13,2.7496505,3.790692844304367
2020-02-14,2.238628,2.6960431808361003
2020-02-15,3.4795516,2.965100406364084
2020-02-16,3.7439964,3.504798962657028
2020-02-17,4.1560473,4.045826299503818
2020-02-18,4.1489406,4.351081089644925
2020-02-19,3.681425,3.773078580841683
2020-02-20,3.9936154,3.0424298039501005
2020-02-21,2.1365254,3.950666378740674
2020-02-22,3.4133031,3.4203827302212524
2020-02-23,4.2283964,3.6909867540088643
2020-02-24,4.615684,4.193883067873039
2020-02-25,3.9588974,4.223196566181506
2020-02-26,4.5170007,3.6057108320173366
2020-02-27,3.5041704,4.322852857886788
2020-02-28,3.7574024,3.9878120890892115
2020-02-29,3.4799273,3.916839385896615
2020-03-01,4.371652,4.171280911368283
2020-03-02,4.9940305,4.0050579515414695
2020-03-03,5.262206,5.058985565502751
2020-03-04,5.764341,5.097631915419392
2020-03-05,3.9517965,5.464815569009224
2020-03-06,4.343979,4.602908351393106
2020-03-07,4.009148,3.9383013173348256
2020-03-08,2.9437675,3.1235974866765766
2020-03-09,4.0702662,3.509047922386333
2020-03-10,3.4646957,4.569053625808785
2020-03-11,4.524165,4.559380418195108
2020-03-12,4.934365,3.869584265639848
2020-03-13,5.2439322,4.415695867957815
2020-03-14,4.416732,4.639372953940714
2020-03-15,3.7339902,4.57651177171276
2020-03-16,3.611877,4.821506940741547
2020-03-17,4.713963,4.681654076167203
2020-03-18,4.3324203,4.224534387368292
2020-03-19,5.433885,3.0939107964234007
2020-03-20,4.3072357,4.392567181656613
2020-03-21,3.9275472,5.5865130530505125
2020-03-22,4.867029,4.93319430848309
2020-03-23,5.6143265,4.9204256432895015
2020-03-24,5.8097816,5.895540992973426
2020-03-25,5.963646,5.774187803063379
2020-03-26,6.219603,5.852861418569473
2020-03-27,6.002,5.976177542918693
2020-03-28,6.38512,5.919809483392094
2020-03-29,4.428679,4.817078628034533
2020-03-30,4.855882,5.7345934254137045
2020-03-31,4.873488,5.286932798058804
2020-04-01,5.4537334,4.28369084265837
2020-04-02,6.2490487,5.075543845652916
2020-04-03,4.3490515,6.111766372009831
2020-04-04,4.978003,5.241584194912651
2020-04-05,3.239219,5.0557723453125405
2020-04-06,4.238663,3.579319690181045
2020-04-07,4.439398,3.7626323797850643
2020-04-08,5.552736,4.192334939790056
2020-04-09,6.0260057,5.48405399409887
2020-04-10,5.274553,6.119218601069893
2020-04-11,5.8368926,5.732194652297167
2020-04-12,8.711114,6.458657236603504
2020-04-13,6.9129977,7.956897894222016
2020-04-14,7.241136,7.278381211872843
2020-04-15,2.2507584,5.787594129840729
2020-04-16,2.168181,3.7448699868546576
2020-04-17,5.905373,2.5168739142206342
2020-04-18,4.940635,4.528979395226376
2020-04-19,6.943634,5.2674260583797725
2020-04-20,6.65855,7.113180319394484
2020-04-21,6.589612,5.933608402863609
2020-04-22,6.8267303,6.670678286245621
2020-04-23,7.6590824,8.136994156876655
2020-04-24,6.5997295,6.962765039436246
2020-04-25,6.2260146,6.634378453982282
2020-04-26,4.3825564,5.650880366395366
2020-04-27,5.707681,5.265085318864887
2020-04-28,6.49348,6.09392411217067
2020-04-29,6.37869,6.672126960387947
2020-04-30,4.564781,5.390475859537328
2020-05-01,6.3855495,4.713853058807165
2020-05-02,6.423741,6.8067918224677655
2020-05-03,6.3609242,6.443314710566836
2020-05-04,6.4810605,6.945937448324097
2020-05-05,5.5307794,5.8764206779873955
2020-05-06,5.148903,5.543738993608125
2020-05-07,5.3964176,5.2460208357566716
2020-05-08,6.1003423,5.8006798062144185
2020-05-09,5.363083,5.886423068620612
2020-05-10,5.7291913,5.047597448242168
2020-05-11,5.1366153,5.185573886749648
2020-05-12,5.5597224,4.911087340591962
2020-05-13,5.258346,5.54289590945994
2020-05-14,5.6571474,5.112297808839173
2020-05-15,6.056496,6.333700323155879
2020-05-16,6.9012427,6.281759895036018
2020-05-17,6.4142857,6.96021852931239
2020-05-18,6.5975423,6.384432000443263
2020-05-19,7.254903,7.028958609594478
2020-05-20,6.803733,6.6735095162406575
2020-05-21,5.3937187,6.430409101434937
2020-05-22,5.6486034,5.664216908604038
2020-05-23,5.699648,5.62900748404256
2020-05-24,6.209951,5.950389843607364
2020-05-25,6.0983896,6.290041916985387
2020-05-26,5.5661054,5.720175419100699
2020-05-27,4.818646,5.815329505897955
2020-05-28,5.5542035,5.4295972417901535
2020-05-29,3.8733733,4.61765790428577
2020-05-30,5.4705462,4.5430803165193705
2020-05-31,5.4667907,5.18695257488197
2020-06-01,4.9768147,4.8427094245218925
2020-06-02,5.1315837,4.458099718770939
2020-06-03,5.69272,4.867244943596019
2020-06-04,5.5885215,5.999706953799645
2020-06-05,5.6239967,6.576584497513605
2020-06-06,5.733734,6.34143855387795
2020-06-07,6.4949946,6.059147580234036
2020-06-08,6.931492,6.107911013162804
2020-06-09,7.440853,6.441685423201648
2020-06-10,5.879525,6.916089680197211
2020-06-11,3.868248,5.875470508655731
2020-06-12,6.5519814,4.999611242055166
2020-06-13,6.062983,5.62328277660065
2020-06-14,5.4990554,5.980848555298306
2020-06-15,6.507004,5.888526379992021
2020-06-16,5.678392,6.235554059720316
2020-06-17,6.058247,6.033911982427741
2020-06-18,6.021926,5.946713409204036
2020-06-19,5.957268,5.623176487417932
2020-06-20,5.9695387,6.530115561795203
2020-06-21,6.1045885,6.018048884029517
2020-06-22,5.8050685,5.085896958691451
2020-06-23,5.9780746,6.306229947506914
2020-06-24,4.337375,5.833158178516515
2020-06-25,3.3701286,4.492054512909164
2020-06-26,3.85908,3.8993287039659883
2020-06-27,5.195054,4.1151631979367975
2020-06-28,5.6358237,4.606851973772752
2020-06-29,6.144123,5.213279546256805
2020-06-30,5.9882283,5.294270583534225
2020-07-01,5.809636,6.491510015440205
2020-07-02,6.1228304,6.22990634661379
2020-07-03,6.0894337,6.165257235571452
2020-07-04,6.572719,6.348874419650251
2020-07-05,6.8602962,6.461186748249225
2020-07-06,6.298122,6.130256421629853
2020-07-07,5.870084,5.086053167695013
2020-07-08,5.667029,6.587667345348772
2020-07-09,5.9944806,6.078497066771578
2020-07-10,6.2674065,6.515888564624035
2020-07-11,6.4792094,6.727953653998503
2020-07-12,6.9564905,6.48724111967951
2020-07-13,7.0912547,6.683865046789794
2020-07-14,6.89863,6.904326972931946
2020-07-15,6.8191833,6.4464324361020555
2020-07-16,5.7116213,6.783684439382828
2020-07-17,6.3347883,6.410573569565146
2020-07-18,5.9427586,6.384789936024322
2020-07-19,6.6252728,6.398201219060202
2020-07-20,6.3346343,6.665485463966231
2020-07-21,6.611149,6.340823163472368
2020-07-22,6.8449645,6.119642831577952
2020-07-23,6.578366,6.685453527824499
2020-07-24,6.4956694,6.420988122155713
2020-07-25,5.7062826,5.991396137279037
2020-07-26,3.7628987,5.937784505047706
2020-07-27,2.16649,3.7929861830263802
2020-07-28,3.0737572,2.7768454672299265
2020-07-29,2.1908605,2.5605775211848845
2020-07-30,4.9610286,3.1261107474107837
2020-07-31,5.277218,4.811054310575557
2020-08-01,5.779271,5.365462852955816
2020-08-02,5.0742264,5.3019520478044
2020-08-03,5.6325064,5.299012058213116
2020-08-04,5.3859434,5.257190866369167
2020-08-05,5.4666386,5.59032994979604
2020-08-06,5.636218,5.753533545401799
2020-08-07,5.007472,5.555658002825048
2020-08-08,4.6057286,5.071666749935472
2020-08-09,3.5051334,4.507310725035846
2020-08-10,3.9785354,4.004629079222004
2020-08-11,5.1139793,4.273892548917441
2020-08-12,5.3720694,4.910067062855098
2020-08-13,5.6408324,4.884547104804082
2020-08-14,6.1103635,5.371853768578993
2020-08-15,5.7208176,5.775489620541768
2020-08-16,5.37768,5.639674244449631
2020-08-17,5.403713,5.756333694787353
2020-08-18,5.149814,5.238045608190241
2020-08-19,4.564311,4.783439691462508
2020-08-20,5.375374,4.957681541403041
2020-08-21,5.7405615,4.830782479577368
2020-08-22,5.726726,5.970184187300056
2020-08-23,5.4138145,5.5595190018744916
2020-08-24,5.629359,5.841156961642792
2020-08-25,3.991477,4.974814072481964
2020-08-26,5.130392,4.5250525781894675
2020-08-27,5.460133,5.3536399968869
2020-08-28,5.7746487,5.6503519397389566
2020-08-29,6.100449,5.352373917979934
2020-08-30,5.9315286,5.902344423390007
2020-08-31,5.8711414,6.12878236266004
2020-09-01,6.2249513,5.976705074735928
2020-09-02,6.2606134,5.999012409684217
2020-09-03,5.8419814,5.6613968031808035
2020-09-04,4.9508,5.675777467647519
2020-09-05,2.273858,4.675401910066792
2020-09-06,3.7202775,3.223401356676532
2020-09-07,4.565366,3.7022636197159557
2020-09-08,5.117317,4.809543404739805
2020-09-09,4.737092,4.837482562735822
2020-09-10,3.4825323,4.481336017059224
2020-09-11,4.031135,3.7663739807876357
2020-09-12,5.0270596,4.518790452542245
2020-09-13,5.105682,4.686101504728337
2020-09-14,4.126465,4.864234630017877
2020-09-15,3.9154642,3.8971176824133726
2020-09-16,3.9452803,3.5432263069600856
2020-09-17,4.4328003,3.9713404059377115
2020-09-18,5.2363043,4.531839409361079
2020-09-19,5.15919,5.257378335241918
2020-09-20,4.701275,5.200938495008013
2020-09-21,5.2796364,4.966367332225878
2020-09-22,5.2921395,4.770795275672481
2020-09-23,5.4710155,5.539294980849239
2020-09-24,5.402114,5.419762341260584
2020-09-25,5.3970556,5.373179773219222
2020-09-26,5.2121105,5.208152836526662
2020-09-27,5.434929,5.481120065507137
2020-09-28,6.19628,5.620373971064907
2020-09-29,6.5849423,5.977768158248354
2020-09-30,4.8464675,5.8267949341647896
2020-10-01,4.9172425,5.305768073993447
2020-10-02,4.3702354,4.286795741520166
2020-10-03,4.8994064,4.73407893419698
2020-10-04,5.207951,4.561492664913178
2020-10-05,4.9081774,5.274854038276378
2020-10-06,4.445363,4.550346103489577
2020-10-07,5.132061,4.921869434955339
2020-10-08,5.278874,4.771702150679262
2020-10-09,5.211064,5.566201176953328
2020-10-10,5.534358,4.821462053887423
2020-10-11,5.3709674,5.521364859983263
2020-10-12,4.5632024,6.042732271068917
2020-10-13,3.4152837,4.667612223634667
2020-10-14,4.1177382,3.6222193067235526
2020-10-15,4.728206,3.9948694854326487
2020-10-16,3.6745975,4.404526842163077
2020-10-17,4.11639,3.6373738107787137
2020-10-18,4.707819,4.048933029669987
2020-10-19,4.4640694,4.311314922892589
2020-10-20,4.036807,4.72567487407061
2020-10-21,4.4215875,4.422171079077383
2020-10-22,4.5136724,4.462662732204589
2020-10-23,4.676938,4.371096662557371
2020-10-24,4.2953563,4.431497568903548
2020-10-25,4.982541,3.747980638944136
2020-10-26,4.5753155,4.861474073858108
2020-10-27,4.097611,5.0369274471405445
2020-10-28,3.5590227,4.176538025174778
2020-10-29,3.4679177,3.485604971493444
2020-10-30,3.9143343,3.6420605340998367
2020-10-31,3.8390992,3.2168965143447315
2020-11-01,4.1424923,3.754733715730281
2020-11-02,3.9826508,4.006012857070191
2020-11-03,3.7852423,4.3546317431822565
2020-11-04,3.7521842,4.1034895426496885
2020-11-05,3.6301713,3.629780467438769
2020-11-06,3.4265702,3.7463320584515776
2020-11-07,3.618625,3.3889181956035124
2020-11-08,4.041859,3.7725855506826447
2020-11-09,3.9410982,3.824288752282839
2020-11-10,3.9703078,3.8040769587123
2020-11-11,3.5244722,3.530628651357011
2020-11-12,3.8331845,3.3887780209728073
2020-11-13,3.642251,3.2195447340803582
2020-11-14,4.108108,4.4364748098604245
2020-11-15,3.5505826,3.883837647209005
2020-11-16,3.041196,3.5225012245960183
2020-11-17,3.244998,3.0186210662867268
2020-11-18,3.0055945,3.2594274201060807
2020-11-19,3.0396683,3.271703118288176
2020-11-20,2.7645218,2.739593926068695
2020-11-21,1.3832222,2.611374148827166
2020-11-22,2.9078345,1.6706978936511492
2020-11-23,3.1011248,2.6832574842134655
2020-11-24,3.8692665,3.7134787922093486
2020-11-25,3.4631994,3.3209506773169695
2020-11-26,3.501814,3.3614424911292655
2020-11-27,3.6006858,3.4270100149054326
2020-11-28,3.1916966,3.253878145961854
2020-11-29,2.2137122,3.278605626603447
2020-11-30,3.0168364,3.2865418083946616
2020-12-01,2.942539,2.481489862106063
2020-12-02,3.2290587,3.090294696736467
2020-12-03,3.2793071,2.9838396724108067
2020-12-04,2.2381582,2.8308995109829334
2020-12-05,1.8021597,2.5438391096744972
2020-12-06,1.7345167,1.7718259892821044
2020-12-07,2.302875,1.7192556924827356
2020-12-08,2.6968236,2.6888783721134986
2020-12-09,2.9945312,2.9143484725350532
2020-12-10,3.24411,3.360383145733733
2020-12-11,3.1800947,2.9069273543058434
2020-12-12,2.8936172,2.648641112170279
2020-12-13,3.8583198,3.1421060004873445
2020-12-14,3.7171497,3.462483849759815
2020-12-15,3.6865675,3.7848700829388924
2020-12-16,3.774542,3.7166903183159437
2020-12-17,1.9092396,3.3378961233258884
2020-12-18,3.1404564,2.4029292828376296
2020-12-19,3.1408896,3.001785683030841
2020-12-20,3.1657348,3.237800557966196
2020-12-21,2.1872752,2.7942485837790625
2020-12-22,3.2076976,2.637936978994779
2020-12-23,3.4941642,3.298933969760467
2020-12-24,4.107617,3.5092069703831865
2020-12-25,2.7833855,3.3453938393326483
2020-12-26,2.7809968,2.895730562419121
2020-12-27,3.018383,3.07882989817683
2020-12-28,3.0884943,3.342516498027925
2020-12-29,3.278274,3.1285477893464413
2020-12-30,3.2734523,3.3678336208471658
2020-12-31,3.4156601,3.3857609384146703
2021-01-01,1.9286382,3.3190973944563162
2021-01-02,1.985123,2.851190921850174
2021-01-03,2.8336954,1.897428251867191
2021-01-04,2.9275193,2.5649702800879055
2021-01-05,2.7809002,2.6618023880184882
2021-01-06,3.6557338,2.940546576326666
2021-01-07,3.3721945,3.227483536816443
2021-01-08,3.0263886,3.6235385385454237
2021-01-09,1.7516176,2.7839230717167456
2021-01-10,3.8339918,2.979061407316128
2021-01-11,1.6040472,2.3113525723261477
2021-01-12,1.5079668,2.17676023169376
2021-01-13,2.2496924,1.5829401936424947
2021-01-14,2.7090418,2.2973317447782016
2021-01-15,3.3531675,2.9475771180953494
2021-01-16,3.0200462,2.9498506730644847
2021-01-17,2.9880533,3.040537451733825
2021-01-18,3.4413652,3.156138094139481
2021-01-19,2.893146,3.0690530630508683
2021-01-20,1.0267649,2.4572310136896593
2021-01-21,3.0364182,1.9634449983072326
2021-01-22,3.1276734,2.1520747401479174
2021-01-23,3.1938803,2.5725132635382986
2021-01-24,3.0646958,4.018975350077543
2021-01-25,4.2020645,3.41061828042976
2021-01-26,3.8255913,3.6425843080277014
2021-01-27,3.9771876,3.6351079586594874
2021-01-28,2.4296937,4.00926519549027
2021-01-29,3.1620793,2.97217415560526
2021-01-30,3.9870381,3.6182662008150586
2021-01-31,4.3777037,3.7723143174017366
2021-02-01,3.4207356,3.5518580730671165
2021-02-02,3.5289094,3.993721561548177
2021-02-03,3.701761,4.046621019291562
2021-02-04,3.9679465,3.6949359739960164
2021-02-05,4.211304,3.877885288324007
2021-02-06,4.361623,4.2982878103452125
2021-02-07,3.9588976,4.080108209110584
2021-02-08,4.2204943,3.986819460840504
2021-02-09,3.6379688,4.092571566462382
2021-02-10,4.023837,3.8118751778030506
2021-02-11,4.0204444,4.047882035120423
2021-02-12,2.2879236,3.9265695369678504
2021-02-13,2.19383,2.4244043994965434
2021-02-14,2.8564892,2.848147992242886
2021-02-15,2.6261725,3.0427220320668855
2021-02-16,2.4704971,3.1365849935465286
2021-02-17,3.7357957,2.912462298272898
2021-02-18,3.1895616,3.0337468825973457
2021-02-19,2.5145483,2.4718507075503595
2021-02-20,3.641627,2.760574741350621
2021-02-21,4.277607,4.06818658759919
2021-02-22,3.3211772,4.48642546287761
2021-02-23,4.275302,3.8282520413925627
2021-02-24,4.626514,3.874783255555562
2021-02-25,4.5029125,3.950144612969349
2021-02-26,4.672699,4.422804749427869
2021-02-27,4.9524503,4.8164435761874085
2021-02-28,5.0358524,4.995336101471636
2021-03-01,5.447248,5.575343699516073
2021-03-02,2.5349667,5.185133969181361
2021-03-03,4.4656453,3.757473776638946
2021-03-04,4.7319856,4.140454372627575
2021-03-05,5.110764,4.456373038900692
2021-03-06,4.9476433,5.072457482215083
2021-03-07,3.397368,4.499305733079089
2021-03-08,2.1037652,2.8848614001029125
2021-03-09,3.6996343,2.860298762025888
2021-03-10,5.1984167,4.109957085138539
2021-03-11,5.125751,5.595601327328307
2021-03-12,4.6365833,4.609420659950148
2021-03-13,4.3530903,4.447963842340806
2021-03-14,5.5784197,4.042157499756162
2021-03-15,5.049384,5.178720587456778
2021-03-16,5.921243,5.91004803519006
2021-03-17,6.682982,6.602695253765139
2021-03-18,5.888834,6.178292411561943
2021-03-19,5.2631607,4.776713354138712
2021-03-20,4.7183585,4.811420047340482
2021-03-21,4.996216,6.000094662406635
2021-03-22,6.0641065,5.793490380007951
2021-03-23,6.3725185,6.010378372470596
2021-03-24,7.428396,6.759260759865406
2021-03-25,6.705066,7.152682327382589
2021-03-26,6.103938,6.7969246074112615
2021-03-27,6.228641,6.19759508373318
2021-03-28,6.1101236,6.144788984956693
2021-03-29,3.78536,4.701116543396097
2021-03-30,6.0585394,5.25901820225645
2021-03-31,6.05838,5.955771316316392
2021-04-01,4.2620068,5.304434507157389
2021-04-02,2.2920275,4.587568553163778
2021-04-03,4.7997828,3.2581930375288772
2021-04-04,4.6738544,4.641269185699456
2021-04-05,5.9749603,4.657417959905169
2021-04-06,6.2255874,5.3181554182095105
2021-04-07,6.7080927,5.670643752090095
2021-04-08,6.736477,6.3463020581431
2021-04-09,7.3837295,6.976408361557814
2021-04-10,7.544823,7.5197662248778165
2021-04-11,6.5661874,7.72581991339286
2021-04-12,6.632687,7.590115279701327
2021-04-13,6.393017,6.899483845071221
2021-04-14,6.378918,6.587451583229726
2021-04-15,5.9649634,4.97986021238894
2021-04-16,6.7767677,6.020718740833589
2021-04-17,4.8704314,6.3834540878581985
2021-04-18,2.9127243,5.053133259686554
2021-04-19,4.098025,4.05128616674075
2021-04-20,5.731687,4.785879308549596
2021-04-21,4.120407,4.561288532251184
2021-04-22,5.5047975,4.550374853862466
2021-04-23,7.219696,6.561112462763372
2021-04-24,7.2000675,6.161877713544032
2021-04-25,6.7508245,6.789009150669393
2021-04-26,6.914268,6.05794219845288
2021-04-27,6.7225466,7.120979903458723
2021-04-28,7.204476,7.376307543723373
2021-04-29,7.0700865,7.564872138199335
2021-04-30,5.0248857,6.145918144527131
2021-05-01,3.7241447,5.267899908859814
2021-05-02,6.7385345,5.168170622155486
2021-05-03,7.8754954,6.136758323394105
2021-05-04,8.509129,7.881237169976531
2021-05-05,6.1285353,7.5568969554805
2021-05-06,5.855826,6.4858908809895475
2021-05-07,5.360612,6.027766372425438
2021-05-08,6.402139,6.024924110946881
2021-05-09,6.7700996,6.163551595177852
2021-05-10,6.139644,6.095214773672771
2021-05-11,5.031501,5.798698434984096
2021-05-12,3.557045,5.034433299341394
2021-05-13,5.1331005,4.216472442351241
2021-05-14,4.5772233,4.604976862305164
2021-05-15,5.447751,5.435912102560216
2021-05-16,5.6216364,5.58107488256284
2021-05-17,6.5263333,5.864757805707779
2021-05-18,5.9327264,6.112390569009527
2021-05-19,7.235385,6.489077968726708
2021-05-20,6.6203537,6.488472505728349
2021-05-21,6.53251,6.246502509888771
2021-05-22,5.6731143,6.382279223115735
2021-05-23,5.7667055,5.874125965843454
2021-05-24,6.158628,6.074085686241592
2021-05-25,5.8566127,6.294389603711049
2021-05-26,5.669858,5.55668680280174
2021-05-27,6.5778255,5.83407696070927
2021-05-28,6.9528193,6.63517322169073
2021-05-29,4.93254,5.954870833178519
2021-05-30,4.6327047,5.690689063222046
2021-05-31,5.3084884,4.980650955449135
2021-06-01,5.0030823,4.669139310771188
2021-06-02,4.209075,4.4208021472194785
2021-06-03,2.8233087,4.226307706581016
2021-06-04,4.258253,3.839137512492176
2021-06-05,5.833331,4.98221058426331
2021-06-06,6.7323546,5.977042199260813
2021-06-07,6.7210884,6.624214347428239
2021-06-08,6.4946575,6.441826677713812
2021-06-09,6.0607605,6.250014189306608
2021-06-10,5.558085,5.914014924298375
2021-06-11,6.074566,5.337531508484167
2021-06-12,4.8791656,6.33302510400665
2021-06-13,4.3301525,4.9067004177176035
2021-06-14,5.4097886,4.571270290053792
2021-06-15,5.7180223,5.37928967846258
2021-06-16,5.7249894,5.535554756757189
2021-06-17,5.247556,5.843028945350204
2021-06-18,5.01366,5.3331733817383755
2021-06-19,3.8405733,4.7404664887515775
2021-06-20,6.4378552,4.805931604302857
2021-06-21,6.3949676,5.788966152082468
2021-06-22,3.984652,5.2110435813111415
2021-06-23,5.1344166,5.104665873468284
2021-06-24,5.5050206,4.875655996046569
2021-06-25,5.41711,4.983724686587292
2021-06-26,5.635653,5.4515905473645745
2021-06-27,5.0421953,5.8203864169315
2021-06-28,4.037479,5.0450193322459125
2021-06-29,4.408581,4.262716670413453
2021-06-30,2.690615,3.808417853335116
2021-07-01,4.6695642,3.7701886951561763
2021-07-02,5.3098845,4.586864434513591
2021-07-03,5.1601415,5.088271107221499
2021-07-04,5.6716743,5.372603149864293
2021-07-05,5.1068635,5.536213682945604
2021-07-06,4.235779,4.640343444494463
2021-07-07,2.0633106,3.2057909775448135
2021-07-08,3.766008,3.393686263173331
2021-07-09,3.068271,3.7662062014364457
2021-07-10,4.575573,3.7849566680196705
2021-07-11,5.106761,4.705599619107445
2021-07-12,4.611449,4.908068160669151
2021-07-13,4.116805,4.582434046642457
2021-07-14,5.093793,4.207570519716307
2021-07-15,4.7063622,4.357890162780689
2021-07-16,4.837555,4.678586044243107
2021-07-17,5.3737354,5.144935703763565
2021-07-18,5.5306306,5.326853443206785
2021-07-19,5.7499623,5.780651895217881
2021-07-20,6.0941396,5.872164659923247
2021-07-21,5.5142636,5.924483346222583
2021-07-22,4.866756,5.239228067012969
2021-07-23,5.424094,5.056435608334736
2021-07-24,6.378088,5.115707059209273
2021-07-25,6.280013,5.496026522707934
2021-07-26,6.163249,6.171451335975652
2021-07-27,5.9771695,5.504149221011267
2021-07-28,5.5876775,5.9197024534297285
2021-07-29,5.122051,5.274552493937023
2021-07-30,5.2473373,5.988208472693858
2021-07-31,5.606863,5.916680188492725
2021-08-01,6.2933555,5.941934925012246
2021-08-02,5.928981,5.835881033673939
2021-08-03,5.439886,6.051717175965789
2021-08-04,4.801275,5.365263352350242
2021-08-05,5.5151105,5.226011315348051
2021-08-06,5.85091,5.670703396735586
2021-08-07,5.746983,5.675712978843993
2021-08-08,5.4160695,5.614138723581002
2021-08-09,5.5573654,5.232446815456906
2021-08-10,5.6063256,5.634733154718705
2021-08-11,5.854526,5.902418755916292
2021-08-12,6.0614657,5.933065802471228
2021-08-13,6.150223,5.6800569906325755
2021-08-14,6.018022,5.972254324610895
2021-08-15,5.7617173,5.903498258075523
2021-08-16,5.8307657,5.708281900350494
2021-08-17,5.9396048,6.087123095191139
2021-08-18,5.9633646,5.708697624408976
2021-08-19,5.920194,5.487919751327841
2021-08-20,5.235111,6.106363713585025
2021-08-21,3.411629,5.100512266905925
2021-08-22,4.2139792,4.467844483104052
2021-08-23,5.326129,4.050082532172252
2021-08-24,5.398423,5.301235280215604
2021-08-25,5.0773497,4.645594682458991
2021-08-26,5.2688036,5.1608071801881445
2021-08-27,5.7285166,5.650248429250968
2021-08-28,5.6369348,5.9277134062504295
2021-08-29,4.6022677,5.346688835306361
2021-08-30,5.258112,4.878902233188378
2021-08-31,5.2746544,5.344028236027166
2021-09-01,5.3146853,5.320333321364158
2021-09-02,4.954187,5.169506097580314
2021-09-03,4.334698,4.506671034258461
2021-09-04,4.1876216,4.280636995442084
2021-09-05,5.1989474,3.711206509711273
2021-09-06,5.0923867,4.91137163912385
2021-09-07,5.3040757,5.17484316439232
2021-09-08,5.0815015,5.781685332320291
2021-09-09,5.1023283,5.122282154669262
2021-09-10,5.346418,4.820986689946858
2021-09-11,4.4290957,5.145424964819076
2021-09-12,4.8956804,5.228820237242601
2021-09-13,4.3051157,4.822361008201772
2021-09-14,5.150858,4.3616575928628105
2021-09-15,4.825837,4.435806003430883
2021-09-16,3.5942829,4.335372235414952
2021-09-17,4.5197268,3.9839585649929994
2021-09-18,4.665502,4.595129617951585
2021-09-19,5.180363,4.888270692352339
2021-09-20,5.400476,5.097969481686487
2021-09-21,4.851352,5.410410916492988
2021-09-22,3.7540243,4.619984417134491
2021-09-23,4.3154216,4.442459042049929
2021-09-24,3.880536,4.282858406373129
2021-09-25,3.9549062,3.9739604239357056
2021-09-26,4.4863567,3.7796587971365425
2021-09-27,5.4448795,4.531835865893864
2021-09-28,5.0724525,5.3252072975581815
2021-09-29,4.3800716,5.117524377092155
2021-09-30,3.4771082,4.049628491332877
2021-10-01,4.146986,3.806691862483376
2021-10-02,1.9641067,3.284713380275333
2021-10-03,3.213315,2.774554856466993
2021-10-04,3.3130922,2.7884267156124474
2021-10-05,3.9134486,3.4187355904015844
2021-10-06,4.350066,3.2816230715695953
2021-10-07,4.541513,4.453324433734877
2021-10-08,4.6279297,4.219961348010356
2021-10-09,4.8190713,4.9468119181170165
2021-10-10,5.0579696,4.357138155891803
2021-10-11,4.7094297,5.048813984269789
2021-10-12,4.8477736,5.441308248423828
2021-10-13,4.188989,4.670362552995034
2021-10-14,4.0422983,4.150696195775542
2021-10-15,4.10518,4.111525830490094
2021-10-16,3.6222625,4.016781932565847
2021-10-17,3.57778,3.478350298276637
2021-10-18,4.178678,3.631063403593461
2021-10-19,4.294946,3.817567562183382
2021-10-20,4.309031,4.453293798189966
2021-10-21,3.921471,4.521164939069341
2021-10-22,3.894365,4.153113629196034
2021-10-23,4.208581,3.8503184090127793
2021-10-24,4.0444736,3.9464662087241833
2021-10-25,2.9152837,3.422619005910268
2021-10-26,4.5203915,3.3482858484271345
2021-10-27,5.0001674,4.518152984455886
2021-10-28,3.9483693,4.626991873193165
2021-10-29,3.6658604,3.894388807264683
2021-10-30,3.9568253,3.907068418019984
2021-10-31,3.6928139,3.3301665665164153
2021-11-01,3.7123055,3.6910088104196905
2021-11-02,3.8635976,3.6923917083022086
2021-11-03,3.9176347,4.173689598966201
2021-11-04,3.280874,4.13621524947588
2021-11-05,2.7642481,3.3187960057909556
2021-11-06,3.2580268,3.056925970890517
2021-11-07,3.5594761,3.0546967284885955
2021-11-08,3.4709156,3.6259404787143272
2021-11-09,3.4396899,3.388307845471969
2021-11-10,3.649989,3.3234800631768473
2021-11-11,3.6468437,3.159327959646551
2021-11-12,3.3492045,3.35412031447164
2021-11-13,2.574201,2.878486949396942
2021-11-14,3.4624946,3.5996693737712455
2021-11-15,3.4049213,3.1774091268658786
2021-11-16,3.593859,3.19846886534273
2021-11-17,3.4657958,3.292421333213344
2021-11-18,3.4989512,3.497084454609433
2021-11-19,3.1177974,3.683725855616571
2021-11-20,3.2217698,2.9239292372046037
2021-11-21,3.418035,2.9818129990283713
2021-11-22,3.1546516,3.176100034356531
2021-11-23,2.6533978,3.330410300166591
2021-11-24,3.4098673,3.614015501873287
2021-11-25,2.6510508,2.9760413175185496
2021-11-26,2.3004348,2.69791519984621
2021-11-27,2.7326677,2.3967128810020863
2021-11-28,2.8858385,2.3342416878237824
2021-11-29,2.810561,2.7775144743044184
2021-11-30,3.1896195,3.534153518628313
2021-12-01,3.0623646,2.6780747431810523
2021-12-02,3.0580246,3.2345361928646987
2021-12-03,3.208268,2.913089683200892
2021-12-04,3.1414366,2.7599523721699675
2021-12-05,3.1702282,3.137231990367292
2021-12-06,3.1732206,2.89348259929224
2021-12-07,2.9958332,3.057111934570308
2021-12-08,2.9190004,3.5869682962139517
2021-12-09,3.6115425,3.351522397034632
2021-12-10,3.4126647,3.9201910607516917
2021-12-11,4.256145,3.1999334272188373
2021-12-12,2.560219,3.4756176019985174
2021-12-13,2.9635172,3.177804379386259
2021-12-14,2.8123078,2.8636586875942225
2021-12-15,2.9270065,2.977367199215341
2021-12-16,3.0430574,2.941879774050096
2021-12-17,3.137788,2.5926302347827663
2021-12-18,2.9117327,3.003639014487543
2021-12-19,2.1990275,3.036891454960229
2021-12-20,1.9451127,2.606696269326582
2021-12-21,2.6069875,1.7611426446846754
2021-12-22,2.6598418,2.5955310978773647
2021-12-23,3.0656395,2.9118536824095873
2021-12-24,3.0904076,3.0938650735041406
2021-12-25,3.0487516,2.5196288388991763
2021-12-26,2.9114091,2.8140253591054663
2021-12-27,3.1400623,3.141771022335283
2021-12-28,3.4089568,3.4455121262669577
2021-12-29,3.8016188,3.379837565320594
2021-12-30,3.3964298,3.8046420808396855
2021-12-31,3.3078437,3.6085630336080685
2022-01-01,3.9001756,3.316445434804722
2022-01-02,4.5943995,4.1947703488093815
2022-01-03,2.515481,4.104106812848469
2022-01-04,2.8383808,3.0498838365058725
2022-01-05,2.750939,2.755260640423595
2022-01-06,2.8688042,2.9498431249472334
2022-01-07,1.9492849,2.693820704601863
2022-01-08,3.3965893,2.4834840733586816
2022-01-09,3.1805253,2.6737358250060517
2022-01-10,3.3283286,3.918407689469391
2022-01-11,1.5531441,2.265323712958756
2022-01-12,2.2928126,2.1274075494792872
2022-01-13,2.701144,2.1024408358150843
2022-01-14,3.2957046,2.770428653631262
2022-01-15,3.7616763,3.498116429491391
2022-01-16,2.9731863,3.4035371007329616
2022-01-17,2.9420338,3.152893310752826
2022-01-18,3.2426128,3.1604952559381028
2022-01-19,3.2368712,2.934906557019576
2022-01-20,3.2680287,2.6489528876644055
2022-01-21,1.8372017,3.5527823831177154
2022-01-22,1.3467778,1.8398525080076706
2022-01-23,1.2278504,1.2587791071224936
2022-01-24,2.762327,2.2604302640160316
2022-01-25,2.707611,2.645063158630805
2022-01-26,1.9746404,2.3799816918312153
2022-01-27,1.6512766,1.971301211853415
2022-01-28,2.368228,1.893958938901955
2022-01-29,1.987011,2.257414714707514
2022-01-30,3.3350372,2.5896147665178324
2022-01-31,3.5241342,3.0005069232507457
2022-02-01,3.36915,2.7242957873702416
2022-02-02,4.205017,3.695310222831568
2022-02-03,4.047592,4.412749774276398
2022-02-04,2.63804,4.047223364542797
2022-02-05,2.4935918,3.08305768587966
2022-02-06,3.240675,2.8741303994928264
2022-02-07,2.8492618,2.862714158325967
2022-02-08,1.672844,2.8429074896186064
2022-02-09,3.1323414,1.9914279154224264
2022-02-10,2.6899288,2.798739647493564
2022-02-11,2.4120593,2.8160064767042803
2022-02-12,4.481979,2.4379460831004662
2022-02-13,3.1635082,3.4470587194377904
2022-02-14,3.0352616,3.834677046451846
2022-02-15,3.7533672,3.478428868807713
2022-02-16,4.2288136,4.043828494247162
2022-02-17,4.9458666,4.400066127251604
2022-02-18,4.7470546,4.332096555992154
2022-02-19,2.758794,3.946914371463472
2022-02-20,3.6730897,3.3963238960985267
2022-02-21,4.313969,4.291863117060295
2022-02-22,4.452522,4.582369210053965
2022-02-23,4.566727,4.630252372843464
2022-02-24,4.126805,4.328614079986227
2022-02-25,2.6505485,3.7537413381649816
2022-02-26,2.8988883,3.0971752976819578
2022-02-27,3.0451262,3.1851921432760677
2022-02-28,3.4891396,3.1758262891773876
2022-03-01,4.100381,3.941858544963215
2022-03-02,4.3111725,3.747098330097185
2022-03-03,3.841077,4.511280926115466
2022-03-04,3.7349749,3.9543251966606405
2022-03-05,5.002881,3.717290746788142
2022-03-06,5.099603,4.7638001102963825
2022-03-07,5.4171133,4.504750529533993
2022-03-08,4.1090417,4.263890015419802
2022-03-09,3.3939776,4.666375854263553
2022-03-10,5.1255617,4.47600903652563
2022-03-11,6.6955924,5.662355588811021
2022-03-12,4.091399,5.701154147898439
2022-03-13,4.2841244,4.423456837734829
2022-03-14,4.989402,3.9873332619325015
2022-03-15,5.692563,4.759621259775855
2022-03-16,5.60086,6.215333336038789
2022-03-17,6.4901423,6.481327305813185
2022-03-18,6.209006,6.008186729490518
2022-03-19,3.8670838,4.940935886829466
2022-03-20,4.2313986,3.9116493725675916
2022-03-21,6.2151604,5.381826275288086
2022-03-22,6.49226,6.428046858125106
2022-03-23,5.681249,6.504185349549606
2022-03-24,5.025889,6.444945081061668
2022-03-25,5.417648,5.414395495812334
2022-03-26,5.680782,5.3660924630377345
2022-03-27,5.696387,5.45391346358831
2022-03-28,5.7796435,5.545283249842441
2022-03-29,6.37674,4.285063703186123
2022-03-30,7.0753345,6.893782049649248
2022-03-31,6.4473853,7.169132363624034
2022-04-01,5.6393614,5.955654148938957
2022-04-02,6.0379457,5.733951268269473
2022-04-03,5.625014,6.177240692547215
2022-04-04,6.723894,6.132509818848184
2022-04-05,6.9374924,6.529712571038523
2022-04-06,7.3021927,6.570068382073728
2022-04-07,7.033628,6.80301160842739
2022-04-08,5.61723,6.928477854092296
2022-04-09,6.045633,6.3983566655134965
2022-04-10,6.769305,6.423427787268455
2022-04-11,7.250565,6.848254077085207
2022-04-12,6.459893,7.777663723153108
2022-04-13,7.243197,6.841308997317672
2022-04-14,7.080958,7.148698474473525
2022-04-15,6.469718,5.637116182963862
2022-04-16,6.3235817,6.573981580913386
2022-04-17,6.4632406,6.250403321635056
2022-04-18,5.8272114,6.0969740835722455
2022-04-19,5.4386744,6.3707506885454155
2022-04-20,6.259653,6.437874100871427
2022-04-21,4.4672465,5.446790063405589
2022-04-22,4.6793137,5.068554107404717
2022-04-23,6.1608152,6.1630263303029755
2022-04-24,5.842001,5.313185099589047
2022-04-25,4.8010397,5.592966314087212
2022-04-26,3.7220933,4.347910628809488
2022-04-27,4.5750756,4.40025116213952
2022-04-28,4.70854,5.04649245020079
2022-04-29,5.8349957,5.121776534179638
2022-04-30,6.0077925,4.526580390136994
2022-05-01,4.4319563,5.423074450788235
2022-05-02,5.2336216,5.700197238299266
2022-05-03,5.5238285,5.279763215075847
2022-05-04,6.149925,6.005001394943305
2022-05-05,6.1572537,5.351317401250632
2022-05-06,5.818231,5.8039149357322914
2022-05-07,6.514184,5.785204128314858
2022-05-08,6.898319,6.734408199489319
2022-05-09,6.873853,6.727580204852548
2022-05-10,4.719897,6.345374335769547
2022-05-11,5.555295,4.910121930111614
2022-05-12,6.584034,5.108974893103111
2022-05-13,7.0040317,6.304335274677373
2022-05-14,6.5503764,6.544910535061312
2022-05-15,6.992403,7.398498635545495
2022-05-16,7.015527,7.258665154679574
2022-05-17,7.283208,7.348888721654371
2022-05-18,6.6445413,7.100593807258164
2022-05-19,6.859203,7.28880756673694
2022-05-20,7.12403,6.486329125549906
2022-05-21,7.0722632,6.589285682022117
2022-05-22,6.1430106,6.859379415903452
2022-05-23,5.482519,6.3463137088193315
2022-05-24,5.6816564,6.030489702260888
2022-05-25,6.703907,5.95526783649511
2022-05-26,5.6280923,6.026601179774358
2022-05-27,6.4852633,5.955068487088508
2022-05-28,6.589991,6.610539036921659
2022-05-29,7.065451,5.699616656791242
2022-05-30,6.9200783,7.063963022026524
2022-05-31,6.013163,6.9772641204267
2022-06-01,5.6959753,5.784758848167628
2022-06-02,5.6346087,5.2481576788777025
2022-06-03,6.508417,5.4615705243961825
2022-06-04,6.453644,6.7449892559205065
2022-06-05,7.2417297,7.4035877525288605
2022-06-06,7.485707,7.707653103823503
2022-06-07,7.326532,7.688417004211401
2022-06-08,6.9509106,7.193194176078454
2022-06-09,5.246048,6.80013844629209
2022-06-10,6.6546965,5.5334351073654435
2022-06-11,6.5242877,5.9642721421734155
2022-06-12,6.45826,6.839053686997378
2022-06-13,5.344526,6.144469791486677
2022-06-14,4.567664,5.656702435182655
2022-06-15,4.58698,5.150289964728734
2022-06-16,5.0191393,4.6914377364225075
2022-06-17,5.9542003,5.093198355235444
2022-06-18,5.57153,5.576536378254761
2022-06-19,5.3430085,5.198296854803573
2022-06-20,5.43286,5.9760947609185475
2022-06-21,4.5984125,5.475853939736173
2022-06-22,3.9312391,3.8863478717386064
2022-06-23,5.5570464,4.646878301041828
2022-06-24,6.073768,5.018239150237519
2022-06-25,6.12604,5.416916074753465
2022-06-26,5.9755173,6.072812517151316
2022-06-27,5.9675975,6.249746078928755
2022-06-28,6.0692143,5.812638356362945
2022-06-29,5.4649158,5.892356857384184
2022-06-30,5.818165,5.047111901801104
2022-07-01,6.5068064,6.296923911196389
2022-07-02,5.559248,6.643423304759019
2022-07-03,5.68576,5.912474470442446
2022-07-04,5.4199495,5.993196706229428
2022-07-05,5.6756487,5.561959361591356
2022-07-06,6.4858246,5.036396482035856
2022-07-07,5.804452,4.866111277521893
2022-07-08,6.232859,6.472951844039921
2022-07-09,6.4743595,6.427856457319155
2022-07-10,6.9233246,6.954251302415379
2022-07-11,7.0238795,7.314670882296695
2022-07-12,6.456805,7.0452857368466475
2022-07-13,6.281458,6.520626533088036
2022-07-14,5.3893905,6.300190062819458
2022-07-15,4.0642843,5.225091553838331
2022-07-16,5.45657,4.516585680819604
2022-07-17,5.8460693,5.515522242618392
2022-07-18,6.217479,5.766823139443657
2022-07-19,6.7266026,6.388972138911632
2022-07-20,6.8602767,6.7316482572259755
2022-07-21,6.7828007,6.720312469697217
2022-07-22,5.6414433,6.357404340992347
2022-07-23,5.8438225,5.940381242343681
2022-07-24,5.617556,5.683095584738572
2022-07-25,5.238458,5.157884744500224
2022-07-26,5.935147,5.353640800191905
2022-07-27,5.2777233,5.088470393702693
2022-07-28,5.4373894,5.310518103328289
2022-07-29,5.100988,4.978296856627078
2022-07-30,5.497935,5.879611108097366
2022-07-31,5.5082393,6.053023699373998
2022-08-01,5.2965937,5.918050526622976
2022-08-02,5.1173124,5.148575932011974
2022-08-03,5.8913374,5.279606609989421
2022-08-04,6.1213098,5.427519314492536
2022-08-05,5.676942,6.145966839605685
2022-08-06,5.6529174,6.073681990010759
2022-08-07,5.748641,5.668879677001889
2022-08-08,6.093254,5.613095776551904
2022-08-09,5.8538513,5.693898042165372
2022-08-10,6.170639,5.983691879302567
2022-08-11,6.2311807,6.39823128752122
2022-08-12,6.3638535,6.347622697713668
2022-08-13,5.2463865,6.018123980982656
2022-08-14,4.676853,5.463447407073967
2022-08-15,5.11837,4.827090287003712
2022-08-16,4.4951296,4.927184946407882
2022-08-17,5.403009,4.927877003746764
2022-08-18,5.8353186,4.97404675291609
2022-08-19,5.856288,5.166922470505288
2022-08-20,5.531562,5.960681099921172
2022-08-21,4.8356853,5.256327655051189
2022-08-22,6.0397506,5.488493689622739
2022-08-23,6.1283226,5.619757475536744
2022-08-24,6.208996,6.347552386243968
2022-08-25,6.1183443,5.531154101841029
2022-08-26,5.819475,6.152360341990793
2022-08-27,6.091208,6.341157246803595
2022-08-28,6.069283,6.394805502687323
2022-08-29,5.30717,5.790088511378057
2022-08-30,5.3047047,5.500624742902648
2022-08-31,5.534381,5.573560504397615
2022-09-01,5.015854,5.570455588752948
2022-09-02,4.6236815,5.0452881231667766
2022-09-03,3.681317,4.241782287720272
2022-09-04,4.285679,3.7508291506515095
2022-09-05,3.882602,3.6095500456198653
2022-09-06,3.5519512,3.981399307969576
2022-09-07,3.2854326,3.8285862077645008
2022-09-08,4.9201674,3.976917480488424
2022-09-09,4.8459015,4.438198135864926
2022-09-10,4.494425,4.428528987611381
2022-09-11,4.701072,4.439602772526749
2022-09-12,5.238432,5.189774518925969
2022-09-13,4.9559274,5.043669004449752
2022-09-14,4.6591234,4.875851053553868
2022-09-15,3.7337942,4.2640409863060915
2022-09-16,3.6323776,3.53605503831374
2022-09-17,3.7250018,3.755685971404349
2022-09-18,3.8071265,3.980584043491923
2022-09-19,3.801895,4.1074535811968165
2022-09-20,4.122594,3.9096046442963814
2022-09-21,4.245302,4.161002889930394
2022-09-22,3.9225755,3.8092925469572942
2022-09-23,4.496855,4.2995287268034765
2022-09-24,4.7367854,4.361116910603926
2022-09-25,4.696396,4.582743397557666
2022-09-26,4.041022,4.4789366842805665
2022-09-27,3.5701125,4.4505840726266195
2022-09-28,4.2168136,4.0209287199796835
2022-09-29,4.393023,4.119180390767378
2022-09-30,4.6473494,3.7409030481694123
2022-10-01,4.5948195,4.506497493307025
2022-10-02,4.11244,3.8126951733640513
2022-10-03,4.068487,4.407480329969823
2022-10-04,2.7329397,3.8909896219463658
2022-10-05,2.9400976,3.3738278737342267
2022-10-06,2.4263346,2.603594989816349
2022-10-07,3.1428776,2.925831280309014
2022-10-08,3.117919,2.7803383633791876
2022-10-09,3.9621685,3.4591904213015776
2022-10-10,3.0512307,3.2996138542036206
2022-10-11,3.7385256,3.3440050241006447
2022-10-12,4.4159703,4.236960782685743
2022-10-13,4.669134,3.9928253439854235
2022-10-14,3.9951503,4.262601052145133
2022-10-15,4.2855897,4.114969993245821
2022-10-16,4.718291,4.140901733204948
2022-10-17,3.9358582,4.265230228672286
2022-10-18,2.3153248,4.125536557065986
2022-10-19,2.1777976,2.7042011103462316
2022-10-20,3.6079879,2.655432337006309
2022-10-21,3.9299703,3.471241508998112
2022-10-22,4.0456624,3.8249456338787615
2022-10-23,4.1005316,3.8491055566551866
2022-10-24,4.402746,3.8723998009896956
2022-10-25,3.9066362,3.6433713648086083
2022-10-26,3.6798303,4.094522803040341
2022-10-27,4.2727923,4.182326828101242
2022-10-28,4.5778527,4.0241622120826195
2022-10-29,3.4905298,4.131893186539401
2022-10-30,3.5653915,3.8630540039739394
2022-10-31,2.644919,3.04924130138306
2022-11-01,2.9365087,2.8870746504778353
2022-11-02,2.9559772,2.9076448654238556
2022-11-03,3.8568494,3.305153306683848
2022-11-04,4.228756,3.8184973133359987
2022-11-05,3.9814262,3.864110963921325
2022-11-06,3.9767282,4.060395181083846
2022-11-07,3.0408792,3.8639782019114968
2022-11-08,3.3888645,3.52972039253313
2022-11-09,3.2036805,3.301749818283596
2022-11-10,3.7766974,3.135008748063097
2022-11-11,3.8200946,3.1857827471826043
2022-11-12,3.0512755,3.4806777252384062
2022-11-13,2.2813861,2.715580268635575
2022-11-14,3.9338634,3.3481761949004545
2022-11-15,3.149522,3.4188471247875425
2022-11-16,2.4570026,3.10110554158837
2022-11-17,1.2297453,2.486211009282464
2022-11-18,1.7107235,1.7158431827567349
2022-11-19,2.5773869,1.8977204261545084
2022-11-20,1.1157138,1.9873149673172246
2022-11-21,1.2903112,1.2477376579015855
2022-11-22,1.3017639,1.1735894956168114
2022-11-23,2.7369866,1.4299299745775125
2022-11-24,3.221467,3.0665037337172505
2022-11-25,2.1067467,2.6734134188882432
2022-11-26,1.8243657,2.230484423468731
2022-11-27,3.1374617,1.9233914934663152
2022-11-28,2.7657833,2.4597212663516395
2022-11-29,3.4450657,2.7355599492781555
2022-11-30,3.6927063,3.953487388074481
2022-12-01,1.4025925,3.1545210794641947
2022-12-02,2.7145061,2.2542609165447747
2022-12-03,2.4254427,2.3670290651343584
2022-12-04,2.5274234,2.0524381202872166
2022-12-05,3.1871943,2.4934776052080494
2022-12-06,2.9019156,2.7002841096943433
2022-12-07,2.3218462,2.8106513627331022
2022-12-08,2.80549,3.0489705961195828
2022-12-09,2.6988535,3.102989395138926
2022-12-10,2.8958085,3.218759431729711
2022-12-11,2.5638583,2.6243667440286433
2022-12-12,3.2050781,2.13854162866672
2022-12-13,3.3674383,3.1922417191102106
2022-12-14,3.3457136,3.1436912500545833
2022-12-15,2.7023385,3.4301790359582114
2022-12-16,2.5415833,2.9327072447417555
2022-12-17,2.2921338,2.247749369038973
2022-12-18,1.5058739,2.3172727804754936
2022-12-19,2.661438,1.859891700700215
2022-12-20,3.2358646,2.5476366603917384
2022-12-21,2.2164743,2.62254115252806
2022-12-22,2.68869,2.6032309336862864
2022-12-23,2.7675102,2.933974926969968
2022-12-24,1.4670997,2.8976023354895046
2022-12-25,1.1761912,1.3502411181463403
2022-12-26,2.310426,1.1651329107233308
2022-12-27,2.6306124,2.207464764960712
2022-12-28,3.0744343,2.8009222328237033
2022-12-29,3.1276464,2.9466876004940996
2022-12-30,2.8102148,3.207271434856338
2022-12-31,2.906241,3.018799601572182
2023-01-01,3.0562449,2.854991823983882
2023-01-02,3.2782865,3.472499476637165
2023-01-03,3.752881,2.9768854689481956
2023-01-04,3.214861,3.5351357113323547
2023-01-05,2.8947132,3.166339365779179
2023-01-06,2.9284842,3.178642607402197
2023-01-07,3.2053986,2.807294899392708
2023-01-08,2.8030844,3.376142473013842
2023-01-09,2.5888648,2.552955635374414
2023-01-10,3.0779214,3.4765266638191337
2023-01-11,3.2585552,1.9540117598344273
2023-01-12,4.096272,3.19133139082666
2023-01-13,3.0796561,3.670665835446532
2023-01-14,3.0953767,3.5273693463484
2023-01-15,3.566301,3.60228031605506
2023-01-16,3.2226198,3.30344041171658
2023-01-17,3.2651858,3.2911468634749674
2023-01-18,3.5644016,3.424834025367879
2023-01-19,3.5185022,3.2384214237586098
2023-01-20,3.114494,2.9375447948142654
2023-01-21,3.197301,3.5398810651834673
2023-01-22,2.389048,2.7632223320836498
2023-01-23,1.3980881,2.2632290046341277
2023-01-24,4.3206935,2.696017485130114
2023-01-25,3.3784938,3.846291577010402
2023-01-26,1.9270258,3.2195589271818745
2023-01-27,1.4817804,2.205888105915294
2023-01-28,3.3909566,1.8529950907173716
2023-01-29,3.6941302,2.941799806187446
2023-01-30,3.3513198,3.9714186495866475
2023-01-31,2.8412924,3.4511399430684513
2023-02-01,1.25784,2.401994148913167
2023-02-02,1.9231609,2.153055090447674
2023-02-03,2.6348145,2.366148880027543
2023-02-04,3.2056956,2.4328368077223885
2023-02-05,3.3493524,2.956640671708026
2023-02-06,3.7243216,3.417476052945158
2023-02-07,3.7291923,3.365350069639646
2023-02-08,3.450274,3.6028266315999486
2023-02-09,2.6606295,3.4452040311691996
2023-02-10,2.8674188,2.9394946038537464
2023-02-11,3.1222148,2.981811648373924
2023-02-12,3.6108243,2.9749524748336773
2023-02-13,3.9951391,3.0238174777778424
2023-02-14,4.544237,4.267153243661052
2023-02-15,4.547493,4.644987137694795
2023-02-16,5.327902,4.956419089492863
2023-02-17,4.273643,5.43983256674453
2023-02-18,3.7263885,4.204429530589434
2023-02-19,3.4057686,3.210296954586413
2023-02-20,4.2601085,3.6032000661211274
2023-02-21,4.5339675,4.757964643106307
2023-02-22,5.638476,4.880649135581665
2023-02-23,4.7283745,5.533851486307272
2023-02-24,4.4407773,4.726264488750675
2023-02-25,3.7339096,4.094330302209977
2023-02-26,4.712014,3.9442724941492147
2023-02-27,4.92715,4.691039669503415
2023-02-28,5.0226336,4.938194449775913
2023-03-01,5.3186746,5.548153744710505
2023-03-02,6.18747,5.088809016349952
2023-03-03,5.977194,6.217534933933768
2023-03-04,4.9160094,5.953709673161103
2023-03-05,4.732707,5.158629250147313
2023-03-06,5.086731,5.038030788015757
2023-03-07,4.7024655,4.583201286966526
2023-03-08,4.9185743,3.801514146430892
2023-03-09,4.9443707,5.071334768762697
2023-03-10,5.029154,5.662057893296387
2023-03-11,5.4465427,5.973876751603023
2023-03-12,5.4672537,4.948497009948804
2023-03-13,4.528607,5.122266059710804
2023-03-14,2.0606134,4.376329874296256
2023-03-15,2.9246876,2.8861669251184483
2023-03-16,5.5446305,3.7319589316282555
2023-03-17,5.5313168,5.6530619385223195
2023-03-18,5.071337,5.090890313846845
2023-03-19,2.1205022,3.873363871115911
2023-03-20,2.2395587,2.3810498318604796
2023-03-21,5.365766,3.536699536380293
2023-03-22,4.992526,5.261925970408329
2023-03-23,4.877113,5.110568329754693
2023-03-24,6.2891216,5.453304622553193
2023-03-25,6.2154055,5.9603891400938585
2023-03-26,6.095455,6.083767918438365
2023-03-27,5.6653523,5.96496668506894
2023-03-28,5.021252,5.68667802364957
2023-03-29,3.0248666,3.8128797867644457
2023-03-30,4.354671,4.457891689189542
2023-03-31,5.5711517,4.539050631787373
2023-04-01,4.7104335,4.521549586582372
2023-04-02,5.463176,4.644334774223239
2023-04-03,6.21246,5.438706484172097
2023-04-04,5.9383035,6.298182781061183
2023-04-05,6.1378508,6.046703721925954
2023-04-06,3.5725152,5.871142582085401
2023-04-07,2.093229,4.037367616781215
2023-04-08,2.2417715,2.679833542939929
2023-04-09,2.1490977,2.7451517634866085
2023-04-10,3.078341,2.604291984569781
2023-04-11,3.7695093,3.116520682280041
2023-04-12,4.2399526,4.216871468183999
2023-04-13,5.3436284,4.194865127461316
2023-04-14,5.3260956,5.011560829354439
2023-04-15,5.480334,3.7606581587450716
2023-04-16,6.3741846,5.302433560323111
2023-04-17,3.7938838,5.880451218633464
2023-04-18,6.15902,4.159021039628562
2023-04-19,5.1919627,5.980584511834771
2023-04-20,5.83407,6.145531832823631
2023-04-21,5.829523,5.063588803034979
2023-04-22,5.1561904,5.87562212603817
2023-04-23,6.568581,6.744931593287259
2023-04-24,4.5745544,5.776341870104305
2023-04-25,6.1171737,4.87599689033447
2023-04-26,6.0575795,5.0173470367129225
2023-04-27,5.9892535,6.205793643691571
2023-04-28,6.6971307,6.5851571467016035
2023-04-29,7.0440235,6.967252988765532
2023-04-30,6.4046254,5.938052300066849
2023-05-01,7.0073533,6.1426477461693
2023-05-02,6.965681,7.685286481775853
2023-05-03,5.1931334,7.092307350447887
2023-05-04,6.049101,6.356036322381977
2023-05-05,6.3635554,5.39422247938622
2023-05-06,6.9699097,5.958242790590852
2023-05-07,6.4084983,6.619641520258323
2023-05-08,6.0879984,6.927760577128176
2023-05-09,6.0082645,6.236511882111896
2023-05-10,6.4998302,5.598914696960011
2023-05-11,6.0582857,5.886450087221787
2023-05-12,5.1172256,5.76252664711601
2023-05-13,4.180913,5.5119794330261564
2023-05-14,3.845899,4.367744930648121
2023-05-15,5.53392,4.861750660535491
2023-05-16,5.0407224,5.457203359410676
2023-05-17,5.3795543,5.429221687824576
2023-05-18,5.614834,5.1918465224449575
2023-05-19,5.436787,5.979491745628836
2023-05-20,4.199944,5.099888478932462
2023-05-21,4.421854,4.154300008096685
2023-05-22,5.7188535,4.277492984147393
2023-05-23,6.136676,5.235817514022856
2023-05-24,6.12838,6.123338822710881
2023-05-25,6.170271,6.2894296403871515
2023-05-26,6.208512,5.768997743028544
2023-05-27,5.9922857,6.268926467848399
2023-05-28,5.95379,6.374202894924069
2023-05-29,5.5923595,5.190606255579365
2023-05-30,6.1735816,5.897530257062719
2023-05-31,6.4549694,6.097192492805824
2023-06-01,5.42812,5.806097048191335
2023-06-02,4.225461,5.072290193315795
2023-06-03,3.9765124,4.444709481479344
2023-06-04,4.9797244,4.694995712657056
2023-06-05,6.0108347,5.746428270300697
2023-06-06,6.4157815,6.341170208437321
2023-06-07,6.3538756,6.524161352877561
2023-06-08,5.5255737,6.159593127140839
2023-06-09,6.2437477,5.499406437377699
2023-06-10,6.0711527,5.80004054399525
2023-06-11,6.360785,5.651147179439163
2023-06-12,6.910608,6.62795854452771
2023-06-13,7.322704,6.385787168026747
2023-06-14,7.814057,7.082412926551952
2023-06-15,7.4227147,7.817553059056058
2023-06-16,7.512437,7.473584320932364
2023-06-17,7.387561,7.678374253032001
2023-06-18,7.624645,7.376271019540318
2023-06-19,7.591387,7.17081562647134
2023-06-20,7.6081605,8.13672670533568
2023-06-21,7.8309836,7.646488607344244
2023-06-22,7.2423882,6.781134024280776
2023-06-23,7.212579,7.825589025405916
2023-06-24,6.9681144,7.158270282903796
2023-06-25,6.6860404,6.70749480978534
2023-06-26,6.817669,6.865198168212863
2023-06-27,7.05524,7.076067996845188
2023-06-28,6.5381207,6.817158970459734
2023-06-29,5.8812637,6.531633548456858
2023-06-30,5.185721,5.534369875336525
2023-07-01,5.5915265,6.020639150981691
2023-07-02,6.398469,5.931397510047337
2023-07-03,6.4876847,6.258268744268045
2023-07-04,6.699481,6.6500336329659016
2023-07-05,6.5591326,6.643421704867708
2023-07-06,4.7692676,5.982854150141362
2023-07-07,3.4157655,3.9966165337980275
2023-07-08,5.3549285,4.5674958764683975
2023-07-09,5.9577985,5.223086585651082
2023-07-10,5.7068696,6.218782097810898
2023-07-11,6.389106,6.251209749660182
2023-07-12,6.689677,6.27415357609421
2023-07-13,6.73165,6.434140911908855
2023-07-14,6.6101346,6.579673518524639
2023-07-15,6.5862827,6.146435738750425
2023-07-16,6.502615,6.529441647069098
2023-07-17,6.3852224,6.869094305040023
2023-07-18,6.352008,6.565029849772693
2023-07-19,6.199992,6.734606374455703
2023-07-20,6.4626927,6.482484750263145
2023-07-21,6.447312,6.3699386481379126
2023-07-22,6.3796678,6.017180922272329
2023-07-23,6.1709337,6.335568755782677
2023-07-24,4.7600107,6.0318607682462995
2023-07-25,4.1046247,4.684047462532245
2023-07-26,6.031472,4.42974164868061
2023-07-27,5.825068,4.860278453333649
2023-07-28,5.5192714,5.611177036071414
2023-07-29,5.529136,5.1297682901839865
2023-07-30,5.5071025,6.219752729473903
2023-07-31,6.5559883,6.167468759158259
2023-08-01,6.524866,6.668930511554637
2023-08-02,6.390389,6.224997393226089
2023-08-03,6.155575,6.490130364531767
2023-08-04,5.7333827,5.992755363733359
2023-08-05,6.3645525,6.061225650119567
2023-08-06,6.8732843,6.515619804589377
2023-08-07,7.039133,6.641640769565926
2023-08-08,6.9866376,6.802522670814447
2023-08-09,7.1986475,6.681448266011251
2023-08-10,7.0823245,7.214853863815387
2023-08-11,6.7862616,7.411537133351857
2023-08-12,6.4419017,7.048457604031702
2023-08-13,5.839732,6.294270643719392
2023-08-14,5.9587255,5.955897044174938
2023-08-15,5.763364,5.857860035477354
2023-08-16,6.266822,5.694888024663231
2023-08-17,6.405691,6.380216502820946
2023-08-18,5.092166,6.119757591899287
2023-08-19,4.122453,5.024587036767853
2023-08-20,5.61629,4.733076587055622
2023-08-21,6.1236153,4.923623729916285
2023-08-22,6.2076035,6.260926030134253
2023-08-23,4.3421226,5.979917399295884
2023-08-24,5.498543,5.244075054409684
2023-08-25,4.66137,4.695686365471728
2023-08-26,4.5138845,4.893077311819159
2023-08-27,5.1171117,5.050296410302996
2023-08-28,5.8137007,5.319951483870608
2023-08-29,5.7548213,5.273909017055012
2023-08-30,5.430584,5.641696925261845
2023-08-31,6.072254,5.704272416668578
2023-09-01,6.2924786,5.97881717661702
2023-09-02,6.4227633,6.045732184268999
2023-09-03,6.340131,5.786830231492285
2023-09-04,6.3399262,6.055372031156337
2023-09-05,6.385386,5.7434122872535
2023-09-06,6.1192017,6.366835213158123
2023-09-07,5.889214,6.338004401063933
2023-09-08,6.000227,6.550683458372679
2023-09-09,5.7066174,5.993381778399138
2023-09-10,5.9180036,5.5101439385085635
2023-09-11,5.9444394,5.754408220236984
2023-09-12,6.231706,6.455865216104397
2023-09-13,6.3086066,6.123721620337654
2023-09-14,6.3066525,6.141812109492575
2023-09-15,5.9113946,5.790199410973923
2023-09-16,5.74806,5.506442194023464
2023-09-17,4.856663,5.82515228440109
2023-09-18,4.807095,5.410546009357394
2023-09-19,5.3536167,5.244196106402707
2023-09-20,5.3115478,5.329328124424038
2023-09-21,5.5823913,5.423360824048176
2023-09-22,5.3515153,5.122610998025576
2023-09-23,5.687273,5.691691230077661
2023-09-24,5.6579633,5.615706601580725
2023-09-25,5.489658,5.609974240912845
2023-09-26,5.0721955,5.3466204207605355
2023-09-27,5.4411254,5.429754100745049
2023-09-28,5.0865207,5.608260706209988
2023-09-29,5.0705137,5.217152457830098
2023-09-30,5.19581,4.552142127574527
2023-10-01,5.0957117,5.138543712869214
2023-10-02,5.290394,4.355305363613525
2023-10-03,5.115798,5.383341653513256
2023-10-04,4.899921,4.915573625484843
2023-10-05,5.480698,5.177430915775056
2023-10-06,4.121474,4.909768350318873
2023-10-07,4.297879,4.815330783519279
2023-10-08,2.9143832,4.168971830166211
2023-10-09,3.7406821,3.7620981298951714
2023-10-10,2.0784075,3.2449288096383757
2023-10-11,2.7575507,2.6632268464616224
2023-10-12,5.244465,3.3514736454306475
2023-10-13,5.3322177,4.276129910595521
2023-10-14,4.684548,4.804883100379214
2023-10-15,3.8595707,4.757572564019734
2023-10-16,4.6015396,4.054794116447029
2023-10-17,3.9082448,4.158226124330959
2023-10-18,4.6751738,4.072670246753386
2023-10-19,4.191713,4.296604065757452
2023-10-20,4.4149165,4.535271389137871
2023-10-21,4.760003,4.619445716294909
2023-10-22,4.74327,4.7561835874275955
2023-10-23,3.7061386,4.62102722516481
2023-10-24,3.3573341,3.8489927917727025
2023-10-25,1.9327688,2.923042829541842
2023-10-26,2.0488257,2.5193860113934057
2023-10-27,2.936577,2.5690928821070775
2023-10-28,3.3427756,2.5998317237831614
2023-10-29,3.724854,2.8366176185386465
2023-10-30,3.5872936,3.610837049635756
2023-10-31,2.4038386,2.9839505264843673
2023-11-01,2.2437987,2.7019101110681913
2023-11-02,2.1810448,2.3763769364153458
2023-11-03,2.8817143,2.607726667190943
2023-11-04,3.728405,2.9316968206787397
2023-11-05,3.6788905,3.240836578082467
2023-11-06,3.8594267,3.65583764905655
2023-11-07,3.7446299,3.6553051648739845
2023-11-08,3.971477,3.9432437354899386
2023-11-09,3.7615306,3.8305777692983565
2023-11-10,2.5503604,3.6836273681943017
2023-11-11,1.4098448,2.524030663181259
2023-11-12,1.6173545,1.6265970058839117
2023-11-13,1.4650519,1.1480132004306318
2023-11-14,2.1729202,2.2928868681696075
2023-11-15,2.2577996,1.8823611042790118
2023-11-16,2.7344682,2.0042941744950062
2023-11-17,3.1834044,2.326541146501632
2023-11-18,3.2548945,2.9972862337434956
2023-11-19,3.4770145,3.3583218794555867
2023-11-20,3.61516,3.0653793525928537
2023-11-21,4.0454974,3.2950650991087556
2023-11-22,2.3614073,3.703617177128187
2023-11-23,1.9108421,2.9572790329095713
2023-11-24,2.8842533,2.988967788849993
2023-11-25,3.169714,2.418799047821583
2023-11-26,3.5389075,2.874350125352591
2023-11-27,1.5741862,3.2973683987553013
2023-11-28,1.0361108,1.8307386484558545
2023-11-29,1.6790426,1.355999248038573
2023-11-30,3.1864343,2.310391778680145
2023-12-01,3.1939085,2.2866437211712514
2023-12-02,2.7777522,3.19973015824269
2023-12-03,2.0626366,2.710896197259018
2023-12-04,1.6516801,1.9144134419404355
2023-12-05,1.8680102,1.852390767292059
2023-12-06,1.1530277,1.5967918732519748
2023-12-07,1.2335318,1.2670534721961997
2023-12-08,2.7199764,1.8158378197072753
2023-12-09,2.7164867,2.652436540594393
2023-12-10,4.0345826,3.0874701565815386
2023-12-11,2.090059,3.359154053781822
2023-12-12,1.653016,2.0491743463049974
2023-12-13,1.4277662,2.105439381561115
2023-12-14,1.0684935,1.4753033431600306
2023-12-15,2.2216578,1.3466186917890108
2023-12-16,2.1725225,1.9421762370539573
2023-12-17,2.5181785,1.6810088632751348
2023-12-18,2.4548655,2.2911452209144088
2023-12-19,2.394215,2.498713535596061
2023-12-20,2.6122537,2.568611991172711
2023-12-21,2.369514,2.2039627942642626
2023-12-22,1.8535007,2.574448097145986
2023-12-23,2.171364,2.355290589747697
2023-12-24,3.1410701,2.30701047353132
2023-12-25,2.5092,2.3038905821475164
2023-12-26,1.2476127,2.3774735905867246
2023-12-27,1.5055375,1.868341456747181
2023-12-28,1.9414176,1.9258459290136962
2023-12-29,1.1416442,1.8957176036352088
2023-12-30,2.4169102,1.5186879824063997
2023-12-31,2.8518202,2.2134875724065477
