Fecha,temp,dia,reconstruida_temp,ajustados_temp
2020-01-01,292.68048,1,292.1708484366121,293.66644796519137
2020-01-02,294.203,2,292.37777364061765,293.6672386754291
2020-01-03,294.1035,3,292.3182630749894,293.6694752165042
2020-01-04,291.0485,4,292.0109570422317,293.6731569376425
2020-01-05,289.7754,5,291.5813956589536,293.67828276756023
2020-01-06,290.30212,6,291.2255302471942,293.68485121477636
2020-01-07,290.37244,7,291.1477058112363,293.6928603680462
2020-01-08,291.81467,8,291.4923940922235,293.7023078969177
2020-01-09,294.63083,9,292.2913473722053,293.71319105240957
2020-01-10,295.6359,10,293.44332402754867,293.72550666781103
2020-01-11,294.06293,11,294.7335687847733,293.7392511596032
2020-01-12,292.86877,12,295.8880113445616,293.7544205285022
2020-01-13,296.34103,13,296.6465451495714,293.77101036062214
2020-01-14,296.19174,14,296.83404323962947,293.7890158287602
2020-01-15,296.92813,15,296.40861770518586,293.80843169380086
2020-01-16,295.60394,16,295.4735938077835,293.8292523062401
2020-01-17,296.15057,17,294.25043220892917,293.8514716078297
2020-01-18,295.8613,18,293.02100928309187,293.8750831333398
2020-01-19,290.62698,19,292.0559169288873,293.9000800124401
2020-01-20,288.36737,20,291.54850834645197,293.92645497169923
2020-01-21,290.03848,21,291.571737930881,293.9542003367006
2020-01-22,293.24207,22,292.0676133917077,293.9833080342758
2020-01-23,294.24646,23,292.8697285423809,294.01376959485384
2020-01-24,294.01688,24,293.75069738381796,294.04557615492513
2020-01-25,294.10574,25,294.4806864785179,294.0787184596208
2020-01-26,294.5323,26,294.8818302920312,294.11318686540574
2020-01-27,295.8153,27,294.8659582210683,294.1489713428842
2020-01-28,296.19278,28,294.448501988097,294.1860614797185
2020-01-29,292.38077,29,293.73786527146586,294.22444648365854
2020-01-30,291.66293,30,292.90516578557873,294.26411518568204
2020-01-31,291.75183,31,292.1429002030157,294.30505604324463
2020-02-01,290.4475,32,291.62230033918974,294.3472571436381
2020-02-02,290.59543,33,291.4582019759489,294.3907062074569
2020-02-03,292.843,34,291.68780602914137,294.43539059217125
2020-02-04,296.69345,35,292.26653403400394,294.48129729580546
2020-02-05,296.095,36,293.0808803687092,294.5284129607213
2020-02-06,289.11853,37,293.9751439378421,294.5767238775049
2020-02-07,290.97736,38,294.7864475999808,294.62621598895555
2020-02-08,294.93726,39,295.3807836155442,294.676874894176
2020-02-09,297.23462,40,295.6822839221143,294.72868585276314
2020-02-10,297.82037,41,295.6888424493353,294.7816337890964
2020-02-11,296.93335,42,295.4697823898605,294.83570329672506
2020-02-12,295.97665,43,295.1452479378086,294.8908786428504
2020-02-13,293.0092,44,294.8516751136388,294.94714377290427
2020-02-14,291.675,45,294.7018773407715,295.00448231521995
2020-02-15,294.50974,46,294.75062975801717,295.06287758579623
2020-02-16,295.7715,47,294.97610838407184,295.1223125931518
2020-02-17,297.1633,48,295.283838105356,295.18277004326944
2020-02-18,297.7789,49,295.5336349449955,295.2442323446282
2020-02-19,297.28,50,295.58303671671865,295.3066816133217
2020-02-20,293.9841,51,295.3350510361053,295.3700996782624
2020-02-21,288.05185,52,294.7756859840737,295.43446808646866
2020-02-22,291.5725,53,293.98876122763954,295.4997681084337
2020-02-23,295.15356,54,293.14166504060876,295.5659807435761
2020-02-24,297.72888,55,292.444363727802,295.63308672576807
2020-02-25,297.92657,56,292.09246575559064,295.70106652894117
2020-02-26,290.2621,57,292.2107331340301,295.76990037276846
2020-02-27,289.0069,58,292.8141407942328,295.83956822841947
2020-02-28,290.7861,59,293.7989336202678,295.9100498243885
2020-02-29,292.79422,60,294.967383149357,295.98132465239286
2020-03-01,296.13644,61,296.07976049712636,296.05337197334023
2020-03-02,298.61224,62,296.9186376167437,296.1261708233633
2020-03-03,300.66016,63,297.3467273778347,296.1997000199196
2020-03-04,301.50397,64,297.34137978812674,296.27393816795524
2020-03-05,295.4715,65,296.9959968798852,296.34886366613
2020-03-06,293.54956,66,296.4887351741034,296.42445471310305
2020-03-07,293.78635,67,296.02869659668306,296.5006893138764
2020-03-08,294.46033,68,295.7962486285134,296.57754528619495
2020-03-09,297.11594,69,295.89519749793476,296.6550002670008
2020-03-10,297.3328,70,296.33008864337137,296.73303171894037
2020-03-11,298.18658,71,297.0135602909533,296.81161693692246
2020-03-12,297.85547,72,297.7992763631769,296.8907330547243
2020-03-13,299.11792,73,298.5285798325071,296.9703570516454
2020-03-14,299.4834,74,299.0758805692786,297.0504657592059
2020-03-15,298.67532,75,299.379623478156,297.13103586788793
2020-03-16,297.4798,76,299.45147465403767,297.212043933918
2020-03-17,299.02948,77,299.363861093666,297.2934663860887
2020-03-18,299.44537,78,299.2225566769624,297.3752795326172
2020-03-19,300.74628,79,299.1345409265283,297.45745956803876
2020-03-20,300.36676,80,299.18104561953373,297.53998258013394
2020-03-21,298.22455,81,299.4021807565323,297.622824556886
2020-03-22,299.0584,82,299.79452567416865,297.70596139346776
2020-03-23,299.6634,83,300.31866059843446,297.789368899256
2020-03-24,301.27344,84,300.91138724503367,297.87302280486944
2020-03-25,302.42505,85,301.4978504939908,297.9568987692314
2020-03-26,302.37326,86,302.00122623091306,298.0409723866516
2020-03-27,302.35135,87,302.3505563258266,298.12521919392833
2020-03-28,303.2449,88,302.4890556398562,298.2096146774658
2020-03-29,300.74445,89,302.384798702546,298.2941342804076
2020-03-30,301.71765,90,302.0432421317661,298.37875340978184
2020-03-31,300.27267,91,301.517778167017,298.463447443657
2020-04-01,300.7874,92,300.9122554426833,298.5481917383063
2020-04-02,302.10822,93,300.36973208311474,298.6329616353785
2020-04-03,301.17145,94,300.0452315617898,298.7177324690727
2020-04-04,302.41263,95,300.0661364943815,298.8024795733154
2020-04-05,298.10175,96,300.4900195906308,298.8871782889379
2020-04-06,300.52777,97,301.27358301610207,298.97180397085106
2020-04-07,301.4207,98,302.2658513134716,299.0563319952169
2020-04-08,302.60352,99,303.2331538332515,299.140737766613
2020-04-09,304.193,100,303.91394869109126,299.2249967251894
2020-04-10,303.09567,101,304.0910618640325,299.30908435381485
2020-04-11,303.1235,102,303.66110152416996,299.39297618521044
2020-04-12,306.9626,103,302.67881579535333,299.4766478090693
2020-04-13,304.42233,104,301.35942663735705,299.5600748791589
2020-04-14,300.74832,105,300.0335103461625,299.6432331204055
2020-04-15,292.32758,106,299.0635297417337,299.72609833595754
2020-04-16,294.63422,107,298.74404492917506,299.80864641422613
2020-04-17,301.4779,108,299.2145019897362,299.89085333590083
2020-04-18,301.8839,109,300.41160621541974,299.97269518093896
2020-04-19,305.14584,110,302.0776760083626,300.05414813552534
2020-04-20,305.0941,111,303.8249995011548,300.1351884990018
2020-04-21,303.96686,112,305.2390894642152,300.21579269076307
2020-04-22,305.30893,113,305.99133013815384,300.2959372571185
2020-04-23,305.00766,114,305.9279632980763,300.3755988781163
2020-04-24,305.1151,115,305.10903777911267,300.4547543743289
2020-04-25,303.2814,116,303.7859244466458,300.5333807135977
2020-04-26,301.1206,117,302.3246300775891,300.6114550177349
2020-04-27,301.4669,118,301.0985444750454,300.6889545691802
2020-04-28,302.17072,119,300.3832240726669,300.7658568176113
2020-04-29,301.83102,120,300.2845436444869,300.8421393865052
2020-04-30,299.67883,121,300.7205407028051,300.9177800796493
2020-05-01,301.1496,122,301.4601742663423,300.9927568875998
2020-05-02,301.6252,123,302.2045760897555,301.0670479940861
2020-05-03,302.3901,124,302.6838154736298,301.14063178235864
2020-05-04,302.72574,125,302.7385837439459,301.21348684147864
2020-05-05,303.12177,126,302.36238892762077,301.2855919725482
2020-05-06,300.553,127,301.69348892781477,301.35692619487895
2020-05-07,300.85947,128,300.96219635275526,301.42746875209633
2020-05-08,301.36493,129,300.41295211925444,301.4971991181796
2020-05-09,300.44742,130,300.22736774675025,301.566097003434
2020-05-10,301.08224,131,300.4724304816358,301.63414236039483
2020-05-11,300.6331,132,301.08838387774153,301.7013153896607
2020-05-12,301.84512,133,301.91704091634057,301.7675965456542
2020-05-13,302.271,134,302.7582093005413,301.8329665423099
2020-05-14,303.10553,135,303.4337661971518,301.89740635868543
2020-05-15,303.75034,136,303.83807536831785,301.9608972444963
2020-05-16,304.147,137,303.9596755065817,302.0234207255719
2020-05-17,303.73703,138,303.8699117706328,302.08495860923057
2020-05-18,303.9944,139,303.68551941468684,302.1454929895738
2020-05-19,304.11176,140,303.52025696715066,302.20500625269585
2020-05-20,303.98108,141,303.4430572886768,302.2634810818091
2020-05-21,303.4317,142,303.4564679765067,302.32090046228296
2020-05-22,302.5646,143,303.5011241930481,302.3772476865943
2020-05-23,302.8021,144,303.4827080342776,302.4325063591892
2020-05-24,303.24854,145,303.31054507419947,302.4866604012536
2020-05-25,303.05746,146,302.93395929462724,302.53969405539164
2020-05-26,302.469,147,302.36437498181147,302.5915918902109
2020-05-27,302.37875,148,301.67681007788286,302.64233880481225
2020-05-28,302.80463,149,300.9915612002283,302.691920033184
2020-05-29,298.4347,150,300.44298527772526,302.74032114849825
2020-05-30,299.6076,151,300.1454465023922,302.7875280673091
2020-05-31,300.25308,152,300.1660815437441,302.83352705364996
2020-06-01,300.5403,153,300.51072536559474,302.87830472303085
2020-06-02,301.72385,154,301.1247181036251,302.92184804633285
2020-06-03,302.54776,155,301.9061523288028,302.96414435359895
2020-06-04,302.28836,156,302.7266859987329,303.00518133772096
2020-06-05,302.6154,157,303.4546939409851,303.0449470580205
2020-06-06,303.51035,158,303.9767188606779,303.0834299437234
2020-06-07,304.4046,159,304.2148669337884,303.12061879732624
2020-06-08,304.4928,160,304.1389910012902,303.1565027978551
2020-06-09,305.9848,161,303.7727749050175,303.1910715040137
2020-06-10,303.45657,162,303.19245249787684,303.22431485722143
2020-06-11,299.52448,163,302.51666399681505,303.2562231845409
2020-06-12,301.80264,164,301.8867215592949,303.28678720149145
2020-06-13,301.384,165,301.4387031169407,303.3159980147516
2020-06-14,301.46298,166,301.27189950660863,303.3438471247462
2020-06-15,302.9045,167,301.42103767568835,303.37032642811994
2020-06-16,301.75946,168,301.8409112424467,303.39542822009497
2020-06-17,302.6942,169,302.4104327641096,303.41914519671275
2020-06-18,302.79306,170,302.9584965999906,303.4414704569597
2020-06-19,302.27493,171,303.3074574036823,303.4623975047747
2020-06-20,302.72208,172,303.3235593188067,303.4819202509396
2020-06-21,303.02988,173,302.959715921814,303.500033014851
2020-06-22,303.34833,174,302.2764993002508,303.516730526173
2020-06-23,302.56152,175,301.43253827658407,303.53200792637085
2020-06-24,300.01334,176,300.6445046185686,303.5458607701247
2020-06-25,298.928,177,300.12676049494354,303.55828502662285
2020-06-26,299.36588,178,300.0282014262883,303.5692770807349
2020-06-27,300.93817,179,300.3860453901302,303.5788337340634
2020-06-28,302.03214,180,301.112086558948,303.58695220587464
2020-06-29,302.5297,181,302.017220707867,303.5936301339079
2020-06-30,303.02658,182,302.8678178276803,303.59886557506235
2020-07-01,303.0465,183,303.45679837907846,303.602657005963
2020-07-02,302.738,184,303.66680738680014,303.6050033234036
2020-07-03,302.93637,185,303.5047939896788,303.6059038446677
2020-07-04,303.0266,186,303.09625660590814,303.6053583077275
2020-07-05,303.1354,187,302.640615755328,303.60336687131974
2020-07-06,303.30527,188,302.342256121954,303.5999301148998
2020-07-07,302.8077,189,302.3402496217097,303.5950490384731
2020-07-08,302.50922,190,302.660592772566,303.5887250623039
2020-07-09,302.84756,191,303.20748115630835,303.5809600265023
2020-07-10,303.39554,192,303.7970194222752,303.5717561904885
2020-07-11,303.7233,193,304.2222170438398,303.56111623233573
2020-07-12,304.4106,194,304.32713430613995,303.5490432479907
2020-07-13,303.78436,195,304.06448245988065,303.53554075037306
2020-07-14,303.64505,196,303.51621934385264,303.5206126683529
2020-07-15,303.40625,197,302.8690744295825,303.5042633456078
2020-07-16,302.88947,198,302.35234264009983,303.48649753935877
2020-07-17,302.6606,199,302.15845560528186,303.46732041898616
2020-07-18,302.1239,200,302.37321531773705,303.44673756452556
2020-07-19,302.63214,201,302.9398745819283,303.4247549650438
2020-07-20,303.12042,202,303.67027176014767,303.4013790168967
2020-07-21,303.32013,203,304.3006118503648,303.37661652186785
2020-07-22,304.27612,204,304.57447943083645,303.35047468518906
2020-07-23,304.41547,205,304.326341671741,303.3229611134443
2020-07-24,305.1326,206,303.53831378211817,303.2940838123563
2020-07-25,304.0387,207,302.3514929797704,303.2638511844568
2020-07-26,301.0739,208,301.02786161821183,303.232272026642
2020-07-27,297.7914,209,299.8747052617455,303.1993555276127
2020-07-28,298.6379,210,299.1554030866964,303.1651112652006
2020-07-29,297.38477,211,299.0144553351713,303.1295492035816
2020-07-30,300.86908,212,299.4395414201483,303.0926796903762
2020-07-31,301.8456,213,300.2711205562166,303.0545134536389
2020-08-01,301.65723,214,301.25481020384535,303.01506159873645
2020-08-02,300.88174,215,302.11859367966576,302.97433560511655
2020-08-03,302.1469,216,302.6500415769304,302.9323473229676
2020-08-04,302.95364,217,302.7501517180846,302.8891089697706
2020-08-05,302.69626,218,302.4492527635759,302.8446331267442
2020-08-06,302.36926,219,301.88338032300385,302.798932735184
2020-08-07,301.96262,220,301.242114238659,302.75202109269674
2020-08-08,300.21188,221,300.7069298292721,302.70391184933123
2020-08-09,298.74048,222,300.4002964776426,302.65461900360657
2020-08-10,299.9758,223,300.36016723388593,302.6041568984388
2020-08-11,301.23102,224,300.54456031180376,302.55254021696766
2020-08-12,301.63043,225,300.8603875038932,302.499783978284
2020-08-13,301.86066,226,301.2032292975266,302.4459035330597
2020-08-14,302.0511,227,301.4927318000426,302.39091455908124
2020-08-15,301.48593,228,301.69194431248025,302.33483305668744
2020-08-16,300.83978,229,301.80640771465374,302.27767534411424
2020-08-17,301.0302,230,301.86704763207575,302.2194580527461
2020-08-18,301.50992,231,301.9067620885801,302.16019812227717
2020-08-19,301.92923,232,301.9419698344188,302.09991279578185
2020-08-20,302.8269,233,301.96707241708856,302.0386196146977
2020-08-21,303.02725,234,301.9633739426695,301.9763364137215
2020-08-22,302.54105,235,301.9172334354881,301.9130813156196
2020-08-23,300.86063,236,301.8378837448936,301.84887272595455
2020-08-24,301.619,237,301.7651979138462,301.78372932773004
2020-08-25,300.68494,238,301.7617859864361,301.71767007595423
2020-08-26,302.47818,239,301.89052942454816,301.65071419212444
2020-08-27,302.21155,240,302.18531513312837,301.58288115863434
2020-08-28,302.8697,241,302.62660747488945,301.5141907131048
2020-08-29,302.82263,242,303.13291318075983,301.4446628426412
2020-08-30,303.38126,243,303.5741545667766,301.37431777801726
2020-08-31,303.98038,244,303.80518555996923,301.3031759877887
2020-09-01,304.48993,245,303.7099731800496,301.2312581723372
2020-09-02,303.54593,246,303.2422032328988,301.1585852578475
2020-09-03,303.00067,247,302.4481387518753,301.0851783902182
2020-09-04,300.9826,248,301.4626485147645,301.0110589289086
2020-09-05,297.8102,249,300.47782057549495,300.9362484407243
2020-09-06,299.06613,250,299.69262739485686,300.86076869354116
2020-09-07,300.86932,251,299.25861332935165,300.78464164997195
2020-09-08,300.81097,252,299.2382705642372,300.7078894609755
2020-09-09,301.3809,253,299.58902438227466,300.6305344594115
2020-09-10,298.7359,254,300.1777772607979,300.552599153542
2020-09-11,298.72733,255,300.82139768350225,300.47410622048255
2020-09-12,301.5363,256,301.34052672387105,300.39507849960324
2020-09-13,302.37424,257,301.61019538219074,300.31553898588345
2020-09-14,301.45145,258,301.5921634799266,300.23551082322064
2020-09-15,300.99506,259,301.3400025462915,300.1550172976963
2020-09-16,301.38522,260,300.9766342931328,300.0740818308002
2020-09-17,300.6615,261,300.6524323406526,299.9927279726153
2020-09-18,301.0012,262,300.49745362434624,299.91097939496547
2020-09-19,300.79492,263,300.582329526744,299.82885988452745
2020-09-20,300.65765,264,300.8987957936072,299.74639333590966
2020-09-21,301.0385,265,301.3642052475379,299.6636037446995
2020-09-22,301.5474,266,301.8469604989979,299.58051520048116
2020-09-23,302.1372,267,302.2039944475957,299.4971518798262
2020-09-24,302.37808,268,302.31885752873916,299.4135380392591
2020-09-25,301.47455,269,302.13008381728076,299.32969800819876
2020-09-26,301.70615,270,301.6435146620765,299.2456561818797
2020-09-27,302.39484,271,300.92753275181553,299.16143701425347
2020-09-28,301.49197,272,300.0948797685022,299.0770650108732
2020-09-29,298.51794,273,299.2775216245733,298.99256472176336
2020-09-30,296.73938,274,298.60137214999537,298.90796073427595
2020-10-01,297.36902,275,298.1659951947696,298.8232776659367
2020-10-02,297.8779,276,298.0317211128667,298.73854015728153
2020-10-03,299.5126,277,298.2141335294531,298.65377286468726
2020-10-04,300.03275,278,298.68446920918683,298.569000453197
2020-10-05,299.248,279,299.3743580534177,298.4842475893432
2020-10-06,299.35022,280,300.1840998450083,298.39953893397063
2020-10-07,300.4973,281,300.99453648886345,298.3148991350605
2020-10-08,301.85202,282,301.6827666777392,298.2303528205585
2020-10-09,302.29257,283,302.14110009340163,298.145924591209
2020-10-10,302.7033,284,302.2969860451437,298.06163901339664
2020-10-11,301.89862,285,302.1299141370733,297.97752061199816
2020-10-12,301.30423,286,301.6804109232994,297.8935938632465
2020-10-13,300.0325,287,301.046971759836,297.80988318760865
2020-10-14,301.20947,288,300.3692329340262,297.7264129426801
2020-10-15,301.71902,289,299.79936489839054,297.64320741609725
2020-10-16,298.26797,290,299.4674460446883,297.5602908184706
2020-10-17,298.88766,291,299.4491541300723,297.4776872763399
2020-10-18,300.09314,292,299.74445864832813,297.3954208251539
2020-10-19,300.5138,293,300.27375180241677,297.31351540227695
2020-10-20,300.50586,294,300.89350268223603,297.2319948400236
2020-10-21,301.18527,295,301.42826987671026,297.15088285872423
2020-10-22,301.46524,296,301.711324479481,297.07020305982286
2020-10-23,301.5177,297,301.62362676086883,296.9899789190098
2020-10-24,301.3605,298,301.12125839668806,296.91023377939104
2020-10-25,301.133,299,300.2445542037856,296.8309908446958
2020-10-26,299.68283,300,299.1071691866298,296.7522731725249
2020-10-27,298.22202,301,297.8686765606078,296.6741036676417
2020-10-28,295.3389,302,296.6984616860708,296.5965050753073
2020-10-29,295.05167,303,295.7405025235427,296.5194999746624
2020-10-30,294.178,304,295.08769909311366,296.44311077215724
2020-10-31,295.146,305,294.77115539288343,296.36735969503195
2020-11-01,296.30167,306,294.7653108381086,296.29226878484917
2020-11-02,295.76633,307,295.00544332269726,296.21785989108014
2020-11-03,294.5941,308,295.4110653748576,296.1441546647476
2020-11-04,295.69077,309,295.90785717173776,296.0711745521255
2020-11-05,296.77747,310,296.442098239571,295.99894078849894
2020-11-06,296.97855,311,296.98450558923037,295.92747439198513
2020-11-07,296.72116,312,297.52397124117823,295.8567961574177
2020-11-08,298.0666,313,298.05482799459537,295.7869266502959
2020-11-09,298.2477,314,298.56308676770175,295.717886200801
2020-11-10,299.1646,315,299.01714841340095,295.6496948978799
2020-11-11,299.9236,316,299.366880665152,295.5823725834006
2020-11-12,299.8951,317,299.55219835819514,295.5159388463785
2020-11-13,299.43936,318,299.5191970099881,295.45041301727605
2020-11-14,299.5011,319,299.23932113282933,295.38581416237884
2020-11-15,299.40295,320,298.7256935548325,295.3221610782473
2020-11-16,296.5689,321,298.04096971510796,295.2594722862475
2020-11-17,297.1076,322,297.29290018036846,295.19776602716206
2020-11-18,295.76553,323,296.6167916787576,295.1370602558825
2020-11-19,296.44357,324,296.1475575603928,295.0773726361847
2020-11-20,297.50043,325,295.98718981203393,295.0187205355894
2020-11-21,295.9494,326,296.1754357520395,294.9611210203087
2020-11-22,297.59335,327,296.67160791471053,294.90459085028
2020-11-23,296.76877,328,297.3535654600849,294.8491464742896
2020-11-24,296.9784,329,298.03623981423567,294.79480402518647
2020-11-25,297.86606,330,298.507385659558,294.7415793151878
2020-11-26,299.03174,331,298.57363098530124,294.68948783127826
2020-11-27,298.85394,332,298.10659910294913,294.6385447307038
2020-11-28,298.94485,333,297.07789598975273,294.5887648365611
2020-11-29,295.1349,334,295.5735949015696,294.54016263348433
2020-11-30,290.1706,335,293.78328166048686,294.4927522634309
2020-12-01,290.4904,336,291.9647820973699,294.4465475215661
2020-12-02,294.06354,337,290.39186964626657,294.4015618522495
2020-12-03,290.9701,338,289.29687995014615,294.3578083451224
2020-12-04,287.8567,339,288.8218872470868,294.3152997312998
2020-12-05,289.88806,340,288.99030304493994,294.27404837966543
2020-12-06,288.21695,341,289.7057834964502,294.23406629327303
2020-12-07,290.44736,342,290.77843919278587,294.1953651058536
2020-12-08,291.3934,343,291.9713831284619,294.1579560784305
2020-12-09,292.0409,344,293.0555509060256,294.1218500960425
2020-12-10,293.22644,345,293.85890509489127,294.0870576645768
2020-12-11,295.3872,346,294.29808531932264,294.05358890771186
2020-12-12,296.0745,347,294.38569066026236,294.021453563972
2020-12-13,298.01562,348,294.2131701921057,293.99066098389335
2020-12-14,291.5388,349,293.91578203693956,293.9612201273033
2020-12-15,292.8132,350,293.63043224446227,293.9331395607136
2020-12-16,292.24664,351,293.4582820659947,293.9064274548273
2020-12-17,290.26703,352,293.4416902155213,293.88109158216156
2020-12-18,293.74994,353,293.5602250424317,293.85713931478625
2020-12-19,296.01947,354,293.7447266316345,293.8345776221785
2020-12-20,294.6369,355,293.90347803110876,293.8134130691947
2020-12-21,294.1599,356,293.9518301036733,293.79365181416097
2020-12-22,295.80255,357,293.8366993865525,293.7752996070804
2020-12-23,297.0272,358,293.5498936645273,293.75836178796055
2020-12-24,290.03152,359,293.12815626920536,293.7428432852593
2020-12-25,288.23102,360,292.6417781445681,293.72874861445115
2020-12-26,289.37537,361,292.17639263811975,293.71608187671296
2020-12-27,292.57965,362,291.8134812560437,293.70484675773076
2020-12-28,293.76453,363,291.6142332413657,293.6950465266275
2020-12-29,293.75525,364,291.60937917019305,293.68668403501147
2020-12-30,294.99847,365,291.79540983272966,293.67976171614697
2020-12-31,293.87463,366,292.13604109374876,293.6742815842458
2021-01-01,290.2922,367,292.56731235538285,293.6702452338817
2021-01-02,288.37164,368,293.005181414352,293.667653839526
2021-01-03,291.45645,369,293.35533629526475,293.6665081552059
2021-01-04,294.28262,370,293.52547541276,293.6668085142854
2021-01-05,293.90512,371,293.4400047528068,293.66855482936785
2021-01-06,296.4221,372,293.0559172438949,293.67174659232177
2021-01-07,292.32288,373,292.37702144936515,293.6763828744284
2021-01-08,291.59573,374,291.4624790869037,293.6824623266521
2021-01-09,290.63046,375,290.42559657265974,293.68998318003287
2021-01-10,292.2724,376,289.42042403704625,293.69894324620105
2021-01-11,284.04208,377,288.6167522765233,293.7093399180141
2021-01-12,284.93768,378,288.16773211484195,293.721170170315
2021-01-13,288.8478,379,288.1773465643064,293.734430560813
2021-01-14,291.58435,380,288.6761542584882,293.7491172310846
2021-01-15,291.12662,381,289.61239879250786,293.76522590769673
2021-01-16,289.30487,382,290.8618619212939,293.78275190344993
2021-01-17,292.6378,383,292.25470424752154,293.8016901187425
2021-01-18,294.35867,384,293.6125480081648,293.822035043054
2021-01-19,295.59262,385,294.7858600163124,293.8437807565487
2021-01-20,293.6813,386,295.68144903950554,293.8669209317986
2021-01-21,295.69073,387,296.2728371388095,293.8914488356237
2021-01-22,295.99854,388,296.5915718296057,293.9173573310521
2021-01-23,296.93326,389,296.7035501630523,293.94463887939577
2021-01-24,296.36536,390,296.6791521399368,293.9732855424449
2021-01-25,299.32016,391,296.5678068982327,294.0032889847772
2021-01-26,297.74652,392,296.38584205580594,294.0346404761835
2021-01-27,294.66098,393,296.1215973419041,294.0673308942078
2021-01-28,292.94867,394,295.7554000341263,294.1013507268021
2021-01-29,294.3312,395,295.2862652803626,294.1366900750936
2021-01-30,296.65845,396,294.75412905139524,294.1733386562655
2021-01-31,297.12546,397,294.24724410875626,294.2112858065487
2021-02-01,293.18408,398,293.88899575307823,294.2505204843248
2021-02-02,291.84927,399,293.80544826686605,294.29103127333894
2021-02-03,293.08185,400,294.08214498718934,294.3328063860215
2021-02-04,295.41965,401,294.7236124576628,294.37583366691825
2021-02-05,296.63235,402,295.6298515431766,294.420100596227
2021-02-06,297.71637,403,296.6002802742919,294.46559429344046
2021-02-07,295.6146,404,297.36805645516387,294.51230152109457
2021-02-08,296.41,405,297.6586275148983,294.5602086886197
2021-02-09,297.80182,406,297.2584953288018,294.60930185629564
2021-02-10,298.31793,407,296.0760399696277,294.65956673930725
2021-02-11,296.8139,408,294.17725075123843,294.7109887119014
2021-02-12,287.99582,409,291.7852610071673,294.7635528116422
2021-02-13,287.5559,410,289.2420343710515,294.81724374376523
2021-02-14,288.30157,411,286.94070834570704,294.8720458856273
2021-02-15,281.99118,412,285.24502481921377,294.9279432912528
2021-02-16,285.43222,413,284.41567326025233,294.9849196959731
2021-02-17,290.19748,414,284.56128776631135,295.0429585211594
2021-02-18,286.7132,415,285.62494266653067,295.10204287904673
2021-02-19,284.22403,416,287.4073560980575,295.1621555776475
2021-02-20,287.34665,417,289.61847019534576,295.22327912575435
2021-02-21,291.99252,418,291.94235607216103,295.2853957380292
2021-02-22,294.7768,419,294.09828981942167,295.34848734017874
2021-02-23,295.91983,420,295.8837135209799,295.4125355742132
2021-02-24,296.7537,421,297.1914748784267,295.47752180378836
2021-02-25,298.0858,422,298.00196973273273,295.54342711962784
2021-02-26,298.9495,423,298.35796975150106,295.6102323450257
2021-02-27,299.34616,424,298.3338507591658,295.6779180414258
2021-02-28,300.14023,425,298.0106305683592,295.7464645140785
2021-03-01,298.38678,426,297.46408818807765,295.81585181777086
2021-03-02,291.1808,427,296.76692667622774,295.8860597626302
2021-03-03,294.20386,428,295.99978803602687,295.9570679199992
2021-03-04,296.05276,429,295.2621406233261,296.0288556283795
2021-03-05,297.83197,430,294.6739868553272,296.1014019994444
2021-03-06,295.5312,431,294.36301553479933,296.1746859241161
2021-03-07,293.91776,432,294.4379505627958,296.24868607870815
2021-03-08,293.96548,433,294.95522491194185,296.3233809311304
2021-03-09,296.37094,434,295.8903697117744,296.39874874715366
2021-03-10,297.4045,435,297.12593168328357,296.4747675967343
2021-03-11,298.23837,436,298.463853708839,296.55141536039514
2021-03-12,299.1817,437,299.66307595815596,296.62866973566145
2021-03-13,298.72122,438,300.4948355635699,296.7065082435507
2021-03-14,300.7698,439,300.8014714382555,296.7849082351131
2021-03-15,300.46857,440,300.5418234720529,296.863846898022
2021-03-16,301.71042,441,299.8087411595689,296.94330126321165
2021-03-17,301.71902,442,298.81137186706997,297.02324821156043
2021-03-18,297.44724,443,297.82482475757377,297.1036644806182
2021-03-19,295.60422,444,297.1195605438047,297.18452667137467
2021-03-20,294.7258,445,296.8894133996693,297.26581125506834
2021-03-21,295.4509,446,297.19835793381475,297.3474945800324
2021-03-22,298.07526,447,297.9614249658583,297.42955287857694
2021-03-23,301.1382,448,298.965791028636,297.5119622739045
2021-03-24,302.63882,449,299.92673308149335,297.59469878705784
2021-03-25,300.51715,450,300.5632183955545,297.67773834389715
2021-03-26,299.2407,451,300.6723679393887,297.76105678210473
2021-03-27,300.2835,452,300.1825458502311,297.84462985821585
2021-03-28,297.33597,453,299.1711963319598,297.92843325467294
2021-03-29,295.18445,454,297.8437907729806,298.0124425869012
2021-03-30,298.4457,455,296.48121679238966,298.096633410404
2021-03-31,300.67276,456,295.37132709933394,298.1809812278755
2021-04-01,293.0282,457,294.743741854277,298.2654614963289
2021-04-02,292.3687,458,294.7245737370269,298.3500496342375
2021-04-03,295.3812,459,295.32058342376735,298.4347210286875
2021-04-04,296.2257,460,296.4328974967822,298.5194510425396
2021-04-05,297.83508,461,297.8919445329227,298.60421502159795
2021-04-06,299.29587,462,299.50034253882166,298.6889883017835
2021-04-07,301.98068,463,301.0704219461445,298.7737462163111
2021-04-08,302.64465,464,302.4474755848332,298.8584641028663
2021-04-09,304.44446,465,303.51674024463017,298.94311731078193
2021-04-10,305.27768,466,304.19878863229,299.02768120821054
2021-04-11,302.5384,467,304.441916051356,299.11213118929163
2021-04-12,302.1284,468,304.2198524033663,299.19644268131145
2021-04-13,302.93237,469,303.53897197337096,299.28059115185283
2021-04-14,302.8401,470,302.45291367895356,299.36455211593346
2021-04-15,302.63904,471,301.07684000549943,299.4483011431307
2021-04-16,304.47797,472,299.59099097458125,299.5318138646898
2021-04-17,297.25137,473,298.2251382326135,299.61506598061465
2021-04-18,292.27307,474,297.22169305833506,299.6980332667385
2021-04-19,295.4853,475,296.7835468535329,299.7806915817727
2021-04-20,298.78705,476,297.0201619047422,299.8630168743309
2021-04-21,298.2775,477,297.9089732896857,299.9449851899276
2021-04-22,299.2898,478,299.28698247376803,300.026572677948
2021-04-23,302.74152,479,300.87964019962754,300.1077555985882
2021-04-24,303.2563,480,302.3629005023812,300.1885103297626
2021-04-25,302.25912,481,303.44326432746277,300.26881337397765
2021-04-26,302.0972,482,303.9335424441102,300.34864136516853
2021-04-27,302.94168,483,303.80168098080344,300.4279710754984
2021-04-28,304.02435,484,303.1769224801599,300.506779422117
2021-04-29,303.81265,485,302.30998523861075,300.5850434738772
2021-04-30,301.81113,486,301.49804793146143,300.66274045800714
2021-05-01,299.241,487,300.9965839211722,300.7398477667367
2021-05-02,303.60754,488,300.94470912095403,300.8163429638759
2021-05-03,296.72925,489,301.32695602628047,300.8922037913429
2021-05-04,305.99243,490,301.98324434647384,300.9674081756407
2021-05-05,302.8949,491,302.6637333326413,301.04193423427984
2021-05-06,302.40527,492,303.11104169527755,301.11576028214597
2021-05-07,301.0804,493,303.14363861631807,301.1888648378091
2021-05-08,301.74512,494,302.7139279224834,301.26122662977457
2021-05-09,303.0168,495,301.9228153333387,301.33282460267236
2021-05-10,303.12427,496,300.98669365640546,301.4036379233835
2021-05-11,301.96793,497,300.1681730106112,301.47364598710215
2021-05-12,297.96616,498,299.6934656453333,301.54282842333095
2021-05-13,298.2826,499,299.68331071905976,301.6111651018084
2021-05-14,299.4349,500,300.1194298838833,301.6786361383662
2021-05-15,300.7471,501,300.8564344360121,301.74522190071474
2021-05-16,301.7402,502,301.6739404770476,301.81090301415617
2021-05-17,303.3808,503,302.3504799200769,301.8756603672212
2021-05-18,303.6375,504,302.73400299590753,301.9394751172308
2021-05-19,302.97937,505,302.7855496789263,302.0023286957782
2021-05-20,301.67374,506,302.5823083032157,302.06420281413233
2021-05-21,302.71725,507,302.2804146424918,302.1250794685591
2021-05-22,301.39172,508,302.0516200295493,302.1849409455601
2021-05-23,301.5695,509,302.01669032618645,302.24376982702665
2021-05-24,302.2448,510,302.1991685764711,302.3015489953083
2021-05-25,302.49225,511,302.51576374238607,302.3582616381931
2021-05-26,302.76886,512,302.8067145270159,302.4138912538001
2021-05-27,303.57355,513,302.89548693025733,302.4684216553806
2021-05-28,303.55298,514,302.65689196631183,302.52183697602806
2021-05-29,301.48114,515,302.0696446452646,302.57412167329505
2021-05-30,300.08658,516,301.2345356383206,302.62526053371585
2021-05-31,301.4187,517,300.3509648457334,302.6752386772328
2021-06-01,300.27298,518,299.6586432559845,302.7240415615263
2021-06-02,299.06754,519,299.36305894320003,302.771654986246
2021-06-03,297.72345,520,299.5688902522313,302.8180650971432
2021-06-04,299.57236,521,300.2431231118593,302.8632583901013
2021-06-05,302.16895,522,301.22007412794665,302.90722171506593
2021-06-06,303.48114,523,302.24706996512685,302.94994227987075
2021-06-07,303.75912,524,303.0566427209261,302.9914076539598
2021-06-08,303.88715,525,303.4429419307201,303.0316057720045
2021-06-09,303.2091,526,303.3191520016193,303.07052493741435
2021-06-10,301.15848,527,302.73912103891934,303.10815382574026
2021-06-11,301.3867,528,301.87785848407077,303.14448148796953
2021-06-12,300.60916,529,300.9782166722206,303.1794973537122
2021-06-13,299.03622,530,300.2808899779124,303.2131912342761
2021-06-14,301.39398,531,299.9589103519446,303.24555332563205
2021-06-15,302.3685,532,300.0751622736057,303.2765742112663
2021-06-16,301.51135,533,300.57334785226965,303.3062448649205
2021-06-17,300.0379,534,301.302211128906,303.33455665321816
2021-06-18,300.8035,535,302.06317264405504,303.36150133817677
2021-06-19,301.2307,536,302.6657321328351,303.38707107960465
2021-06-20,303.85715,537,302.9744829842118,303.4112584373825
2021-06-21,305.02078,538,302.9359442759864,303.4340563736281
2021-06-22,300.54208,539,302.5807394268308,303.4554582547442
2021-06-23,301.65662,540,302.00429028651115,303.47545785334864
2021-06-24,301.71567,541,301.3347322339516,303.49404935008664
2021-06-25,301.3667,542,300.6987750778327,303.5112273353236
2021-06-26,301.34613,543,300.1946777983772,303.52698681071956
2021-06-27,300.1122,544,299.87751014397736,303.54132319068356
2021-06-28,299.01758,545,299.75721247917795,303.55423230370764
2021-06-29,299.37515,546,299.8063228190162,303.5657103935809
2021-06-30,298.38004,547,299.9726194789212,303.5757541204824
2021-07-01,299.97156,548,300.19238448746995,303.58436056195285
2021-07-02,301.01648,549,300.4017676570778,303.59152721374517
2021-07-03,301.10602,550,300.54568783594107,303.597251990553
2021-07-04,301.991,551,300.5848708395515,303.60153322661745
2021-07-05,301.4444,552,300.5015874493557,303.60436967621195
2021-07-06,299.72217,553,300.30370566573754,303.6057605140046
2021-07-07,297.95154,554,300.0255881163498,303.6057053352983
2021-07-08,300.13086,555,299.7240054820022,303.6042041561486
2021-07-09,298.1904,556,299.4680954585707,303.60125741335906
2021-07-10,299.7627,557,299.3243382996966,303.59686596435387
2021-07-11,300.58932,558,299.339798866251,303.5910310869288
2021-07-12,300.6583,559,299.5284533192035,303.583754478879
2021-07-13,299.03696,560,299.8653901281234,303.5750382575052
2021-07-14,300.2119,561,300.2917497512203,303.5648849589976
2021-07-15,300.4507,562,300.7299278373791,303.5532975376979
2021-07-16,300.66968,563,301.10495238777173,303.5402793652396
2021-07-17,301.42667,564,301.36543771408475,303.52583422956707
2021-07-18,301.46643,565,301.4971954824336,303.5099663338331
2021-07-19,301.79553,566,301.5247599239244,303.4926802951764
2021-07-20,302.21417,567,301.5001278363573,303.47398114337744
2021-07-21,301.39883,568,301.48252823463037,303.4538743193956
2021-07-22,300.46414,569,301.51635781636463,303.43236567378545
2021-07-23,301.3505,570,301.6152438749069,303.4094614649948
2021-07-24,302.33563,571,301.75810422433926,303.3851683575434
2021-07-25,302.10748,572,301.8987286690279,303.3594934200839
2021-07-26,302.4266,573,301.9853556251876,303.3324441233447
2021-07-27,302.54672,574,301.98283918323034,303.30402833795694
2021-07-28,301.28424,575,301.8888054243143,303.27425433216337
2021-07-29,300.77744,576,301.73723419355605,303.2431307694133
2021-07-30,301.0866,577,301.587521843386,303.2106667058414
2021-07-31,301.6353,578,301.5026264608693,303.1768715876326
2021-08-01,302.57208,579,301.524299089274,303.14175524827374
2021-08-02,302.45334,580,301.65494239019847,303.10532790569187
2021-08-03,301.51862,581,301.85360416051606,303.06760015928154
2021-08-04,301.37073,582,302.0486160304718,303.0285829868204
2021-08-05,302.30682,583,302.16317514535604,302.9882877412751
2021-08-06,301.74097,584,302.1450151473812,302.94672614749754
2021-08-07,302.15033,585,301.9891997157152,302.90391029881386
2021-08-08,301.65414,586,301.7449304222389,302.859852653505
2021-08-09,301.54535,587,301.5025956348309,302.8145660311821
2021-08-10,301.61636,588,301.3643049669441,302.76806360905584
2021-08-11,301.86652,589,301.40737229457153,302.72035891810293
2021-08-12,301.35043,590,301.6533398416736,302.67146583912825
2021-08-13,301.7697,591,302.05391544907695,302.62139859872633
2021-08-14,302.76624,592,302.49988061909437,302.57017176514165
2021-08-15,302.479,593,302.85134412390335,302.5178002440297
2021-08-16,302.69003,594,302.9802853707632,302.4642992741197
2021-08-17,302.84995,595,302.81175995723004,302.4096844227807
2021-08-18,302.74182,596,302.3500973309748,302.35397158149186
2021-08-19,302.99265,597,301.68103406535977,302.2971769612184
2021-08-20,300.93408,598,300.94850761022366,302.2393170876946
2021-08-21,298.4583,599,300.31317688300544,302.1804087966154
2021-08-22,298.6985,600,299.9058051972027,302.12046922873736
2021-08-23,300.94885,601,299.7903610031259,302.05951582489155
2021-08-24,301.03976,602,299.94846465141325,301.99756632090845
2021-08-25,300.7234,603,300.2897262982747,301.9346387424574
2021-08-26,300.59537,604,300.6839863124933,301.87075139980146
2021-08-27,300.54764,605,301.00437337551,301.80592288246993
2021-08-28,300.89798,606,301.16681357930435,301.74017205384877
2021-08-29,300.22266,607,301.15320963494554,301.67351804569256
2021-08-30,300.9817,608,301.01134494955215,301.6059802525569
2021-08-31,301.57016,609,300.8325959739866,301.5375783261557
2021-09-01,301.49258,610,300.7159877068171,301.46833216964274
2021-09-02,300.5592,611,300.731479422424,301.3982619318205
2021-09-03,300.85913,612,300.89520734836253,301.3273880012773
2021-09-04,300.6223,613,301.16489816114796,301.2557310004549
2021-09-05,301.4702,614,301.4564492822107,301.18331177964774
2021-09-06,301.58173,615,301.6752881288822,301.11015141093617
2021-09-07,301.942,616,301.7511132832092,301.036271182055
2021-09-08,301.49625,617,301.6636566480216,300.96169259019933
2021-09-09,301.87573,618,301.4504345987562,300.8864373357695
2021-09-10,301.81873,619,301.193849782486,300.8105273160567
2021-09-11,299.542,620,300.9922134323683,300.7339846188716
2021-09-12,300.74744,621,300.92480001660016,300.6568315161172
2021-09-13,301.21783,622,301.0230595729262,300.57909045730855
2021-09-14,302.69266,623,301.25797120321505,300.5007840630402
2021-09-15,302.0784,624,301.5480132693872,300.4219351184046
2021-09-16,300.87567,625,301.7852558156544,300.3425665663617
2021-09-17,300.45975,626,301.87100037064016,300.2627015010639
2021-09-18,301.38794,627,301.7492056943298,300.1823631611354
2021-09-19,301.90674,628,301.4266484979597,300.1015749229113
2021-09-20,302.2876,629,300.9730785179166,300.0203602936348
2021-09-21,302.01102,630,300.5010785057726,299.9387429046178
2021-09-22,298.48105,631,300.131822542998,299.8567465043647
2021-09-23,299.2586,632,299.95738184602,299.77439495166203
2021-09-24,299.33096,633,300.01130036078575,299.69171220863643
2021-09-25,300.62668,634,300.25659850427684,299.6087223337821
2021-09-26,300.977,635,300.5950398040425,299.5254494749605
2021-09-27,301.5569,636,300.89509775357936,299.441917862374
2021-09-28,301.34,637,301.03052996907536,299.35815180151536
2021-09-29,301.11383,638,300.91840404244704,299.27417566609574
2021-09-30,300.0902,639,300.54563052109273,299.19001389095234
2021-10-01,299.23712,640,299.9763690626118,299.1056909649387
2021-10-02,298.41388,641,299.3380425430974,299.0212314237989
2021-10-03,298.9526,642,298.7895632618388,298.93665984302845
2021-10-04,299.4131,643,298.4801373082146,298.85200083072357
2021-10-05,299.00778,644,298.5094461073899,298.76727902042063
2021-10-06,299.43707,645,298.8995658187544,298.68251906392845
2021-10-07,299.84778,646,299.5859001062492,298.59774562415555
2021-10-08,299.8604,647,300.42954647882493,298.51298336793377
2021-10-09,300.59818,648,301.24815701073607,298.4282569588406
2021-10-10,300.9094,649,301.85781697554285,298.3435910500232
2021-10-11,301.83755,650,302.11582292246356,298.2590102770246
2021-10-12,302.04788,651,301.95408352312677,298.17453925061557
2021-10-13,302.02072,652,301.3951844200563,298.09020254963366
2021-10-14,302.2914,653,300.54736827249724,298.0060247138311
2021-10-15,301.50803,654,299.57976316350664,297.9220302367346
2021-10-16,296.425,655,298.6839223281129,297.83824355851834
2021-10-17,296.23795,656,298.03096759466297,297.7546890588926
2021-10-18,296.89743,657,297.7345592959277,297.6713910500097
2021-10-19,298.1427,658,297.82830386371893,297.5883737693899
2021-10-20,299.6779,659,298.2624537542459,297.50566137286904
2021-10-21,300.1476,660,298.9198157739089,297.4232779275698
2021-10-22,299.20496,661,299.6459624134123,297.34124740489864
2021-10-23,299.81335,662,300.2854310301308,297.2595936735708
2021-10-24,300.1942,663,300.71452253636573,297.1783404926654
2021-10-25,299.9574,664,300.8628468589765,297.09751150471175
2021-10-26,301.49124,665,300.71942066572046,297.01713022881034
2021-10-27,302.79755,666,300.3237804316101,296.9372200537893
2021-10-28,298.90866,667,299.74679913402804,296.8578042313987
2021-10-29,297.12018,668,299.06839259723444,296.7789058695451
2021-10-30,297.43997,669,298.35933535707034,296.70054792556795
2021-10-31,297.54147,670,297.6720537362578,296.622753199559
2021-11-01,298.25076,671,297.0414088810551,296.54554432772875
2021-11-02,298.00333,672,296.4925275774716,296.4689437758194
2021-11-03,297.7068,673,296.05012710424177,296.39297383256826
2021-11-04,294.07666,674,295.7434828218634,296.3176566032221
2021-11-05,294.22797,675,295.6033351139401,296.2430140031052
2021-11-06,295.10568,676,295.6508384900295,296.16906775124266
2021-11-07,295.91376,677,295.8826664883912,296.09583936404044
2021-11-08,296.67142,678,296.25899219291614,296.02335014902496
2021-11-09,296.89236,679,296.7010979253555,295.951621198643
2021-11-10,297.24268,680,297.10257178522255,295.8806733841246
2021-11-11,298.0003,681,297.3532367389057,295.8105273494096
2021-11-12,298.59012,682,297.369786983974,295.7412035051413
2021-11-13,295.46683,683,297.1235210627375,295.67272202272727
2021-11-14,296.2749,684,296.6550925332382,295.60510282846997
2021-11-15,296.22717,685,296.0693644656491,295.5383655977688
2021-11-16,295.53195,686,295.5094862152416,295.47252974939516
2021-11-17,295.65338,687,295.11633399667835,295.4076144398419
2021-11-18,294.5999,688,294.9850761849676,295.34363855774933
2021-11-19,293.6061,689,295.13274336345773,295.2806207184093
2021-11-20,296.33408,690,295.4882682793662,295.21857925834854
2021-11-21,297.90842,691,295.9099791519477,295.1575322299931
2021-11-22,295.54138,692,296.2268855819939,295.09749739641575
2021-11-23,295.5434,693,296.2920613298477,295.03849222616725
2021-11-24,296.6593,694,296.0317382668275,294.98053388819363
2021-11-25,296.92865,695,295.4741426723699,294.9236392468402
2021-11-26,291.42764,696,294.747767311077,294.8678248569449
2021-11-27,294.3248,697,294.0480719132952,294.8131069590208
2021-11-28,293.60965,698,293.58165066741077,294.75950147453085
2021-11-29,294.11853,699,293.5044435688028,294.7070240012552
2021-11-30,294.22937,700,293.8730522192722,294.6556898087523
2021-12-01,295.56415,701,294.6246794963277,294.6055138339163
2021-12-02,296.20236,702,295.59261837378193,294.55651067663047
2021-12-03,296.1632,703,296.55321099652605,294.50869459551916
2021-12-04,296.6721,704,297.29026755025006,294.46207950379903
2021-12-05,296.65353,705,297.6572744744985,294.41667896523046
2021-12-06,297.2221,706,297.618202024806,294.3725061901709
2021-12-07,296.2774,707,297.2542589141393,294.3295740317311
2021-12-08,296.81613,708,296.7345122491318,294.2878949820352
2021-12-09,298.86676,709,296.2595709182617,294.2474811685857
2021-12-10,297.8524,710,295.995962266666,294.2083443507348
2021-12-11,296.1521,711,296.02176109349875,294.1704959162628
2021-12-12,293.05862,712,296.3005473341485,294.1339468780643
2021-12-13,295.8655,713,296.69198497384724,294.09870787094405
2021-12-14,297.04044,714,296.9959887495861,294.0647891485223
2021-12-15,297.2607,715,297.01709536603624,294.0322005802514
2021-12-16,296.89316,716,296.62944862409665,294.0009516485438
2021-12-17,297.30182,717,295.82258212414246,293.9710514460133
2021-12-18,297.2428,718,294.713916000696,293.942508672829
2021-12-19,290.7745,719,293.5237493287157,293.91533163418393
2021-12-20,290.49655,720,292.51951047939656,293.8895282378785
2021-12-21,291.5421,721,291.94486816592485,293.8651059920195
2021-12-22,293.11505,722,291.95349420387777,293.8420720028354
2021-12-23,293.86206,723,292.5657470172592,293.8204329726085
2021-12-24,294.57922,724,293.6599467005928,293.80019519772515
2021-12-25,295.69373,725,295.00028867489,293.78136456684314
2021-12-26,295.167,726,296.2935895990932,293.7639465591788
2021-12-27,294.9779,727,297.25967855526056,293.74794624291223
2021-12-28,296.43076,728,297.697199627577,293.7333682737128
2021-12-29,298.0734,729,297.5284492642073,293.7202168933845
2021-12-30,297.79544,730,296.8128608525961,293.7084959286316
2021-12-31,296.8593,731,295.7270723090099,293.6982087899452
2022-01-01,299.54678,732,294.51790662386554,293.6893584706111
2022-01-02,292.6208,733,293.4409516807759,293.6819475458383
2022-01-03,287.5357,734,292.7003038699022,293.67597817201016
2022-01-04,289.66525,735,292.403957559472,293.6714520860569
2022-01-05,292.51196,736,292.54478225295964,293.6683706049498
2022-01-06,295.05878,737,293.01031638970375,293.66673462531867
2022-01-07,294.34296,738,293.6174336325927,293.6665446231902
2022-01-08,297.11862,739,294.16203209723716,293.66780065385007
2022-01-09,297.57642,740,294.47062189557187,293.67050235182654
2022-01-10,291.1877,741,294.44075480829537,293.67464893099685
2022-01-11,290.4805,742,294.0605715208395,293.68023918481595
2022-01-12,292.62994,743,293.4034801416945,293.6872714866677
2022-01-13,293.19647,744,292.60067266731875,293.69574379033804
2022-01-14,293.64426,745,291.80010811936194,293.7056536306103
2022-01-15,292.18143,746,291.1241546279398,293.71699812398276
2022-01-16,288.20026,747,290.6382558548653,293.7297739695075
2022-01-17,289.53302,748,290.33961281549654,293.74397744975096
2022-01-18,292.71674,749,290.16878591141244,293.7596044318756
2022-01-19,294.289,750,290.04000133925393,293.77665036884224
2022-01-20,290.42725,751,289.87989345328265,293.79511030073365
2022-01-21,283.4906,752,289.66136137622425,293.81497885619723
2022-01-22,285.7588,753,289.4203106574541,293.83625025400806
2022-01-23,288.35535,754,289.24821489020064,293.8589183047513
2022-01-24,292.53418,755,289.2612810003666,293.88297641262295
2022-01-25,293.62808,756,289.5551615723736,293.9084175773491
2022-01-26,292.27338,757,290.15995270741274,293.9352343962228
2022-01-27,292.3921,758,291.01152533696916,293.96341906625815
2022-01-28,289.11746,759,291.9512499454618,293.9929633864606
2022-01-29,287.55447,760,292.7577748296246,294.02385876021333
2022-01-30,291.12558,761,293.2041404348315,294.05609619777874
2022-01-31,293.88135,762,293.1244540322896,294.08966631891394
2022-02-01,294.627,763,292.4697330240855,294.1245593556005
2022-02-02,296.99402,764,291.3342360934874,294.1607651548864
2022-02-03,291.89764,765,289.9415560168536,294.19827318184036
2022-02-04,283.82654,766,288.5917768454318,294.23707252261727
2022-02-05,284.59143,767,287.58342566348995,294.27715188763386
2022-02-06,287.81494,768,287.1327235994018,294.3184996148535
2022-02-07,287.96216,769,287.31466755988396,294.3611036731799
2022-02-08,287.37433,770,288.0447098005178,294.4049516659573
2022-02-09,289.33337,771,289.10772250441283,294.45003083457806
2022-02-10,291.4118,772,290.22617904454506,294.49632806219483
2022-02-11,292.8036,773,291.14675457552056,294.5438298775373
2022-02-12,294.31482,774,291.71809431679947,294.5925224588319
2022-02-13,288.50128,775,291.934676957637,294.64239163782366
2022-02-14,287.71445,776,291.9321155192722,294.6934229038988
2022-02-15,291.2159,777,291.93475604594505,294.7456014083068
2022-02-16,294.40817,778,292.17212560503305,294.7989119684811
2022-02-17,298.41718,779,292.7914918343189,294.85333907245695
2022-02-18,293.9477,780,293.79585307351306,294.90886688338463
2022-02-19,290.87143,781,295.02915137415096,294.96547924413795
2022-02-20,295.01904,782,296.2155922490819,295.0231596820153
2022-02-21,296.45065,783,297.0423541752012,295.08189141353284
2022-02-22,297.99103,784,297.26036773675423,295.14165734930805
2022-02-23,298.6166,785,296.77107767992567,295.2024400990323
2022-02-24,296.4452,786,295.67055057389564,295.2642219765309
2022-02-25,293.44852,787,294.23505239160846,295.3269850049095
2022-02-26,292.98874,788,292.85035239991913,295.3907109217846
2022-02-27,290.98718,789,291.9047799953811,295.45538118459774
2022-02-28,291.1543,790,291.67779317032125,295.5209769760106
2022-03-01,291.84885,791,292.257730899053,295.5874792093806
2022-03-02,294.44476,792,293.51386035966055,295.6548685343144
2022-03-03,296.08466,793,295.13147145442184,295.7231253422985
2022-03-04,296.37115,794,296.6997549557178,295.79222977240465
2022-03-05,297.72253,795,297.82646315587135,295.8621617170691
2022-03-06,298.80515,796,298.2457220256393,295.9329008279432
2022-03-07,297.1718,797,297.8880435950713,296.00442652181414
2022-03-08,295.3288,798,296.89350667334696,296.0767179865943
2022-03-09,294.2016,799,295.5663133001772,296.14975418737697
2022-03-10,297.02637,800,294.28604371279033,296.2235138725569
2022-03-11,298.5966,801,293.4027296568281,296.29797558001405
2022-03-12,289.0215,802,293.1460285065377,296.3731176433584
2022-03-13,289.96417,803,293.5728310999365,296.44891819823425
2022-03-14,295.40613,804,294.5649398565671,296.52535518868245
2022-03-15,297.43347,805,295.87331032495206,296.6024063735578
2022-03-16,296.61542,806,297.1925118906715,296.6800493330007
2022-03-17,300.66418,807,298.2422014757616,296.7582614749608
2022-03-18,299.24838,808,298.8330192346882,296.8370200417708
2022-03-19,296.53964,809,298.9014393433615,296.91630211676807
2022-03-20,296.5568,810,298.5088332728202,296.99608463096297
2022-03-21,299.41147,811,297.81060308354614,297.0763443697512
2022-03-22,299.77695,812,297.0084762771237,297.1570579796689
2022-03-23,294.28183,813,296.3011791875769,297.23820197518745
2022-03-24,294.53854,814,295.84589055048684,297.31975274554753
2022-03-25,296.81534,815,295.73691103634326,297.40168656162916
2022-03-26,296.63348,816,296.001455619227,297.483979582856
2022-03-27,295.77563,817,296.6077454239986,297.5666078641326
2022-03-28,296.8782,818,297.4789466759144,297.6495473628117
2022-03-29,299.16492,819,298.50786615113276,297.73277394568987
2022-03-30,301.82913,820,299.57036140702337,297.81626339603
2022-03-31,300.22498,821,300.53832909443076,297.89999142060725
2022-04-01,299.61588,822,301.29436122090806,297.98393365677816
2022-04-02,300.4789,823,301.74911652449265,298.0680656795692
2022-04-03,300.67523,824,301.85971602277925,298.15236300878405
2022-04-04,301.35056,825,301.64449742596423,298.2368011161266
2022-04-05,303.79587,826,301.18794226967947,298.32135543233795
2022-04-06,305.43576,827,300.63068486140173,298.4060013543455
2022-04-07,299.14456,828,300.1433067687948,298.4907142524218
2022-04-08,296.5645,829,299.8880001149316,298.5754694773512
2022-04-09,296.9413,830,299.97720681937614,298.66024236760194
2022-04-10,299.61545,831,300.4409696209837,298.7450082565022
2022-04-11,303.5733,832,301.21363246751196,298.8297424794173
2022-04-12,303.25284,833,302.145653001852,298.9144203809266
2022-04-13,304.9226,834,303.0389834042693,298.9990173219974
2022-04-14,303.52673,835,303.6970688149903,299.08350868715456
2022-04-15,303.20627,836,303.975527782009,299.16786989164245
2022-04-16,302.80618,837,303.8188333637105,299.2520763885789
2022-04-17,303.23206,838,303.27224196713155,299.33610367609765
2022-04-18,302.3735,839,302.4656716769806,299.41992730447754
2022-04-19,300.5206,840,301.5748356965471,299.5035228832567
2022-04-20,301.6231,841,300.77187773200797,299.58686608833005
2022-04-21,300.009,842,300.18074677282044,299.6699326690262
2022-04-22,299.7675,843,299.8506120115424,299.75269845516436
2022-04-23,300.70154,844,299.7544279348436,299.83513936408696
2022-04-24,301.4153,845,299.8114093229693,299.9172314076671
2022-04-25,301.1645,846,299.92446465015513,299.99895069928857
2022-04-26,296.71362,847,300.01911250964025,300.0802734607959
2022-04-27,298.59302,848,300.0705064834986,300.16117602941375
2022-04-28,299.6856,849,300.1097744136817,300.2416348646316
2022-04-29,301.01636,850,300.2082867456106,300.3216265550535
2022-04-30,302.02008,851,300.44613546824087,300.40112782521066
2022-05-01,301.32077,852,300.8764317687835,300.4801155423333
2022-05-02,301.8163,853,301.4982714480761,300.5585667230822
2022-05-03,302.3318,854,302.2480512574956,300.63645854023605
2022-05-04,302.52942,855,303.0124230234095,300.7137683293334
2022-05-05,302.9546,856,303.65878251108006,300.7904735952677
2022-05-06,303.3606,857,304.073318716063,300.8665520188328
2022-05-07,303.96628,858,304.19422879162016,300.94198146321685
2022-05-08,304.28268,859,304.0294526813024,301.0167399804441
2022-05-09,304.4498,860,303.65350126968127,301.09080581776055
2022-05-10,303.57205,861,303.18480810210815,301.16415742396407
2022-05-11,302.47543,862,302.7512106473641,301.2367734556747
2022-05-12,302.58353,863,302.4546550652061,301.30863278354536
2022-05-13,302.74072,864,302.3459776590996,301.3797144984098
2022-05-14,302.0819,865,302.4168802897553,301.44999791736643
2022-05-15,302.44876,866,302.6103631520649,301.51946258979694
2022-05-16,302.66565,867,302.8449203671335,301.5880883033165
2022-05-17,302.85336,868,303.0436962915689,301.65585508965506
2022-05-18,301.85623,869,303.1587941523419,301.7227432304679
2022-05-19,303.13858,870,303.18319085326743,301.78873326307286
2022-05-20,305.0074,871,303.1473240736717,301.85380598611346
2022-05-21,304.32935,872,303.1027331644864,301.9179424651462
2022-05-22,303.44168,873,303.09935849984487,301.98112403814974
2022-05-23,301.7486,874,303.16489041327463,302.0433323209553
2022-05-24,301.97617,875,303.293435045374,302.1045492125957
2022-05-25,303.3978,876,303.44723982951433,302.1647569005725
2022-05-26,303.71423,877,303.570572910897,302.2239378660389
2022-05-27,304.08105,878,303.61066800637855,302.28207488889706
2022-05-28,303.76196,879,303.5382978165334,302.3391510528091
2022-05-29,303.4614,880,303.3607385827173,302.39514975011883
2022-05-30,303.90784,881,303.1224925969088,302.4500546866845
2022-05-31,302.68253,882,302.89322803748576,302.50384988661995
2022-06-01,302.40253,883,302.74661268140335,302.55651969694287
2022-06-02,302.30167,884,302.73670075890186,302.6080487921297
2022-06-03,302.49008,885,302.87935539756205,302.6584221785749
2022-06-04,303.13486,886,303.1446356633584,302.7076251989535
2022-06-05,303.98007,887,303.46268003462455,302.7556435364863
2022-06-06,304.0583,888,303.7414690021008,302.8024632191054
2022-06-07,303.988,889,303.89124450810584,302.8480706235199
2022-06-08,304.17575,890,303.8484005685602,302.8924524791798
2022-06-09,301.70648,891,303.5919079336159,302.9355958721374
2022-06-10,303.3776,892,303.14768008707705,302.97748824880495
2022-06-11,303.8745,893,302.5799773763673,303.01811741960745
2022-06-12,303.1467,894,301.97283446099965,303.05747156252926
2022-06-13,300.87717,895,301.4073947022629,303.0955392265544
2022-06-14,299.81174,896,300.94207161007705,303.1323093349982
2022-06-15,299.8409,897,300.6013380870072,303.1677711887302
2022-06-16,299.79974,898,300.3760399277928,303.20191446928783
2022-06-17,301.70972,899,300.23436376021743,303.23472924187826
2022-06-18,299.68896,900,300.13915559180737,303.26620595826944
2022-06-19,301.21085,901,300.06528289132484,303.2963354595683
2022-06-20,301.2002,902,300.01081854250566,303.32510897888585
2022-06-21,299.09982,903,299.9979987050932,303.352518143888
2022-06-22,297.8254,904,300.0634912565791,303.3785549792317
2022-06-23,300.4227,905,300.2413469833637,303.4032119088856
2022-06-24,301.20816,906,300.5448059393859,303.42648175833455
2022-06-25,301.4065,907,300.95389910721354,303.44835775666695
2022-06-26,301.9432,908,301.4141556382442,303.4688335385451
2022-06-27,301.5551,909,301.84812206041386,303.48790314605736
2022-06-28,302.30145,910,302.17693976545127,303.50556103045164
2022-06-29,301.51468,911,302.3453916486154,303.52180205375004
2022-06-30,302.5894,912,302.34198637647324,303.53662149024376
2022-07-01,302.43945,913,302.2065841613726,303.5500150278682
2022-07-02,301.8623,914,302.0216739634829,303.56197876945765
2022-07-03,302.0713,915,301.88866092453316,303.57250923387943
2022-07-04,302.12036,916,301.89574816048156,303.58160335704645
2022-07-05,302.1509,917,302.08741440018684,303.5892584928091
2022-07-06,302.24976,918,302.44579559344123,303.5954724137252
2022-07-07,302.42957,919,302.89113291152836,303.6002433117077
2022-07-08,302.92712,920,303.30265714153387,303.60356979855146
2022-07-09,303.43466,921,303.55460049286694,303.6054509063366
2022-07-10,304.28052,922,303.55664356675635,303.6058860877105
2022-07-11,303.95282,923,303.2859090628317,303.60487521604676
2022-07-12,303.54416,924,302.7995443293381,303.6024185854825
2022-07-13,301.8432,925,302.22260176806486,303.5985169108322
2022-07-14,300.51044,926,301.7136613977012,303.59317132738016
2022-07-15,300.68954,927,301.41798898100734,303.58638339054994
2022-07-16,301.40604,928,301.4225315903644,303.57815507545195
2022-07-17,301.91425,929,301.72709475132245,303.5684887763084
2022-07-18,302.7004,930,302.2414130988264,303.5573873057571
2022-07-19,303.79572,931,302.8098628992383,303.54485389403277
2022-07-20,303.80637,932,303.256776335215,303.5308921880271
2022-07-21,303.66776,933,303.43857388269004,303.51550625022776
2022-07-22,302.28522,934,303.28651054303094,303.49870055753627
2022-07-23,301.45996,935,302.8266328850282,303.48047999996527
2022-07-24,301.86795,936,302.170742605026,303.46084987921574
2022-07-25,301.5701,937,301.4814453548329,303.4398159071343
2022-07-26,302.20767,938,300.92267761950205,303.4173842040512
2022-07-27,300.98438,939,300.6116771623434,303.39356129699956
2022-07-28,300.69714,940,300.5876505186544,303.36835411781607
2022-07-29,300.8073,941,300.80662456418054,303.341770001124
2022-07-30,300.9871,942,301.16309674278864,303.31381668219916
2022-07-31,301.42633,943,301.5301369502257,303.28450229471895
2022-08-01,300.88037,944,301.8035995995952,303.25383536839587
2022-08-02,301.40845,945,301.935116511261,303.2218248264953
2022-08-03,302.63315,946,301.94286791708913,303.1884799832396
2022-08-04,302.5748,947,301.8972287770248,303.15381054109724
2022-08-05,302.30682,948,301.88739945067357,303.1178265879601
2022-08-06,301.72107,949,301.98187043538843,303.0805385942081
2022-08-07,302.04086,950,302.1976563563996,303.04195740966253
2022-08-08,302.13177,951,302.48992800189853,303.002094260429
2022-08-09,302.20212,952,302.76615501475374,302.96096074563087
2022-08-10,303.0792,953,302.91983798273475,302.9185688340345
2022-08-11,303.4786,954,302.87160815068825,302.87493086056645
2022-08-12,303.64914,955,302.602555748911,302.83005952272424
2022-08-13,301.37167,956,302.16720652315604,302.78396787688206
2022-08-14,301.21384,957,301.68072829470435,302.7366693344913
2022-08-15,300.84702,958,301.28417303128924,302.68817765817846
2022-08-16,300.70975,959,301.099531909527,302.6385069577405
2022-08-17,301.8946,960,301.19020497799636,302.58767168603913
2022-08-18,302.38358,961,301.54073544879134,302.53568663479575
2022-08-19,302.18658,962,302.06290588409286,302.48256693028713
2022-08-20,302.31732,963,302.62593289774986,302.42832802894407
2022-08-21,302.56815,964,303.0998956696342,302.37298571285424
2022-08-22,303.3855,965,303.396822930776,302.3165560851698
2022-08-23,303.08835,966,303.49479688445354,302.2590555654218
2022-08-24,303.8261,967,303.4367283597537,302.2005008847428
2022-08-25,303.95752,968,303.3048681029047,302.14090908099803
2022-08-26,302.39655,969,303.18122012518825,302.0802974938284
2022-08-27,302.90607,970,303.10944345701097,302.01868375960476
2022-08-28,303.8933,971,303.07348532130453,301.95608580629624
2022-08-29,302.60098,972,303.0020762046523,301.89252184825386
2022-08-30,303.1311,973,302.79845756043255,301.8280103809103
2022-08-31,302.61502,974,302.38483121775147,301.76257017539865
2022-09-01,301.2438,975,301.7446925141072,301.6962202730901
2022-09-02,301.1961,976,300.9459261577591,301.6289799800536
2022-09-03,299.4659,977,300.1336648011086,301.5608688614384
2022-09-04,299.61728,978,299.49246891228705,301.4919067357809
2022-09-05,299.12177,979,299.18872788013357,301.42211366923806
2022-09-06,299.35263,980,299.31222647188616,301.3515099697487
2022-09-07,299.89206,981,299.8375145061185,301.2801161811244
2022-09-08,301.25742,982,300.62015968848937,301.207953077072
2022-09-09,302.08472,983,301.4317950243666,301.1350416551484
2022-09-10,301.7292,984,302.02477522731573,301.0614031306517
2022-09-11,301.4327,985,302.2067187380038,300.9870589304473
2022-09-12,301.52362,986,301.9009761286059,300.9120306867337
2022-09-13,301.06857,987,301.1728032324169,300.8363402307481
2022-09-14,300.63278,988,300.21169544583597,300.7600095864138
2022-09-15,298.48602,989,299.2745159394764,300.68306096393206
2022-09-16,298.9053,990,298.6070091516772,300.6055167533196
2022-09-17,299.15613,991,298.3686386215624,300.52739951789334
2022-09-18,299.44745,992,298.5848638792519,300.44873198770546
2022-09-19,299.43884,993,299.14214649380995,300.3695370529292
2022-09-20,299.22263,994,299.82702921732465,300.28983775719877
2022-09-21,299.75208,995,300.39619784737573,300.20965729090403
2022-09-22,299.2871,996,300.65434156028846,300.1290189844428
2022-09-23,300.23383,997,300.5142615670212,300.04794630143215
2022-09-24,300.86346,998,300.01983259271475,299.9664628318814
2022-09-25,300.42764,999,299.3250188997055,299.8845922853279
2022-09-26,298.49915,1000,298.6369365570194,299.8023584839382
2022-09-27,298.31277,1001,298.14295111573284,299.7197853555762
2022-09-28,298.64325,1002,297.94696960306607,299.63689692684136
2022-09-29,297.81998,1003,298.03670502592655,299.55371731607676
2022-09-30,297.45316,1004,298.29292776311604,299.47027072635217
2022-10-01,298.16238,1005,298.5372288354584,299.38658143842105
2022-10-02,297.9263,1006,298.6015138564143,299.30267380365547
2022-10-03,298.18637,1007,298.39482777557544,299.2185722369609
2022-10-04,298.4876,1008,297.9437663278399,299.1343012096716
2022-10-05,298.20175,1009,297.3914676586957,299.0498852424308
2022-10-06,297.0189,1010,296.9540968656129,298.96534889805497
2022-10-07,297.39975,1011,296.848205370423,298.8807167743875
2022-10-08,297.59155,1012,297.21254788953115,298.7960134971408
2022-10-09,298.35916,1013,298.0504634487577,298.7112637127312
2022-10-10,297.7648,1014,299.2128909575153,298.62649208110736
2022-10-11,299.3,1015,300.4294136663733,298.5417232685749
2022-10-12,301.21198,1016,301.3794861584256,298.4569819406192
2022-10-13,302.0904,1017,301.7830837472623,298.3722927547282
2022-10-14,301.07742,1018,301.48354704738915,298.2876803532182
2022-10-15,301.0403,1019,300.49740881676047,298.20316935606286
2022-10-16,301.04236,1020,299.0158154198865,298.1187843537302
2022-10-17,300.88516,1021,297.3566727222785,298.0345499000268
2022-10-18,293.07617,1022,295.8813196568999,297.9504905049538
2022-10-19,291.38586,1023,294.8998627827111,297.86663062757475
2022-10-20,293.8067,1024,294.59223319876753,297.78299466889894
2022-10-21,295.2417,1025,294.96684540074193,297.6996069647811
2022-10-22,296.83658,1026,295.86723584690094,297.6164917788405
2022-10-23,298.31073,1027,297.0228892392783,297.5336732954008
2022-10-24,300.13452,1028,298.12794907423216,297.4511756124532
2022-10-25,298.09653,1029,298.9243080486019,297.3690227346442
2022-10-26,297.6501,1030,299.2655786276348,297.28723856629136
2022-10-27,299.35446,1031,299.1452978528501,297.2058469044273
2022-10-28,300.1625,1032,298.6840321485743,297.1248714318757
2022-10-29,296.39374,1033,298.08221872684254,297.0443357103603
2022-10-30,296.34534,1034,297.55495505842526,296.9642631736487
2022-10-31,297.49173,1035,297.26892139777783,296.884677120734
2022-11-01,298.1612,1036,297.2993641157362,296.8056007090554
2022-11-02,297.87396,1037,297.6176728598472,296.72705694775993
2022-11-03,298.891,1038,298.1101239747745,296.6490686910076
2022-11-04,299.61945,1039,298.61901971714826,296.5716586313209
2022-11-05,298.34775,1040,298.9915209948648,296.4948492929826
2022-11-06,298.27014,1041,299.12052719239546,296.4186630254813
2022-11-07,297.93384,1042,298.9659484689157,296.34312199700844
2022-11-08,298.8308,1043,298.55206970436325,296.2682481880079
2022-11-09,297.70837,1044,297.9448886626038,296.19406338478035
2022-11-10,297.69046,1045,297.2196627236669,296.1205891731441
2022-11-11,298.38843,1046,296.4314608715306,296.04784693215385
2022-11-12,294.07233,1047,295.5996195189207,295.9758578278803
2022-11-13,292.40186,1048,294.71142557368773,295.9046428072514
2022-11-14,296.52368,1049,293.74304974687794,295.83422259195686
2022-11-15,294.2071,1050,292.68920700386514,295.76461767241943
2022-11-16,290.825,1051,291.5894423981142,295.695848301832
2022-11-17,287.48346,1052,290.53957221350555,295.6279344902649
2022-11-18,291.3459,1053,289.68152543289864,295.56089599884353
2022-11-19,290.4914,1054,289.1721589158206,295.494752333998
2022-11-20,287.72632,1055,289.13919566482645,295.4295227417877
2022-11-21,288.05676,1056,289.6377347701144,295.365226202301
2022-11-22,290.0284,1057,290.62192515540653,295.30188142413255
2022-11-23,294.50848,1058,291.94277444160156,295.2395068389395
2022-11-24,296.25128,1059,293.3755860654024,295.17812059607866
2022-11-25,294.57022,1060,294.6713805882197,295.11774055732513
2022-11-26,292.12424,1061,295.6187076842145,295.0583842916754
2022-11-27,295.09106,1062,296.0981103911971,295.0000690702349
2022-11-28,295.95816,1063,296.1127015176258,294.94281186119264
2022-11-29,298.0194,1064,295.7847665095325,294.8866293248841
2022-11-30,295.68222,1065,295.31824753138636,294.8315378089433
2022-12-01,292.3499,1066,294.937415421486,294.7775533435463
2022-12-02,295.48587,1067,294.81971109694257,294.72469163674634
2022-12-03,296.56128,1068,295.0430734060666,294.672968069904
2022-12-04,296.5527,1069,295.56409168843965,294.6223976932109
2022-12-05,296.2157,1070,296.2340362160604,294.5729952213109
2022-12-06,296.37625,1071,296.8479911395428,294.5247750290185
2022-12-07,296.10822,1072,297.2116501187045,294.47775114713573
2022-12-08,296.438,1073,297.2043259097837,294.4319372583702
2022-12-09,296.53818,1074,296.81749749609685,294.38734669335355
2022-12-10,295.693,1075,296.1557723765903,294.3439924267622
2022-12-11,295.50528,1076,295.39925484633824,294.3018870735426
2022-12-12,295.9146,1077,294.7391688040155,294.26104288524044
2022-12-13,296.83075,1078,294.30796655382335,294.22147174643555
2022-12-14,294.72177,1079,294.1278171512608,294.1831851712841
2022-12-15,293.13095,1080,294.0961544455755,294.14619430016813
2022-12-16,293.5894,1081,294.01528628840384,294.1105098964541
2022-12-17,290.76392,1082,293.6585375826422,294.0761423433609
2022-12-18,289.93863,1083,292.85273057244433,294.0431016409387
2022-12-19,292.57568,1084,291.5502777072144,294.0113974031591
2022-12-20,292.78534,1085,289.8661876815037,293.9810388551179
2022-12-21,289.59167,1086,288.06553251288585,293.95203483035067
2022-12-22,292.03036,1087,286.5023274716549,293.9243937682625
2022-12-23,282.23907,1088,285.52646037545236,293.8981237116723
2022-12-24,280.1699,1089,285.3861456868887,293.8732323044727
2022-12-25,284.01105,1090,286.1556894438125,293.8497267894057
2022-12-26,290.85815,1091,287.7111584965082,293.82761400595524
2022-12-27,290.17148,1092,289.761979556238,293.8069003883573
2022-12-28,292.51996,1093,291.9291484145898,293.7875919637274
2022-12-29,294.87906,1094,293.84620241532934,293.7696943503071
2022-12-30,295.15836,1095,295.2521517833447,293.7532127558291
2022-12-31,294.91882,1096,296.04849235150164,293.7381519760022
2023-01-01,295.69568,1097,296.30430561809084,293.7245163931154
2023-01-02,296.60126,1098,296.2103925188263,293.7123099747631
2023-01-03,297.88495,1099,295.99978883691153,293.70153627269076
2023-01-04,295.33743,1100,295.86244305963896,293.69219842176096
2023-01-05,294.5221,1101,295.88286532481,293.68429913904174
2023-01-06,295.34735,1102,296.0209055733692,293.6778407230158
2023-01-07,296.3531,1103,296.1404858538769,293.6728250529114
2023-01-08,295.82498,1104,296.0743549015608,293.6692535881562
2023-01-09,295.62595,1105,295.70049010384105,293.6671273679521
2023-01-10,296.13345,1106,295.00189905382734,293.666447010973
2023-01-11,295.77454,1107,294.0875818207803,293.6672127151848
2023-01-12,295.1277,1108,293.16621313866824,293.6694242577878
2023-01-13,290.33054,1109,292.48090349798224,293.6730809952815
2023-01-14,288.69852,1110,292.22736036267145,293.67818186365196
2023-01-15,291.64407,1111,292.48401932962463,293.68472537868115
2023-01-16,294.6785,1112,293.1790295570124,293.69270963637905
2023-01-17,294.8072,1113,294.10657516300984,293.70213231353756
2023-01-18,296.94598,1114,294.9881433066457,293.7129906684065
2023-01-19,295.03534,1115,295.55883171539614,293.7252815414915
2023-01-20,295.30334,1116,295.6500055230374,293.73900135647307
2023-01-21,295.9893,1117,295.2406391682671,293.75414612124746
2023-01-22,293.6501,1118,294.4602038248353,293.77071142908824
2023-01-23,291.40042,1119,293.54238622796134,293.78869245992826
2023-01-24,296.49472,1120,292.7456024492009,293.8080839817626
2023-01-25,292.00607,1121,292.267455424154,293.82888035217053
2023-01-26,288.88004,1122,292.1821287536489,293.85107551995765
2023-01-27,289.56598,1123,292.4215946926626,293.87466302691644
2023-01-28,294.3916,1124,292.8062713754499,293.89963600970526
2023-01-29,296.59012,1125,293.1136860516024,293.92598720184594
2023-01-30,296.44946,1126,293.16070218615573,293.95370893583754
2023-01-31,294.3889,1127,292.8704291275346,293.98279314538775
2023-02-01,288.47717,1128,292.3005453860286,294.0132313677598
2023-02-02,289.37143,1129,291.6234230584121,294.04501474623487
2023-02-03,288.60382,1130,291.0653459108122,294.07813403268955
2023-02-04,289.44894,1131,290.82636464873275,294.11257959028626
2023-02-05,292.2041,1132,291.008983397421,294.1483413962775
2023-02-06,293.7558,1133,291.580652085653,294.18540904492244
2023-02-07,295.9828,1134,292.38313690057356,294.22377175051435
2023-02-08,295.4746,1135,293.18546422271135,294.2634183505193
2023-02-09,294.5677,1136,293.7620243487544,294.3043373088239
2023-02-10,291.01376,1137,293.96883613648794,294.3465167190921
2023-02-11,288.8629,1138,293.7918462686059,294.38994430822976
2023-02-12,289.20987,1139,293.35106774193594,294.4346074399554
2023-02-13,292.54147,1140,292.85978548347447,294.4804931184775
2023-02-14,297.19794,1141,292.55351923694,294.5275879922757
2023-02-15,298.42056,1142,292.6135288802239,294.5758783579856
2023-02-16,296.80643,1143,293.1109202802777,294.62535016438636
2023-02-17,290.51593,1144,293.9895579540985,294.6759890164891
2023-02-18,290.32547,1145,295.0919401146985,294.7277801797254
2023-02-19,294.82205,1146,296.21702778338835,294.7807085842349
2023-02-20,297.21823,1147,297.1881586580232,294.83475882924984
2023-02-21,297.06763,1148,297.9064292552318,294.88991518757666
2023-02-22,300.73755,1149,298.37114907726504,294.946161610172
2023-02-23,300.87552,1150,298.6617666842171,295.00348173081255
2023-02-24,298.94293,1151,298.89028046503523,295.06185887085735
2023-02-25,297.86685,1152,299.1441776705894,295.12127604410057
2023-02-26,299.17838,1153,299.4433144273881,295.1817159617143
2023-02-27,299.80392,1154,299.728584952707,295.2431610372789
2023-02-28,300.14023,1155,299.8877456993676,295.3055933919006
2023-03-01,300.6457,1156,299.8089571843063,295.3689948594131
2023-03-02,298.98248,1157,299.4410149714715,295.4333469916641
2023-03-03,297.58725,1158,298.8353229545732,295.49863106388307
2023-03-04,296.06268,1159,298.15015904457994,295.56482808012925
2023-03-05,297.55334,1160,297.61102376999423,295.63191877881957
2023-03-06,299.5913,1161,297.43728014807976,295.69988363833284
2023-03-07,299.93823,1162,297.75899721608084,295.7687028826901
2023-03-08,299.359,1163,298.55376071862645,295.83835648730917
2023-03-09,299.38614,1164,299.6286843103515,295.9088241848309
2023-03-10,299.43457,1165,300.65900522365143,295.9800854710166
2023-03-11,299.55194,1166,301.27587151550443,296.05211961071444
2023-03-12,301.59982,1167,301.1785131444636,296.12490564389236
2023-03-13,298.9899,1168,300.235996501729,296.1984223917374
2023-03-14,295.5454,1169,298.5449267086325,296.2726484628178
2023-03-15,297.20456,1170,296.4218521186582,296.34756225930744
2023-03-16,300.30728,1171,294.32902705316206,296.4231419832704
2023-03-17,296.56427,1172,292.7532739852599,296.49936564300333
2023-03-18,291.85468,1173,292.0730837767861,296.57621105943474
2023-03-19,286.20038,1174,292.45366874163295,296.65365587257816
2023-03-20,290.0985,1175,293.8017684330155,296.73167754803865
2023-03-21,297.0132,1176,295.79398303298547,296.81025338356955
2023-03-22,299.5381,1177,297.9699531374654,296.8893605156782
2023-03-23,300.27246,1178,299.8619505908267,296.9689759262788
2023-03-24,302.38007,1179,301.12165639969817,297.04907644938976
2023-03-25,301.95013,1180,301.6064404122956,297.1296387778747
2023-03-26,302.41513,1181,301.40071113444384,297.21063947022395
2023-03-27,301.93542,1182,300.76852003339303,297.2920549573757
2023-03-28,299.80383,1183,300.0549392460082,297.3738615495737
2023-03-29,295.35364,1184,299.5690253542796,297.4560354432604
2023-03-30,298.2666,1185,299.4857382910562,297.5385527280034
2023-03-31,301.17032,1186,299.79683980597576,297.62138939345243
2023-04-01,300.64087,1187,300.3242146381558,297.7045213363259
2023-04-02,301.16556,1188,300.7887813146446,297.78792436742435
2023-04-03,301.68033,1189,300.9107493578209,297.87157421866874
2023-04-04,301.96753,1190,300.50787837846786,297.9554465501618
2023-04-05,302.26337,1191,299.5602120005816,298.0395169572707
2023-04-06,296.46973,1192,298.2215264611467,298.1237609777274
2023-04-07,292.87534,1193,296.77533534202905,298.2081540987474
2023-04-08,294.08667,1194,295.5509028461142,298.2926717641615
2023-04-09,295.4088,1195,294.8267374403565,298.37728938156164
2023-04-10,296.89877,1196,294.75187865267884,298.4619823294562
2023-04-11,295.72183,1197,295.30844824871696,298.5467259644345
2023-04-12,296.7547,1198,296.3250217747219,298.6314956283372
2023-04-13,297.32986,1199,297.53413381551695,298.7162666554311
2023-04-14,299.60596,1200,298.653922374681,298.80101437958666
2023-04-15,300.59906,1201,299.46760921307015,298.8857141414546
2023-04-16,298.33807,1202,299.87682585478024,298.9703412956416
2023-04-17,296.7538,1203,299.91451300570503,299.054871217881
2023-04-18,299.55734,1204,299.7167298977802,299.1392793121983
2023-04-19,299.96332,1205,299.4656505540571,299.22354101806764
2023-04-20,301.17532,1206,299.3242157933944,299.30763181755833
2023-04-21,301.00412,1207,299.3840357179998,299.3915272424689
2023-04-22,299.06094,1208,299.6422856732578,299.4752028814467
2023-04-23,301.65683,1209,300.0128310564051,299.5586343870911
2023-04-24,297.6239,1210,300.3653251228276,299.64179748303764
2023-04-25,298.93542,1211,300.5773058855561,299.72466797102214
2023-04-26,300.81348,1212,300.5809997855288,299.80722173792157
2023-04-27,301.21017,1213,300.3893439672054,299.88943476277035
2023-04-28,302.15353,1214,300.0933761181623,299.97128312374986
2023-04-29,299.10574,1215,299.8328559742067,300.0527430051489
2023-04-30,298.92526,1216,299.75053799518696,300.1337907042939
2023-05-01,299.17133,1217,299.9452600695688,300.21440263844505
2023-05-02,301.2889,1218,300.4386914667324,300.29455535165886
2023-05-03,301.55557,1219,301.1656314890592,300.374225521613
2023-05-04,302.03186,1220,301.99003459004547,300.4533899663924
2023-05-05,303.13376,1221,302.7410526730232,300.53202565123473
2023-05-06,303.25113,1222,303.257776180731,300.6101096952328
2023-05-07,302.56314,1223,303.4295607278687,300.68761937799223
2023-05-08,302.1531,1224,303.2210718563665,300.7645321462429
2023-05-09,302.16104,1225,302.6764286495431,300.84082562040066
2023-05-10,303.10434,1226,301.9032172450258,300.91647760107986
2023-05-11,302.6346,1227,301.0426556223417,300.9914660755524
2023-05-12,301.50882,1228,300.23528191520444,301.065769224153
2023-05-13,297.9741,1229,299.59157770480806,301.139365426628
2023-05-14,297.61386,1230,299.1742925671447,301.2122332684265
2023-05-15,298.8066,1231,298.9950400698988,301.2843515469313
2023-05-16,299.3121,1232,299.0234412748735,301.35569927762833
2023-05-17,299.23117,1233,299.2039798969427,301.42625570021255
2023-05-18,300.63223,1234,299.4745380060428,301.4960002846286
2023-05-19,300.89957,1235,299.7813411679749,301.5649127370448
2023-05-20,298.66846,1236,300.0871922487515,301.6329730057576
2023-05-21,299.65228,1237,300.3725161346829,301.7001612870268
2023-05-22,301.00363,1238,300.63097902174854,301.766458030837
2023-05-23,300.8132,1239,300.86267638206414,301.8318439465871
2023-05-24,301.1104,1240,301.0679224263822,301.8963000087028
2023-05-25,301.49713,1241,301.2437488357454,301.9598074621724
2023-05-26,301.8832,1242,301.383819266963,302.02234782800457
2023-05-27,301.57336,1243,301.48112916010405,302.0839029086047
2023-05-28,300.58752,1244,301.5319968432723,302.14445479307045
2023-05-29,301.00348,1245,301.53963545530996,302.20398586240276
2023-05-30,301.68875,1246,301.515959345558,302.26247879463284
2023-05-31,302.583,1247,301.48099274015556,302.3199165698626
2023-06-01,301.91492,1248,301.4600301246046,302.37628247521656
2023-06-02,301.14734,1249,301.479313700527,302.4315601097051
2023-06-03,300.75858,1250,301.5613162253354,302.4857333889968
2023-06-04,301.09488,1251,301.7207309477821,302.5387865500982
2023-06-05,302.34805,1252,301.96203480870133,302.5907041559409
2023-06-06,303.0831,1253,302.27909899485195,302.6414710998729
2023-06-07,302.89337,1254,302.6568628285228,302.6910726100545
2023-06-08,302.36462,1255,303.07464010246713,302.7394942537564
2023-06-09,304.0251,1256,303.51026132284653,302.78672194155934
2023-06-10,303.61642,1257,303.94404181256834,302.83274193145365
2023-06-11,304.1133,1258,304.36157136570347,302.87754083283784
2023-06-12,304.719,1259,304.7545865279937,302.92110561041494
2023-06-13,305.24573,1260,305.11969276674716,302.9634235879854
2023-06-14,305.44412,1261,305.4553495117837,303.0044824521355
2023-06-15,305.69223,1262,305.7581383534494,303.04427025582044
2023-06-16,306.5964,1263,306.0196927679271,303.0827754218402
2023-06-17,306.38678,1264,306.2256061351409,303.1199867462086
2023-06-18,306.0975,1265,306.35710030535074,303.1558934014132
2023-06-19,306.11676,1266,306.39534072099235,303.1904849395657
2023-06-20,305.7678,1267,306.32729191442087,303.2237512954422
2023-06-21,306.61298,1268,306.15126566166236,303.2556827894119
2023-06-22,305.6769,1269,305.8801314808909,303.2862701302535
2023-06-23,305.58734,1270,305.5406821905725,303.31550441785873
2023-06-24,305.48715,1271,305.1687819551808,303.3433771458221
2023-06-25,304.87946,1272,304.8013389197353,303.36988020391607
2023-06-26,304.50067,1273,304.46736366938,303.3950058804507
2023-06-27,304.76935,1274,304.1809388722654,303.41874686451786
2023-06-28,304.08273,1275,303.93856272987585,303.44109624811824
2023-06-29,302.8979,1276,303.7220743653866,303.46204752817164
2023-06-30,302.1814,1277,303.5065818538356,303.48159460840884
2023-07-01,303.23553,1278,303.27107439642873,303.49973180114597
2023-07-02,303.54407,1279,303.00832086968035,303.5164538289389
2023-07-03,303.2754,1280,302.73066179514456,303.53175582611925
2023-07-04,303.6927,1281,302.4694616283109,303.54563334021014
2023-07-05,303.6635,1282,302.26797236291003,303.5580823332214
2023-07-06,300.8168,1283,302.1695292070661,303.56909918282497
2023-07-07,300.17065,1284,302.2046186944125,303.5786806834086
2023-07-08,301.9221,1285,302.3808526731815,303.58682404700875
2023-07-09,303.29535,1286,302.6790427673028,303.59352690412163
2023-07-10,303.10626,1287,303.05665187106786,303.59878730439294
2023-07-11,304.122,1288,303.45753858587824,303.60260371718516
2023-07-12,304.60892,1289,303.8249123813971,303.6049750320229
2023-07-13,304.3111,1290,304.1134724983685,303.6059005589162
2023-07-14,303.90378,1291,304.29713907980897,303.6053800285612
2023-07-15,304.44116,1292,304.3704395321713,303.6034135924185
2023-07-16,304.01324,1293,304.3438880322958,303.60000182266907
2023-07-17,303.53632,1294,304.2357668806095,303.5951457120478
2023-07-18,303.8448,1295,304.06383350023776,303.58884667355454
2023-07-19,303.537,1296,303.84023561140623,303.5811065400432
2023-07-20,303.77652,1297,303.57142298736034,303.5719275636881
2023-07-21,303.99612,1298,303.26267348383266,303.561312415329
2023-07-22,303.9172,1299,302.92484353696227,303.5492641836936
2023-07-23,303.291,1300,302.5798992270904,303.535786374499
2023-07-24,301.03204,1301,302.26212167538154,303.52088290943186
2023-07-25,301.1422,1302,302.0135196221305,303.50455812500667
2023-07-26,301.98877,1303,301.8743224801486,303.48681677130463
2023-07-27,302.2183,1304,301.8715731498459,303.4676640105909
2023-07-28,301.2345,1305,302.00993395043525,303.4471054158131
2023-07-29,302.23032,1306,302.2683735401732,303.42514696897916
2023-07-30,302.43997,1307,302.6045026781618,303.4017950594171
2023-07-31,304.49127,1308,302.96562186231154,303.3770564819158
2023-08-01,304.34338,1309,303.30302496336225,303.3509384347479
2023-08-02,303.0902,1310,303.5847384303519,303.3234485175751
2023-08-03,302.87198,1311,303.80224138885507,303.29459472923736
2023-08-04,303.28134,1312,303.96875424684526,303.2643854654249
2023-08-05,303.70993,1313,304.1097105444063,303.23282951623537
2023-08-06,304.61682,1314,304.2489424773621,303.19993606361663
2023-08-07,304.59833,1315,304.395811211292,303.1657146786944
2023-08-08,304.8385,1316,304.53830560413513,303.13017531898794
2023-08-09,304.7994,1317,304.6450155476114,303.093328325512
2023-08-10,304.8505,1318,304.6755805068409,303.05518441976847
2023-08-11,304.9016,1319,304.5959246503885,303.0157547006264
2023-08-12,304.48505,1320,304.3925705286962,302.97505064109254
2023-08-13,303.62067,1321,304.0804024892331,302.933084084973
2023-08-14,303.4827,1322,303.70049859061044,302.8898672434272
2023-08-15,302.1705,1323,303.30831252996853,302.84541269141437
2023-08-16,303.21744,1324,302.9562337263805,302.799733364035
2023-08-17,303.6062,1325,302.6769505805849,302.7528425527667
2023-08-18,302.94086,1326,302.47409211970626,302.70475390159703
2023-08-19,302.2861,1327,302.3241688039218,302.6554814030532
2023-08-20,301.23264,1328,302.1896623954326,302.6050393941308
2023-08-21,301.97107,1329,302.0387178292449,302.55344255212214
2023-08-22,303.83328,1330,301.8639374082464,302.50070589034516
2023-08-23,300.5508,1331,301.69250017475207,302.44684475377557
2023-08-24,301.7861,1332,301.5825273762922,302.39187481458146
2023-08-25,300.79303,1333,301.60548700578886,302.335812067563
2023-08-26,300.68494,1334,301.819802489924,302.2786728254988
2023-08-27,302.13983,1335,302.24472417497043,302.22047371439896
2023-08-28,304.42072,1336,302.8443691418408,302.1612316686676
2023-08-29,304.91962,1337,303.52908363644667,302.10096392617515
2023-08-30,303.92722,1338,304.17566679852575,302.0396880232427
2023-08-31,304.1674,1339,304.66134659590614,301.97742178953956
2023-09-01,304.259,1340,304.9010506178208,301.91418334289494
2023-09-02,304.3705,1341,304.8754816493248,301.84999108402644
2023-09-03,304.2624,1342,304.63974403007467,301.78486369118576
2023-09-04,304.354,1343,304.3082574872857,301.718820114724
2023-09-05,304.31628,1344,304.0195598097479,301.65187957157735
2023-09-06,304.577,1345,303.8916873309509,301.58406153967576
2023-09-07,304.47955,1346,303.9826123875618,301.51538575227505
2023-09-08,304.59106,1347,304.2692186852531,301.44587219221546
2023-09-09,304.2242,1348,304.65262242885973,301.37554108610664
2023-09-10,304.51553,1349,304.9890505230642,301.3044128984429
2023-09-11,304.72653,1350,305.13681244982183,301.232508325648
2023-09-12,304.34976,1351,305.00413716398276,301.1598482900532
2023-09-13,304.54153,1352,304.58188126383175,301.08645393380976
2023-09-14,304.5834,1353,303.94978070650967,301.0123466127366
2023-09-15,304.49655,1354,303.2535785637273,300.9375478901067
2023-09-16,303.19427,1355,302.66015050079864,300.8620795303726
2023-09-17,301.3056,1356,302.3053279635499,300.7859634928335
2023-09-18,300.97995,1357,302.25182133636247,300.70922192524586
2023-09-19,303.05112,1358,302.4714284346491,300.63187715737865
2023-09-20,303.22302,1359,302.8575633315263,300.5539516945164
2023-09-21,303.1753,1360,303.26377980769524,300.47546821091044
2023-09-22,303.48648,1361,303.5549465068549,300.3964495431814
2023-09-23,303.71674,1362,303.6532214780088,300.31691868367443
2023-09-24,303.35126,1363,303.5626326331102,300.2368987737688
2023-09-25,303.44287,1364,303.3634390157964,300.1564130971447
2023-09-26,303.47473,1365,303.17805910611384,300.07548507300805
2023-09-27,303.70633,1366,303.12054862642884,299.9941382492762
2023-09-28,302.86252,1367,303.2477940937326,299.9123962957262
2023-09-29,303.31305,1368,303.5304830952753,299.83028299710725
2023-09-30,303.42386,1369,303.855389958615,299.7478222462204
2023-10-01,303.86444,1370,304.0596935304932,299.665038036966
2023-10-02,303.7776,1371,303.98660075686786,299.5819544573622
2023-10-03,303.60977,1372,303.5434816413064,299.4985956825362
2023-10-04,303.19455,1373,302.7419585052252,299.41498596768946
2023-10-05,303.33655,1374,301.70475585083045,299.3311496410406
2023-10-06,300.3227,1375,300.6349797539777,299.24711109674627
2023-10-07,299.798,1376,299.7562841187774,299.1628947878029
2023-10-08,297.3826,1377,299.2427573813009,299.07852521893193
2023-10-09,299.77222,1378,299.1616947161495,298.9940269394494
2023-10-10,297.88422,1379,299.44903824048095,298.9094245361226
2023-10-11,298.12573,1380,299.92707790865677,298.82474262601625
2023-10-12,302.99326,1381,300.36023973726134,298.7400058493293
2023-10-13,304.6379,1382,300.5319578568715,298.6552388622256
2023-10-14,300.7092,1383,300.3180347102487,298.5704663296593
2023-10-15,298.07486,1384,299.732189924347,298.4857129181982
2023-10-16,296.7335,1385,298.9277747871341,298.4010032888463
2023-10-17,295.26276,1386,298.15335418064353,298.3163620898682
2023-10-18,296.65863,1387,297.674679416973,298.2318139496171
2023-10-19,299.68515,1388,297.6867292806693,298.14738346936855
2023-10-20,301.41934,1389,298.243352824386,298.0630952161621
2023-10-21,300.91385,1390,299.2272882141405,297.978973715653
2023-10-22,300.24985,1391,300.37137545978237,297.8950434449759
2023-10-23,300.8184,1392,301.32632049666483,297.81132882562264
2023-10-24,300.6022,1393,301.75618548682996,297.72785421633625
2023-10-25,298.01694,1394,301.4342273648531,297.64464390602296
2023-10-26,298.88403,1395,300.3113502937171,297.5617221066853
2023-10-27,299.02603,1396,298.5372958569322,297.4791129463764
2023-10-28,299.15744,1397,296.42829216544874,297.3968404621799
2023-10-29,299.87665,1398,294.39008130269826,297.31492859321565
2023-10-30,292.01657,1399,292.81755774973794,297.23340117367377
2023-10-31,287.63013,1400,291.9982127721696,297.1522819258799
2023-11-01,290.25,1401,292.04473647717407,297.0715944533924
2023-11-02,293.2566,1402,292.87336382132884,296.99136223413444
2023-11-03,295.8559,1403,294.2316866975238,296.9116086135627
2023-11-04,296.7137,1404,295.7665016763216,296.83235679787396
2023-11-05,296.7456,1405,297.11244327120426,296.7536298472533
2023-11-06,296.8969,1406,297.9780744906273,296.6754506691638
2023-11-07,297.42636,1407,298.20839095708004,296.5978420116813
2023-11-08,298.2636,1408,297.81017698719666,296.5208264568751
2023-11-09,299.17117,1409,296.9368962891367,296.44442641423734
2023-11-10,297.173,1410,295.8399158605875,296.3686641141624
2023-11-11,292.89536,1411,294.8003393221543,296.29356160147836
2023-11-12,292.49008,1412,294.0590443999201,296.2191407290327
2023-11-13,293.4169,1413,293.76138799790715,296.1454231513335
2023-11-14,294.34436,1414,293.9282708833614,296.07243031824856
2023-11-15,294.76434,1415,294.4583610444698,296.0001834687645
2023-11-16,295.3727,1416,295.1590029383441,295.92870362480596
2023-11-17,295.53397,1417,295.7972338332022,295.8580115851195
2023-11-18,296.78918,1418,296.1584704721032,295.7881279192215
2023-11-19,296.35266,1419,296.0993467416642,295.7190729614126
2023-11-20,298.29446,1420,295.5828806508116,295.6508668048617
2023-11-21,294.40558,1421,294.6881950232328,295.58352929575864
2023-11-22,289.12286,1422,293.5926315230654,295.5170800275399
2023-11-23,289.43338,1423,292.53023696521143,295.45153833518737
2023-11-24,293.37543,1424,291.7360580088772,295.3869232896022
2023-11-25,295.29666,1425,291.3892537580543,295.32325369205597
2023-11-26,295.35837,1426,291.56876988557593,295.26054806871974
2023-11-27,290.66278,1427,292.2327813288032,295.19882466527366
2023-11-28,289.07193,1428,293.2276234864546,295.13810144159766
2023-11-29,292.51642,1429,294.3246329282759,295.0783960665459
2023-11-30,296.25937,1430,295.27599199231435,295.0197259128055
2023-12-01,298.46988,1431,295.87532699654497,294.96210805184137
2023-12-02,298.22244,1432,296.00710727648476,294.9055592489292
2023-12-03,294.1929,1433,295.67158335843817,294.8500959582769
2023-12-04,292.68167,1434,294.9785861399174,294.79573431823707
2023-12-05,294.1558,1435,294.1122556316983,294.742490146611
2023-12-06,292.40573,1436,293.2771545759292,294.6903789360462
2023-12-07,291.9188,1437,292.64167589247626,294.6394158495286
2023-12-08,294.95526,1438,292.2953789981431,294.58961571597007
2023-12-09,296.3889,1439,292.2325096234357,294.5409930258941
2023-12-10,291.45377,1440,292.36571597974137,294.49356192721916
2023-12-11,288.63895,1441,292.5644162316863,294.44733622114217
2023-12-12,290.74994,1442,292.7044614582459,294.40232935812253
2023-12-13,292.96973,1443,292.71225675537335,294.35855443396855
2023-12-14,292.59225,1444,292.5885677515469,294.3160241860269
2023-12-15,294.89233,1445,292.4042443535624,294.2747509894762
2023-12-16,293.79834,1446,292.2697550622335,294.2347468537267
2023-12-17,292.2168,1447,292.28951004014596,294.196023418925
2023-12-18,291.71988,1448,292.51735200454,294.1585919525679
2023-12-19,291.94876,1449,292.92939763700304,294.12246334622336
2023-12-20,293.1237,1450,293.4245865124985,294.0876481123614
2023-12-21,293.84082,1451,293.8537453916848,294.0541563812957
2023-12-22,293.4932,1452,294.067934669499,294.0219978982351
2023-12-23,293.20526,1453,293.9697819156599,293.99118202044883
2023-12-24,294.9872,1454,293.5499406183769,293.96171771454334
2023-12-25,294.16125,1455,292.8954104373055,293.9336135538534
2023-12-26,291.55472,1456,292.165772297582,293.90687771594736
2023-12-27,292.32095,1457,291.5443217383079,293.8815179802479
2023-12-28,291.9826,1458,291.1799007081886,293.8575417257682
2023-12-29,288.65955,1459,291.13885626023705,293.8349559289651
2023-12-30,289.98373,1460,291.3836385259936,293.8137671617087
2023-12-31,292.06284,1461,291.78594654035027,293.7939815893708
